Class,Tab,Type,Name,ID,Description,RequiredLevel,RequiredClassAEInvestment,RequiredTabAEInvestment,RequiredClassPoints,RequiredAEInvestment,RequiredClassTEInvestment,RequiredTabTEInvestment,RequiredTEInvestment
DeathKnight,Blood,Ability,"Blood Boil",48721,"Boils the blood of all enemies within 10 yards, dealing 42 to 51 Shadow damage.  Deals additional damage to targets infected with Blood Plague or Frost Fever.",16,0,0,12,14,0,0,0
DeathKnight,Blood,Ability,"Blood Presence",48266,"Strengthens you with the presence of blood, increasing damage by 2% and heals you for 2% of your damage dealt.    Only one Presence may be active at a time.    Heals up to a maximum of 5% of your health per hit.",1,0,0,0,0,0,0,0
DeathKnight,Blood,Ability,"Blood Strike",45902,"Instantly strike the enemy, causing 40% weapon damage plus 12, total damage increased by 12.5% for each of your diseases on the target.",1,0,0,0,0,0,0,0
DeathKnight,Blood,Ability,"Blood Tap",45529,"Immediately activates a Blood Rune and converts it into a Death Rune for the next 20 sec.  Death Runes count as a Blood, Frost or Unholy Rune.",18,0,0,26,16,0,0,0
DeathKnight,Blood,Ability,"Dancing Rune Weapon",49028,"Summons a second rune weapon that fights on its own for 8 sec, doing the same attacks as you but for 75% reduced damage.",40,0,0,40,38,0,15,30
DeathKnight,Blood,Ability,"Death Pact",48743,"Sacrifices an undead minion, healing you for 20% of its maximum health.",22,0,0,32,20,0,0,0
DeathKnight,Blood,Ability,"Heart Strike",55050,"Instantly strike the target and his nearest ally, causing 50% weapon damage plus 69 on the primary target, and 25% weapon damage plus 35 on the secondary target.  Each target takes 10% additional damage for each of your diseases active on that target.",36,0,0,0,34,0,12,27
DeathKnight,Blood,Ability,"Hysteria",49016,"Induces a friendly unit into a killing frenzy for 30 sec. The target is Enraged, which increases their physical damage by 15%, but causes them to lose health equal to 1% of their maximum health every second.",30,0,0,40,28,0,9,21
DeathKnight,Blood,Ability,"Mark of Blood",49005,"Place a Mark of Blood on an enemy.  Whenever the marked enemy deals damage to a target, that target is healed for 4% of its maximum health.  Lasts for 20 sec or up to 20 hits.",22,0,0,32,20,0,6,12
DeathKnight,Blood,Ability,"Pestilence",50842,"Spreads existing Blood Plague and Frost Fever infections from your target to all other enemies within 10 yards.",10,0,0,2,8,0,0,0
DeathKnight,Blood,Ability,"Presence Mastery",92418,"You gain Presence Mastery when learning any Presence Spell.     This Mastery automatically unlocks Presence Spells when you reach their Class Point requirements at no additional ability essence cost.   Blood Presence Strengthens you with the presence of blood. Increasing damage done and healing from damage dealt.   Frost Presence You take on the presence of frost taking less damage, increasing stamina, armor contribution from your items, and increases threat generated.   Unholy Presence Infuses you with unholy fury, increasing attack and movement speed, and reduces the global cooldown of Death Knight abilities.    Dark Command Taunts an enemy target, forcing them to attack you.",1,0,0,0,0,0,0,0
DeathKnight,Blood,Ability,"Rune of Cinderglacier",53341,"Affixes your rune weapon with a rune that has a chance to cause your target to take 20% increased Frost and Shadow damage from you.  Requires a Rune Forge.",20,0,0,32,18,0,0,0
DeathKnight,Blood,Ability,"Rune of Lichbane",53331,"Affixes your rune weapon with a rune that adds 2% extra weapon damage as Fire damage or 4% versus Undead targets.     Requires a Rune Forge.",20,0,0,32,18,0,0,0
DeathKnight,Blood,Ability,"Rune of Razorice",53343,"Affixes your weapon with a rune that causes 2% extra weapon damage as Frost damage and increases enemies' vulnerability to your Frost attacks.    Requires a Rune Forge.",20,0,0,32,18,0,0,0
DeathKnight,Blood,Ability,"Rune of Spellbreaking",54447,"Affixes your one-handed rune weapon with a rune that deflects 2% of all spell damage and reduces the duration of Silence effects by 50% (not cumulative with additional Silence duration reduction).    Requires a Rune Forge.",20,0,0,32,18,0,0,0
DeathKnight,Blood,Ability,"Rune of Spellshattering",53342,"Affixes your two-handed rune weapon with a rune that deflects 4% of all spell damage and reduces the duration of Silence effects by 50%.     Requires a Rune Forge.",20,0,0,32,18,0,0,0
DeathKnight,Blood,Ability,"Rune of Swordbreaking",54446,"Affixes your one-handed rune weapon with a rune that increases Parry chance by 2% and reduces the duration of Disarm effects by 50%.  Modifying your rune weapon requires a Rune Forge in Ebon Hold.",20,0,0,32,18,0,0,0
DeathKnight,Blood,Ability,"Rune of Swordshattering",53323,"Affixes your two-handed rune weapon with a rune that increases Parry chance by 4% and reduces the duration of Disarm effects by 50%.      Requires a Rune Forge.",20,0,0,32,18,0,0,0
DeathKnight,Blood,Ability,"Rune of the Fallen Crusader",53344,"Affixes your rune weapon with a rune that has a chance to heal you for 3% of your maximum health and increase total Strength by 15% for 15 sec.    Requires a Rune Forge.",20,0,0,32,18,0,0,0
DeathKnight,Blood,Ability,"Rune of the Nerubian Carapace",70164,"Affixes your rune weapon with a rune that increases Defense by 13 and total Stamina by 1%.    Requires a Rune Forge.",20,0,0,32,18,0,0,0
DeathKnight,Blood,Ability,"Rune of the Stoneskin Gargoyle",62158,"Affixes your two-handed rune weapon with a rune that increases Defense by 25 and total Stamina by 2%.    Requires a Rune Forge.",20,0,0,32,18,0,0,0
DeathKnight,Blood,Ability,"Rune Tap",48982,"Converts 1 Blood Rune into 10% of your maximum health.",16,0,0,14,14,0,3,6
DeathKnight,Blood,Ability,"Runeforging Mastery",53428,"You gain Runeforging Mastery when learning any Runeforge Spell.     This Mastery automatically unlocks Runeforge Spells when you reach their Class Point requirements at no additional ability essence cost.      Rune of Swordshattering Affixes your two-handed weapon with a rune that increases parry chance and reduces the duration of disarms.    Rune of Lichbane Affixes your weapon with a rune that causes you to deal Fire damage with your attacks, increased versus undead.    Rune of Cinderglacier Affixes your weapon with a rune that has a chance to increase the damage of your next 2 attacks that deal Frost or Shadow damage.    Rune of Spellshattering Affixes your two-handed weapon with a rune that deflects spell damage and reduces the duration of silence efffects.    Rune of Razorice Affixes your weapon with a rune that causes extra Frost damage when you attack and causes them to be more vulnerable to your Frost attacks.    Rune of the Fallen Crusader Affixes your weapon with a rune that has a chance to heal you and increase your Strength.    Rune of the Stoneskin Gargoyle Affixes your two-handed weapon with a rune that increases your defense and Stamina.    Rune of the Nerubian Carapace Affixes your weapon with a rune that increases your defense and Stamina.",20,0,0,17,42,0,0,0
DeathKnight,Blood,Ability,"Strangulate",47476,"Strangulates an enemy, silencing them for 5 sec.  Non-player victim spellcasting is also interrupted for 3 sec.",22,0,0,32,20,0,0,0
DeathKnight,Blood,Ability,"Vampiric Blood",55233,"Temporarily grants you 15% of your maximum health and increases the amount of health generated through your Death Knight spells and effects by 35% for 10 sec. After the effect expires, the health is lost.",34,0,0,40,32,0,9,24
DeathKnight,Blood,Talent,"Abomination's Might",53137,"Increases the attack power by 10% of party and raid members within 100 yards.      Increases your Strength by 2%.",24,0,0,0,0,0,6,15
DeathKnight,Blood,Talent,"Blade Barrier",49182,"Whenever your Blood Runes are on cooldown, you gain the Blade Barrier effect, which decreases damage taken by 5% for the next 10 sec.",10,0,0,0,0,0,0,0
DeathKnight,Blood,Talent,"Bladed Armor",48978,"Increases your melee attack power by 5 for every 250 armor value you have.",12,0,0,0,0,0,0,0
DeathKnight,Blood,Talent,"Blood Gorged",61154,"When you are above 75% health, you deal 10% more damage.  In addition, your attacks ignore up to 20% of your opponent's armor at all times.",40,0,0,0,0,0,12,30
DeathKnight,Blood,Talent,"Bloodworms",49027,"Reduces the chance you'll be critically hit by a melee and spells by 6%.    Your weapon hits have a 9% chance to cause the target to spawn 2-4 Bloodworms.  Bloodworms attack your enemies, healing you as they do damage for 20 sec or until killed.",30,0,0,0,0,0,9,21
DeathKnight,Blood,Talent,"Bloody Strikes",48977,"Increases the damage of Blood Strike by 15% and Heart Strike by 45%.    Increases the damage of Blood Boil by 30%.",22,0,0,0,0,0,6,12
DeathKnight,Blood,Talent,"Bloody Vengeance",48988,"Gives you a 3% bonus to physical damage you deal for 30 sec after dealing a critical strike from a weapon swing, spell, or ability.  This effect stacks up to 3 times.",24,0,0,0,0,0,6,15
DeathKnight,Blood,Talent,"Butchery",48979,"Whenever you kill an enemy that grants experience or honor, you generate up to 20 rage.      You generate 2 rage per 5 sec while in combat.",10,0,0,0,0,0,0,0
DeathKnight,Blood,Talent,"Dance Lessons",102215,"Increases Dancing rune weapons's damage modifier by 25% and its duration by 4 sec.",40,0,0,40,0,0,0,0
DeathKnight,Blood,Talent,"Dark Conviction",48987,"Increases your chance to critically hit with weapons, spells and abilities by 5%.",16,0,0,0,0,0,3,6
DeathKnight,Blood,Talent,"Death Rune Mastery",49467,"Whenever you hit with Death Strike or Obliterate there is a 100% chance that the Frost and Unholy Runes will become Death Runes when they activate.    Death Runes count as a Blood, Frost or Unholy Rune.",16,0,0,0,0,0,3,6
DeathKnight,Blood,Talent,"Improved Blood Presence",50365,"Healing done to you is increased by 10% in Blood Presence.    Threat caused decreased by 20% while in Blood Presence.     Capstone Bonus: Increases the healing from your Blood Presence by an additional 3%.    Increases the damage done while in Blood Presence by an additional 8%.    While in Frost Presence or Unholy Presence, you retain 2% healing from Blood Presence.",30,0,0,0,0,0,9,21
DeathKnight,Blood,Talent,"Improved Death Strike",62905,"Increases the damage of your Death Strike by 30%, increases its critical strike chance by 6%, and increases the healing granted by 50%.",34,0,0,0,0,0,9,24
DeathKnight,Blood,Talent,"Improved Rune Tap",48985,"Increases the health provided by Rune Tap by 100% and lowers its cooldown by 30 sec.",18,0,0,14,0,0,3,9
DeathKnight,Blood,Talent,"Might of Mograine",49023,"Increases the critical strike damage bonus of your Blood Boil, Blood Strike, Death Strike, and Heart Strike abilities by 45%.",36,0,0,0,0,0,12,27
DeathKnight,Blood,Talent,"Scent of Blood",49004,"You have a 15% chance after dodging, parrying or taking direct damage to gain the Scent of Blood effect, causing your next 3 melee hits to generate 10 rage.",12,0,0,0,0,0,0,0
DeathKnight,Blood,Talent,"Spell Deflection",49145,"You have a chance equal to your Parry chance of taking 45% less damage from a direct damage spell.",18,0,0,0,0,0,3,9
DeathKnight,Blood,Talent,"Subversion",48997,"Increases the critical strike chance of Blood Strike, Scourge Strike, Heart Strike and Obliterate by 9%.    Reduces all threat generated while in Blood or Unholy Presence by 25%.",10,0,0,0,0,0,0,0
DeathKnight,Blood,Talent,"Sudden Doom",49018,"Requires  Grave Coil (Rank 1)  Direct damage abilities and spells have a 9% chance to cast a free Grave Coil at your target.",34,0,0,0,0,0,9,24
DeathKnight,Blood,Talent,"Two-Handed Weapon Specialization",55107,"Increases the physical damage you deal with two-handed melee weapons by 4%.",12,0,0,0,0,0,0,0
DeathKnight,Blood,Talent,"Vendetta",49015,"Heals you for up to 6% of your maximum health whenever you kill a target that yields experience or honor.",18,0,0,0,0,0,3,9
DeathKnight,Blood,Talent,"Veteran of the Third War",49006,"Increases your total Strength by 6%, your Stamina by 3%, and your expertise by 6.",22,0,0,0,0,0,6,12
DeathKnight,Blood,Talent,"Will of the Necropolis",49189,"Damage that would take you below 35% health or taken while you are at 35% health is reduced by 15%.",36,0,0,0,0,0,12,27
DeathKnight,Frost,Ability,"Chains of Ice",45524,"Shackles the target with frozen chains, reducing their movement by 45%, and infects them with Frost Fever. The target regains 4% of their movement each second for 10 sec.",14,0,0,18,12,0,0,0
DeathKnight,Frost,Ability,"Deathchill",49796,"When activated, makes your next Icy Touch, Howling Blast, Frost Strike or Obliterate a critical hit if used within 30 sec.",22,0,0,32,20,0,6,12
DeathKnight,Frost,Ability,"Empower Rune Weapon",47568,"Empower your rune weapon, immediately activating all your runes and generating 25 rage.",30,0,0,40,28,0,0,0
DeathKnight,Frost,Ability,"Frost Presence",48263,"Increases Stamina by 4% and significantly increases threat generated.   Increases the Armor contribution Cloth, Leather, Mail and Plate items by 30%   Reduces damage taken by 2%.    Only one Presence may be active at a time.",10,0,0,8,8,0,0,0
DeathKnight,Frost,Ability,"Frost Strike",49143,"Instantly strike the enemy, causing 55% weapon damage plus 31 as Frost damage.",36,0,0,0,34,0,12,27
DeathKnight,Frost,Ability,"Horn of Winter",57330,"Increases the Strength and Agility of all party or raid members within 30 yards by 2 and generates 10 rage. Lasts 30 min.",1,0,0,4,0,0,0,0
DeathKnight,Frost,Ability,"Howling Blast",49184,"Blast the target with a frigid wind dealing 119 to 129 Frost damage to all enemies within 10 yards.",40,0,0,0,38,0,15,30
DeathKnight,Frost,Ability,"Hungering Cold",49203,"Purges the earth around the you of all heat. Enemies within 10 yards are trapped in ice, preventing them from performing any action for 10 sec and infecting them with Frost Fever. Enemies are considered Frozen, but any damage other than diseases will break the ice.",30,0,0,40,28,0,9,21
DeathKnight,Frost,Ability,"Icebound Fortitude",48792,"Freeze your blood to become immune to Stun effects and reduce all damage taken by 30% plus additional damage reduction based on Defense for 12 sec.",34,0,0,40,32,0,0,0
DeathKnight,Frost,Ability,"Icy Touch",45477,"Chills the target for 11 to 12 Frost damage and infects them with Frost Fever, a disease that deals periodic damage and reduces melee and ranged attack speed by 14% for 15 sec. Generates very high threat while in a Tank Stance.",1,0,0,0,0,0,0,0
DeathKnight,Frost,Ability,"Improved Icy Talons",55610,"Increases the melee haste of all party and raid members within 100 yds by 20%.    Increases your melee and ranged haste by an additional 5%.",24,0,0,0,22,0,6,15
DeathKnight,Frost,Ability,"Lichborne",49039,"Draw upon unholy energy to become undead for 10 sec.  While undead, you are immune to Charm, Fear and Sleep effects.",16,0,0,23,14,0,3,6
DeathKnight,Frost,Ability,"Mind Freeze",47528,"Smash the target's mind with cold, interrupting spellcasting and preventing any spell in that school from being cast for 4 sec.    This ability shares a cooldown with other interrupts.",14,0,0,20,12,0,0,0
DeathKnight,Frost,Ability,"Obliterate",49020,"A brutal instant attack that deals 80% weapon damage plus 28, total damage increased 12.5% per each of your diseases on the target, but consumes the diseases.",20,0,0,5,18,0,0,0
DeathKnight,Frost,Ability,"Path of Frost",3714,"Surrounds the caster with a freezing aura beneath her feet, allowing her and her party or raid to walk on water for 10 min. Works while mounted. Any damage will cancel the effect.",30,0,0,8,28,0,0,0
DeathKnight,Frost,Ability,"Rune Strike",56815,"Strike the target for 150% weapon damage plus 2. Only usable after you dodge or parry an attack. Can't be dodged, blocked, or parried. This attack causes a high amount of threat.",32,0,0,9,30,0,0,0
DeathKnight,Frost,Ability,"Threat of Thassarian",65661,"When dual-wielding your, Plague Strike, Death Strike, Blood Strike, Frost Strike, Obliterate and Rune Strike hits also strike with your off-hand weapon.",34,0,0,32,0,0,9,24
DeathKnight,Frost,Ability,"Unbreakable Armor",51271,"Reinforces your armor with a thick coat of ice, increasing your armor by 25% and increasing your Strength by 20% for 20 sec.",34,0,0,40,32,0,9,24
DeathKnight,Frost,Talent,"Acclimation",49200,"When you are hit by a spell, you have a 30% chance to boost your resistance to that type of magic for 18 sec.  Stacks up to 3 times.",36,0,0,0,0,0,12,27
DeathKnight,Frost,Talent,"Annihilation",51468,"Increases your critical strike chance by 3%.      Your Obliterate will do its damage without consuming diseases.",16,0,0,0,0,0,3,6
DeathKnight,Frost,Talent,"Black Ice",49140,"Increases your Frost damage by 10%.    Increases your Shadow damage by 5%.",12,0,0,0,0,0,0,0
DeathKnight,Frost,Talent,"Blood of the North",54639,"Increases Blood Strike and Frost Strike damage by 10%.      Whenever you hit with Blood Strike or Pestilence there is a 100% chance that the Blood Rune will become a Death Rune when it activates.      Death Runes count as a Blood, Frost or Unholy Rune.",34,0,0,0,0,0,9,24
DeathKnight,Frost,Talent,"Chilblains",50040,"Victims of your Frost Fever disease are Chilled, reducing movement speed by 50% for 10 sec.",30,0,0,0,0,0,9,21
DeathKnight,Frost,Talent,"Chill of the Grave",49149,"Your Chains of Ice, Howling Blast, Icy Touch and Obliterate generate 5.0 additional rage.",18,0,0,0,0,0,3,9
DeathKnight,Frost,Talent,"Endless Winter",49137,"Your strength is increased by 4%.    The cost of your Mind Freeze is reduced by 20 rage.",18,0,0,0,0,0,3,9
DeathKnight,Frost,Talent,"Fortified Frost Presence",102391,"While Frost Presence is active, its Stamina bonus is increased by 4%, Armor contribution from Cloth, Leather, Mail and Plate is increased by 30%, and damage taken is reduced by an additional 4%.",30,0,0,40,0,0,0,0
DeathKnight,Frost,Talent,"Frigid Dreadplate",49186,"Reduces the chance melee attacks will hit you by 3%.",22,0,0,0,0,0,6,12
DeathKnight,Frost,Talent,"Glacier Rot",49471,"Diseased enemies take 20% more damage from your Icy Touch, Howling Blast and Frost Strike.",22,0,0,0,0,0,6,12
DeathKnight,Frost,Talent,"Guile of Gorefiend",50187,"Increases the critical strike damage bonus of your Blood Strike, Frost Strike, Howling Blast and Obliterate abilities by 45%.    Increases the duration of your Icebound Fortitude by 6 secs.",36,0,0,0,0,0,12,27
DeathKnight,Frost,Talent,"Icy Reach",55061,"Increases the range of your damaging spells by 6 yards, and the range of your Icy Touch, Chains of Ice, and Howling Blast by an additional 4 yards.    This does not stack with other similar effects.",12,0,0,0,0,0,0,0
DeathKnight,Frost,Talent,"Icy Talons",50880,"You leech heat from victims of your Frost Fever, so that when their melee attack speed is reduced, yours increases by 20% for the next 20 sec.",16,0,0,0,0,0,3,6
DeathKnight,Frost,Talent,"Improved Frost Presence",50384,"While in Blood Presence or Unholy Presence, you retain 8% stamina from Frost Presence.    Damage done to you is decreased by an additional 2% in Frost Presence.",30,0,0,0,0,0,9,21
DeathKnight,Frost,Talent,"Improved Icy Touch",49175,"Your Icy Touch does an additional 15% damage and your Frost Fever reduces melee and ranged attack speed by an additional 6%.",10,0,0,0,0,0,0,0
DeathKnight,Frost,Talent,"Killing Machine",51123,"Your melee abilities have a chance to make your next Frost spell or ability guaranteed to critically strike.  Effect occurs more often than Killing Machine (Rank 4).",18,0,0,0,0,0,3,9
DeathKnight,Frost,Talent,"Merciless Combat",49024,"Increases damage done by all frost spells and abilities by 12% to targets under 35% health.",24,0,0,0,0,0,6,15
DeathKnight,Frost,Talent,"Nerves of Cold Steel",49226,"Increases your chance to hit by 5%.    Increases the damage done by your off-hand weapon by 33%.  Does not stack with Dual Wield Mastery",12,0,0,0,0,0,0,0
DeathKnight,Frost,Talent,"Rime",49188,"Increases the critical strike chance of your Icy Touch and Obliterate by 15%.    Casting Obliterate has a 15% chance to reset the cooldown on Howling Blast and cause your next Howling Blast to consume no runes.",24,0,0,0,0,0,6,15
DeathKnight,Frost,Talent,"Runic Focus",61758,"Your spell critical strikes now deal 200% damage.     This does not stack with other similar effects.   Capstone Bonus: Diseased enemies take 4% more damage from you.",16,0,0,0,0,0,6,6
DeathKnight,Frost,Talent,"Runic Power Mastery",49455,"Increases your maximum rage by 20.",24,0,0,0,0,0,6,15
DeathKnight,Frost,Talent,"Toughness",49042,"Increases your armor value from items by 10%.    Reduces the duration of all movement slowing effects by 30%.",10,0,0,0,0,0,0,0
DeathKnight,Frost,Talent,"Tundra Stalker",49202,"Your spells and abilities deal 15% more damage to targets infected with your Frost Fever.    Increases your expertise by 5.",40,0,0,0,0,0,12,30
DeathKnight,Unholy,Ability,"Anti-Magic Shell",48707,"Surrounds you in an Anti-Magic Shell, absorbing 75% of the damage dealt by harmful spells (up to a maximum of 50% of your health) and preventing application of harmful magical effects.      20% of the absorbed damage by Anti-Magic Shell is granted as additional rage. Lasts 5 sec.",22,0,0,32,20,0,0,0
DeathKnight,Unholy,Ability,"Anti-Magic Zone",51052,"Places a large, stationary Anti-Magic Zone that reduces spell damage done to party or raid members inside it by 75%. The Anti-Magic Zone lasts for 10 sec or until it absorbs 10024 spell damage.",30,0,0,40,28,0,9,21
DeathKnight,Unholy,Ability,"Army of the Dead",42650,"Summons an entire legion of Ghouls to fight for you over 4 sec. The Ghouls will swarm the area, taunting and fighting anything they can.  While channeling Army of the Dead, you take less damage equal to your Dodge plus Parry chance.",34,0,0,40,32,0,0,0
DeathKnight,Unholy,Ability,"Bone Shield",49222,"Your are surrounded by 3 whirling bones.  While at least 1 bone remains, you take 20% less damage from all sources and deals 2% more damage with all attacks, spells and abilities.  Each damaging attack that lands consumes 1 bone.  Lasts 5 min.",34,0,0,40,32,0,9,24
DeathKnight,Unholy,Ability,"Corpse Explosion",49158,"Cause a corpse to explode for 166 Shadow damage to all enemies within 10 yards.  Will use a nearby corpse if the target is not a corpse.  Does not affect mechanical or elemental corpses.",16,0,0,0,14,0,3,6
DeathKnight,Unholy,Ability,"Death and Decay",43265,"Corrupts the ground at the targeted area, causing 14 Shadow damage every sec that targets remain in the area for 10 sec. This ability produces a high amount of threat.",20,0,0,16,18,0,0,0
DeathKnight,Unholy,Ability,"Death Grip",49576,"Harness the unholy energy that surrounds and binds all matter, drawing the target towards you and forces them to attack you for 3 sec.",20,0,0,29,18,0,0,0
DeathKnight,Unholy,Ability,"Death Strike",49998,"A deadly attack that deals 75% weapon damage plus 23 and heals you for 5% of your maximum health for each of your diseases on the target.",14,0,0,12,12,0,0,0
DeathKnight,Unholy,Ability,"Dominate Undead",891,"Teaches you the necessary abilities to Dominate an Undead companion.  Teaches you Dominate Undead, Raise Undead, Dismiss Undead, Revive Undead and Undead Lore.      Dominate Undead Begins dominating an undead to be your companion.     Your armor is reduced by 100% while you focus on dominating the undead for 20 sec.     If you lose the undead's attention for any reason, the domination process will fail. Each type of undead has unique abilities that you will be able to make use of.",10,0,0,5,8,0,0,0
DeathKnight,Unholy,Ability,"Ghoul Frenzy",63560,"Grants your Ghoul pet 25% haste for 30 sec and heals it for 60% of its health over the duration.",30,0,0,22,28,0,9,21
DeathKnight,Unholy,Ability,"Grave Coil",47541,"Fire a blast of unholy energy, causing 26 Shadow damage to an enemy target or healing 39 damage from a friendly Undead target.    Ancient Death Knights remember this dark spell as Death Coil",12,0,0,5,10,0,0,0
DeathKnight,Unholy,Ability,"Master of Ghouls",52143,"Reduces the cooldown on Raise Dead by 60 sec, and the Ghoul summoned by your Raise Dead spell is considered a pet under your control.  Unlike normal Death Knight Ghouls, your pet does not have a limited duration.    While your Ghoul is active and within 100 yards, it increases your Strength by 5% and reduces damage taken by 5%.",24,0,0,21,22,0,6,15
DeathKnight,Unholy,Ability,"Plague Strike",45462,"A vicious strike that deals 50% weapon damage plus 8 and infects the target with Blood Plague, a disease dealing 3 Shadow damage over time.",1,0,0,0,0,0,0,0
DeathKnight,Unholy,Ability,"Raise Ally",61999,"Raises the corpse of a raid or party member to fight by your side. The player will have control over the Ghoul for 5 min.",24,0,0,21,22,0,0,0
DeathKnight,Unholy,Ability,"Raise Dead",46584,"Raises a Ghoul to fight by your side. You can have a maximum of one Ghoul at a time.  Lasts 1 min.",18,0,0,26,16,0,0,0
DeathKnight,Unholy,Ability,"Scourge Strike",55090,"An unholy strike that deals 70% of weapon damage as Physical damage plus 102.  In addition, for each of your diseases on your target, you deal an additional 12% of the Physical damage done as Shadow damage.",36,0,0,0,34,0,12,27
DeathKnight,Unholy,Ability,"Summon Gargoyle",49206,"A Gargoyle flies into the area and bombards the target with Nature damage, increased by 33% of the higher of your attack power or spell power. The Gargoyle inherits your spell penetration, hit chance, and 30% of your stamina. Persists for 30 sec.",40,0,0,0,38,0,15,30
DeathKnight,Unholy,Ability,"Unholy Frenzy",91232,"Increases the attack rate of your Demon or Undead pet by 50% but drains 2% of its health every 1 seconds. Lasts 30 sec.",26,0,0,24,24,0,0,0
DeathKnight,Unholy,Ability,"Unholy Presence",48265,"Infuses you with unholy fury, increasing attack speed by 5%, movement speed by 15%, and reducing the global cooldown of all Death Knight abilities by 0.5 sec.     Only one Presence can be active at a time.",28,0,0,24,26,0,0,0
DeathKnight,Unholy,Talent,"Anticipation",55129,"Increases your Dodge chance by 5%.    Does not stack with other Anticipation talents.",10,0,0,0,0,0,0,0
DeathKnight,Unholy,Talent,"Blood-Caked Blade",49219,"Your auto attacks have a 30% chance to cause a Blood-Caked Strike, which hits for 25% weapon damage plus 12.5% for each of your diseases on the target.",18,0,0,0,0,0,3,9
DeathKnight,Unholy,Talent,"Crypt Fever",49032,"Your Death Knight diseases also cause Crypt Fever, which increases disease damage taken by the target by 30%.",34,0,0,0,0,0,9,24
DeathKnight,Unholy,Talent,"Desecration",55666,"Your Plague Strikes and Scourge Strikes cause the Desecrated Ground effect.  Targets in the area are slowed by 50% by the grasping arms of the dead while standing on the unholy ground.  Lasts 20 sec.",24,0,0,0,0,0,6,15
DeathKnight,Unholy,Talent,"Desolation",66799,"Your Blood Strikes cause you to deal 5% additional damage with all attacks for the next 20 sec.",30,0,0,0,0,0,9,21
DeathKnight,Unholy,Talent,"Dirge",49223,"Your Death Strike, Plague Strike and Scourge Strike generate 5.0 additional rage.",22,0,0,0,0,0,6,12
DeathKnight,Unholy,Talent,"Ebon Plaguebringer",51099,"Increases your critical strike chance by 3%.    Your Crypt Fever morphs into Ebon Plague, which increases magic damage taken by 13% in addition to increasing disease damage taken.",36,0,0,0,0,0,12,27
DeathKnight,Unholy,Talent,"Epidemic",49036,"Increases the duration of Blood Plague and Frost Fever by 6 sec.",12,0,0,0,0,0,0,0
DeathKnight,Unholy,Talent,"Frenzied Unholy Presence",102227,"Increases your attack speed benefit of Unholy Presence by 10%.",30,0,0,40,0,0,0,0
DeathKnight,Unholy,Talent,"Improved Unholy Presence",50391,"While in Blood Presence or Frost Presence, you retain 15% increased movement speed from Unholy Presence.     Your runes finish their cooldowns 10% faster in Unholy Presence.",30,0,0,0,0,0,9,21
DeathKnight,Unholy,Talent,"Impurity",49220,"The attack power bonus of your Deathknight spells is increased by 20%.",22,0,0,0,0,0,6,12
DeathKnight,Unholy,Talent,"Magic Suppression",49224,"You take 6% less damage from all magic.      Your Anti-Magic Shell absorbs an additional 25% of spell damage.",24,0,0,0,0,0,6,15
DeathKnight,Unholy,Talent,"Morbidity",48963,"Increases the damage and healing of Grave Coil by 15%.    Reduces the cooldown on Death and Decay by 15 sec.",12,0,0,0,0,0,0,0
DeathKnight,Unholy,Talent,"Necrosis",51459,"Your melee auto attacks deal an additional 20% Shadow damage.",16,0,0,0,0,0,3,6
DeathKnight,Unholy,Talent,"Night of the Dead",55620,"Increases all damage done by 2%.    Reduces the cooldown on Raise Dead by 90 sec and the cooldown on Army of the Dead by 4 min.",18,0,0,0,0,0,3,9
DeathKnight,Unholy,Talent,"On a Pale Horse",49146,"You become as hard to stop as death itself.      The duration of all Stun and Fear effects used against you is reduced by 20%.    Your mounted speed is increased by 20%.    This does not stack with other movement speed increasing effects.  This does not stack with other Stun or Fear reduction effects.",18,0,0,0,0,0,3,9
DeathKnight,Unholy,Talent,"Outbreak",49013,"Increases the damage of Plague Strike by 30% and Scourge Strike by 20%.",16,0,0,0,0,0,3,6
DeathKnight,Unholy,Talent,"Rage of Rivendare",50117,"Your spells and abilities deal 10% more damage to targets infected with your Blood Plague.    Increases your expertise by 5.",40,0,0,0,0,0,12,30
DeathKnight,Unholy,Talent,"Ravenous Dead",48965,"Increases your total Strength by 3% and the contribution your Ghouls get from your Strength and Stamina by 60%",12,0,0,0,0,0,0,0
DeathKnight,Unholy,Talent,"Reaping",49208,"Whenever you hit with Blood Strike or Pestilence there is a 100% chance that the Blood Rune becomes a Death Rune when it activates.      Death Runes count as a Blood, Frost or Unholy Rune.",24,0,0,0,0,0,6,15
DeathKnight,Unholy,Talent,"Unholy Blight",49194,"Causes the victims of your Grave Coil to be surrounded by a vile swarm of unholy insects, taking 10% of the damage done by the Grave Coil over 10 sec, and preventing any diseases on the victim from being dispelled.",18,0,0,0,0,0,3,9
DeathKnight,Unholy,Talent,"Unholy Command",49588,"Reduces the cooldown of your Death Grip ability by 10 sec.",22,0,0,0,0,0,6,12
DeathKnight,Unholy,Talent,"Vicious Strikes",51745,"Increases the critical strike chance by 6% and critical strike damage bonus by 30% of your Plague Strike and Scourge Strike.",10,0,0,0,0,0,0,0
DeathKnight,Unholy,Talent,"Virulence",48962,"Increases your hit chance by 3%.    Reduces the chance that your damage over time diseases can be cured by 30%.",10,0,0,0,0,0,0,0
DeathKnight,Unholy,Talent,"Wandering Plague",49217,"When your Death Knight diseases damage an enemy, there is a chance equal to your melee critical strike chance that they will cause 100% additional damage to the target and all enemies within 8 yards.    Ignores any target under the effect of a spell that is cancelled by taking damage.",36,0,0,0,0,0,12,27
Druid,Balance,Ability,"Barkskin",22812,"The caster's skin becomes as tough as bark.  All damage taken is reduced by 20%.  While protected, damaging attacks will not cause spellcasting delays. Lasts 12 sec.    This spell is usable while stunned, frozen, incapacitated, feared or asleep.     This ability is usable while shapeshifted.",36,0,0,40,34,0,0,0
Druid,Balance,Ability,"Cyclone",33786,"Tosses the enemy target into the air, preventing all action but making them invulnerable for up to 6 sec. Only one target can be affected by your Cyclone at a time.",40,0,0,40,48,0,0,0
Druid,Balance,Ability,"Entangling Roots",339,"Roots the target in place and causes 24 Nature damage over 12 sec. (8 seconds on players).     Damage caused may interrupt the effect.",8,0,0,9,6,0,0,0
Druid,Balance,Ability,"Faerie Fire",770,"Decrease the armor of the target by 5% for 40 sec (20 seconds on players). While affected, the target cannot stealth or turn invisible.   Does not stack with other similar effects.",14,0,0,12,12,0,0,0
Druid,Balance,Ability,"Feline Grace",20719,"Reduces damage from falling.",40,0,0,5,38,0,0,0
Druid,Balance,Ability,"Force of Nature",33831,"Summons 3 treants to attack enemy targets for 30 sec. Shares a cooldown with other Force of Nature spells.  Can't be used while having an active pet.    This ability is usable while shapeshifted.",36,0,0,40,34,0,12,27
Druid,Balance,Ability,"Hibernate",2637,"Forces the enemy target to sleep for up to 20 sec.  Any damage will awaken the target. Only one target can be forced to hibernate at a time. Only works on Beasts and Dragonkin.",18,0,0,15,16,0,0,0
Druid,Balance,Ability,"Hurricane",16914,"Creates a violent storm in the target area causing 112 Nature damage to enemies every 1 sec, and increasing the time between attacks of enemies by 20%.    Does not stack with other similar effects.    Lasts 10 sec.",40,0,0,11,38,0,0,0
Druid,Balance,Ability,"Hypnosis",955072,"Forces the enemy target to sleep for 30 sec (6 sec versus players). Any damage taken will be increased by 10%, but will awaken the target. Only one target can be forced to sleep at a time.     This spell is castable while moving.",30,0,0,40,28,0,0,0
Druid,Balance,Ability,"Innervate",29166,"Causes the target to regenerate mana equal to 225% of the caster's base mana pool over 10 sec.",30,0,0,26,38,0,0,0
Druid,Balance,Ability,"Insect Swarm",5570,"The enemy target is swarmed by insects, decreasing their chance to hit by 3% and causing 156 Nature damage over 12 sec.",22,0,0,0,20,0,6,12
Druid,Balance,Ability,"Mass Entanglement",954507,"Roots the target and all enemies within 8 yards in place for 8 sec. 6 sec versus players. Damage may interrupt the effect.  When the effect breaks, the target is slowed by 30% for 3 sec.  Usable while shapeshifted.  This spell cannot miss.",18,0,0,26,16,0,0,0
Druid,Balance,Ability,"Moonfire",8921,"Burns the enemy for 5 to 7 Arcane damage and then an additional 9 Arcane damage over 9 sec.",1,0,0,0,0,0,0,0
Druid,Balance,Ability,"Moonkin Form",24858,"Increases armor from cloth and leather by 150%, damage taken while stunned is reduced by 15%. Your direct damaging spells have a 33% chance to regenerate 2% of your total mana.   All party and raid members gain 5% increased spell critical effect chance. Does not stack with similar effects.  Casting any healing spell will take you out of Moonkin Form.",30,0,0,40,28,0,9,21
Druid,Balance,Ability,"Nature's Grasp",16689,"For 45 sec, any time an enemy within 15 yards hits the caster they have a 100% chance to become afflicted by Entangling Roots which roots them in place for 5 sec.     Does not trigger on enemies already affected by a root effect.",10,0,0,14,8,0,0,0
Druid,Balance,Ability,"Solar Beam",954523,"You summon a beam of solar light, silencing all enemies under the beam while it is active. Solar Beam lasts for 6 sec.  This ability is usable while shapeshifted.",32,0,0,40,32,0,0,0
Druid,Balance,Ability,"Soothe Animal",2908,"Soothes the target beast, reducing the range at which it will attack you by 10 yards and reducing its attack speed by 20%. Only affects Beast and Dragonkin targets level 40 or lower. Lasts 30 sec.",14,0,0,4,20,0,0,0
Druid,Balance,Ability,"Starfall",48505,"You summon a flurry of stars from the sky on all targets within 20 yards of the caster, each dealing 66 to 75 Arcane damage. Also causes 12 Arcane damage to all other enemies within 5 yards of the enemy target. Maximum 20 stars. Lasts 10 sec.      Shapeshifting into an animal form or mounting cancels the effect. Any effect which causes you to lose control of your character will suppress the starfall effect.",40,0,0,40,38,0,15,30
Druid,Balance,Ability,"Starfire",2912,"Causes 121 to 149 Arcane damage to the target.",20,0,0,5,18,0,0,0
Druid,Balance,Ability,"Starsurge",954800,"Deals 199 to 241 Spellstorm damage to the target.",24,0,0,7,26,0,0,0
Druid,Balance,Ability,"Teleport: Moonglade",18960,"Teleports the caster to the Moonglade.",10,0,0,2,8,0,0,0
Druid,Balance,Ability,"Thorns",467,"Thorns sprout from the friendly target causing 3 Nature damage to attackers when hit.  Lasts 30 min.",8,0,0,4,6,0,0,0
Druid,Balance,Ability,"Typhoon",50516,"You summon a violent Typhoon that does 351 Nature damage when in contact with hostile targets, knocking them back and dazing them for 6 sec.",36,0,0,40,34,0,12,27
Druid,Balance,Ability,"Ursol's Vortex",954504,"Conjures a vortex of wind for 8 sec around yourself, reducing the movement speed of all enemies within 5 yards by 30%. When an enemy leaves the vortex, winds will pull that enemy back to its center.     Enemies can only get pulled from any vortex once every 8 seconds.  This ability is usable while shapeshifted.",40,0,0,40,38,0,0,0
Druid,Balance,Ability,"Wrath",5176,"Causes 17 to 19 Nature damage to the target.",1,0,0,0,0,0,0,0
Druid,Balance,Talent,"Balance of Power",33592,"Increases your hit chance by 4%.    Reduces your magic damage taken by 6%.",24,0,0,0,0,0,6,15
Druid,Balance,Talent,"Brambles",16836,"Damage from your Thorns increased by 75% and damage done by your Treants increased by 15%.     Melee attacks done to you while you have Barkskin active have a 15% chance to daze the target for 3 sec.",16,0,0,0,0,0,3,6
Druid,Balance,Talent,"Celestial Bane",57849,"Increases your Nature damage by 6% to targets affected by your Insect Swarm.  Increases your Critical Strike chance with Arcane spells 6% to targets affected by your Moonfire.",22,0,0,0,0,0,6,12
Druid,Balance,Talent,"Celestial Focus",16850,"Increases your haste by 2%.    Reduces the pushback suffered from damaging attacks by 70%.",18,0,0,0,0,0,3,9
Druid,Balance,Talent,"Dreamstate",33597,"Regenerate mana equal to 10% of your Intellect every 5 sec, even while casting.",24,0,0,0,0,0,6,15
Druid,Balance,Talent,"Earth and Moon",48506,"Increases your spell damage by 6%.   Wrath, Starfire and Starsurge apply the Earth and Moon effect, which increases magic damage taken by 13% for 8 sec.    Does not stack with other similar effects.",40,0,0,0,0,0,12,30
Druid,Balance,Talent,"Eclipse",48516,"Dealing direct Arcane damage grants you a 100% chance to increase the damage of your Wrath and Starsurge by 40% for 15 seconds.    Dealing direct Nature damage grants you a 100% chance to increase your critical strike chance with Starfire and Starsurge by 40% for 15 seconds.    Both effects cannot occur at the same time and each effect can only occur once every 30 seconds.",36,0,0,0,0,0,12,27
Druid,Balance,Talent,"Gale Winds",48488,"Increases your Hurricane and Typhoon damage by 30%.",34,0,0,0,0,0,9,24
Druid,Balance,Talent,"Genesis",57810,"Increases the periodic damage and healing of your spells by 10%.",10,0,0,0,0,0,0,0
Druid,Balance,Talent,"Improved Faerie Fire",33600,"Your Faerie Fire spell also increases the chance the target will be hit by spell attacks by 3%.    Increases the critical strike chance of your damage spells by 3% on targets afflicted by Faerie Fire.",30,0,0,0,0,0,9,21
Druid,Balance,Talent,"Improved Moonfire",16821,"Increases the damage of Moonfire spell by 15% and the critical strike chance of Starfire and Starsurge by 10%.  Capstone Bonus: Your direct Arcane damage critical hits on targets afflicted by your Moonfire instantly trigger an extra Arcane damage. This can happen once every 1.5 sec.",12,0,0,0,0,0,0,0
Druid,Balance,Talent,"Improved Moonkin Form",48384,"Your Moonkin Aura also causes affected targets to gain 3% spell haste.   Does not stack with similar effects.  In Moonkin Form, you to gain 30% of your spirit as additional spell damage.",30,0,0,40,0,0,9,21
Druid,Balance,Talent,"Lunar Guidance",33589,"Increases your spell damage by 12% of your Intellect.",22,0,0,0,0,0,6,12
Druid,Balance,Talent,"Moonfury",16896,"Increases the damage of your Starfire, Moonfire, Wrath, and Starsurge by 10%.",24,0,0,0,0,0,6,15
Druid,Balance,Talent,"Moonglow",16845,"Reduces the mana cost of your Starfire, Wrath, Starsurge, Healing Touch, Regrowth, Rejuvenation, and Swiftmend spells by 9%.",12,0,0,0,0,0,0,0
Druid,Balance,Talent,"Nature's Grace",16880,"Direct damaging or healing Druid spell criticals have a 100% chance to grant you Nature's Grace, increasing your haste by 20% for 4 sec.",16,0,0,0,0,0,3,6
Druid,Balance,Talent,"Nature's Majesty",35363,"Increases the critical strike chance of your Wrath, Starfire, Starfall, Starsurge, Nourish and Healing Touch spells by 4%.",12,0,0,0,0,0,0,0
Druid,Balance,Talent,"Nature's Reach",16819,"Increases the range of your damaging spells with a channeling or cast time by 6 yards.     Does not stack with other similar effects.  Capstone Bonus: Your Nature non-periodic spells have a 100% chance to spread your Insect Swarm to all enemies within 5 yards, if hitting a target affected by Insect Swarm. This effect has a 6 sec internal cooldown.",16,0,0,0,0,0,3,6
Druid,Balance,Talent,"Nature's Splendor",857866,"Increases the duration of your Moonfire and Rejuvenation by 3 sec, your Regrowth by 6 sec, and your Insect Swarm, Lifebloom, Efflorescence and Flourish by 2 sec.",16,0,0,0,0,0,3,6
Druid,Balance,Talent,"Owlkin Frenzy",48389,"While in Moonkin Form, attacks against you have a 24% chance to trigger a Frenzy, increasing your damage done by 5%.     This also grants immunity to casting pushback for Balance spells and restores 2% base mana every 2 sec. Lasts 10 sec.",34,0,0,40,0,0,9,24
Druid,Balance,Talent,"Starlight Wrath",16814,"Increases the critical strike chance of Wrath by 9%.    Increases the damage of Starfire and Starsurge by 6%.",10,0,0,0,0,0,0,0
Druid,Balance,Talent,"Vengeance",16909,"Your spell critical strikes now deal 200% damage.   Does not stack with similar effects.  Capstone Bonus: Your direct Arcane and Nature criticals  have a chance to attract a Vengeful Soul, increasing your magic damage by 3% for 12 seconds. When this effect ends the Soul leaves your body, restoring 5% of your missing mana.",18,0,0,0,0,0,3,9
Druid,Balance,Talent,"Wrath of Cenarius",33603,"Increases the spell damage scaling of your Starfire and Starsurge by 20% and the spell damage scaling of your Wrath by 10%.",34,0,0,0,0,0,9,24
Druid,Feral,Ability,"Aquatic Form",1066,"Shapeshift into aquatic form, increasing swim speed by 50% and allowing the druid to breathe underwater. Also protects the caster from Polymorph effects.",16,0,0,4,14,0,0,0
Druid,Feral,Ability,"Bash",5211,"Stuns the target for 2 sec and interrupts non-player spellcasting for 3 sec.",12,0,0,17,10,0,0,0
Druid,Feral,Ability,"Bear Form",5487,"Shapeshift into Bear Form.    Increasing melee attack power by 30, armor contribution from cloth and leather items by 65%, and Stamina by 15%.     Teaches you Growl.",1,0,0,0,0,0,0,0
Druid,Feral,Ability,"Berserk",50334,"When activated, this ability causes your Mangle abilities to hit up to 3 targets and have no cooldown for 15 sec.    Reduces the cost of all your Cat Form and Bear Form abilities by 50%.     While active your Savage Defense absorb effect is doubled.",40,0,0,40,38,0,15,30
Druid,Feral,Ability,"Cat Form",768,"Shapeshift into cat form, increasing melee attack power by 1 plus 25% of Agility. Allows the use of various cat abilities.",1,0,0,0,0,0,0,0
Druid,Feral,Ability,"Challenging Roar",5209,"Forces all nearby enemies within 10 yards to focus attacks on you for 6 sec.",28,0,0,8,26,0,0,0
Druid,Feral,Ability,"Cower",8998,"Cower, causing no damage but lowering your threat a large amount, making enemies less likely to attack you.",10,0,0,8,26,0,0,0
Druid,Feral,Ability,"Dash",1850,"Increases movement speed by 50% while in Cat Form for 15 sec. Does not break prowling.",12,0,0,24,10,0,0,0
Druid,Feral,Ability,"Demoralizing Roar",99,"The druid roars, decreasing nearby enemies' attack power by 31.  Lasts 30 sec.   Does not stack with other similar effects.",10,0,0,8,8,0,0,0
Druid,Feral,Ability,"Enrage",5229,"Generates 20 rage, and then generates an additional 10 rage over 10 sec, but reduces base armor by 27% in Bear Form and 16% in Dire Bear Form.",4,0,0,4,2,0,0,0
Druid,Feral,Ability,"Faerie Fire (Feral)",16857,"Decrease the armor of the target by 5% for 40 sec(20 seconds on players) While affected, the target cannot stealth or turn invisible. Deals 3 damage and additional threat when used in Bear Form or Dire Bear Form.   Does not stack with other similar effects.",14,0,0,4,12,0,0,0
Druid,Feral,Ability,"Feral Charge",49377,"Teaches Feral Charge (Bear) and Feral Charge (Cat).       Feral Charge - Bear Causes you to charge an enemy gaining 15 rage, immobilizing them for 3 sec and interrupting any spell being cast for 4 sec.    This shares a cooldown with other Feral Charges.    Feral Charge - Cat Causes you to leap behind an enemy, dazing them for 3 sec.  This shares a cooldown with other Feral Charges.",22,0,0,32,20,0,6,12
Druid,Feral,Ability,"Feral Finishing Move Mastery",6006,"You gain Feral Finishing Move Mastery when learning any Feral Finishing Move.     This Mastery automatically unlocks additional Feral Finishing Moves when you reach their Class Point requirements at no additional ability essence cost.    Rip Finishing move that causes damage over time.  Damage increases per combo point.   Ferocious Bite Finishing move that causes physical damage, converting extra energy into additional damage. Damage increases per combo point.    Maim Finishing move that causes damage and incapacitates the target. Causes more damage and lasts longer per combo point.",1,0,0,4,0,0,0,0
Druid,Feral,Ability,"Feral Shapeshift Mastery",954710,"You gain Feral Shapeshift Mastery when learning any Feral Shapeshift Spell.     This Mastery automatically unlocks Feral Shapeshift Spells when you reach their Class Point requirements at no additional ability essence cost.   Bear Form Shapeshift into Bear Form, increasing attack power, armor contribution and stamina.   Cat Form Shapeshift into cat form, increasing melee attack power and by some more of your Agility.    Swipe (Bear) Swipe forward, dealing damage to enemies in a cone.    Growl Taunts an enemy target, forcing them to attack you.    Claw Claw your target dealing Physical damage and rewards 1 combo point.    Track Humanoids (Cat Form) Shows the location of all nearby humanoids on the minimap.",1,0,0,0,0,0,0,0
Druid,Feral,Ability,"Ferocious Bite",22568,"Finishing move that causes damage per combo point and converts each extra point of energy (up to a maximum of 30 extra energy) into 0.7 additional damage.    1 point  : 18-23 damage    2 points: 31-36 damage    3 points: 44-49 damage    4 points: 56-61 damage    5 points: 69-74 damage",10,0,0,4,8,0,0,0
Druid,Feral,Ability,"Frenzied Regeneration",22842,"Converts up to 10 rage per second into health for 10 sec.  Each point of rage is converted into 0.3% of max health.",36,0,0,32,34,0,0,0
Druid,Feral,Ability,"Ironfur",760100,"Reduces damage taken by 4% plus an additional 4% per active application for 6 sec. Each application has an individual duration.  Max 3 charges. 10 second recharge timer.",40,0,0,40,38,0,0,0
Druid,Feral,Ability,"Lacerate",33745,"Lacerates the enemy target, dealing 7 damage and making them bleed for 35 damage over 15 sec and causing a high amount of threat.  Damage increased by attack power.      Stacks up to 3 times on the same target.",10,0,0,4,8,0,0,0
Druid,Feral,Ability,"Leader of the Pack",17007,"While in Cat, Bear or Dire Bear Form, the Leader of the Pack increases ranged and melee critical strike chance of all party and raid members by 5%.    Does not stack with other similar effects.",30,0,0,26,28,0,9,21
Druid,Feral,Ability,"Maim",22570,"Finishing move that causes damage and incapacitates the target. Causes more damage and lasts longer per combo point:    1 point  : 131-133 damage, 1 sec    2 points: 215-217 damage, 2 sec    3 points: 299-301 damage, 3 sec    4 points: 383-385 damage, 4 sec    5 points: 467-469 damage, 5 sec    Non-player victim spellcasting is also interrupted for 3 sec.     Any damage caused will interrupt the incapacitating effect.    Does not break from periodic damage.",40,0,0,40,42,0,0,0
Druid,Feral,Ability,"Mangle",33917,"Mangle the target, inflicting damage and causing the target to take 30% additional damage from bleeds for 1 min.   Does not stack with similar effects.  This ability can be used in Cat Form or Dire Bear Form.",36,0,0,0,34,0,12,27
Druid,Feral,Ability,"Maul",6807,"A strong attack that increases melee damage by 18 and causes a high amount of threat. Effects which increase Bleed damage also increase Maul damage.",1,0,0,4,0,0,0,0
Druid,Feral,Ability,"Pounce",9005,"Pounce, stunning the target for 3.50 sec and causing 270 damage over 18 sec. Must be prowling. Awards 1 combo point.",22,0,0,32,34,0,0,0
Druid,Feral,Ability,"Prowl",5215,"Allows the Druid to prowl around, but reduces your movement speed by 30%. Lasts until cancelled.",10,0,0,14,8,0,0,0
Druid,Feral,Ability,"Prowling Mastery",6005,"You gain Feral Opening Move Mastery when learning any Feral Opening Move.     This Mastery automatically unlocks additional Feral Opening Moves when you reach their Class Point requirements at no additional ability essence cost.    Prowl Allows the Druid to prowl around, but reduces your movement speed by 30%. Lasts until cancelled.    Ravage Ravage the target, cuasing Physical damage. Must be prowling and behind the target. Awards 1 combo point.   Pounce Pounce, stunning the target and causing physical damage over time. Must be prowling. Awards 1 Combo Point.",10,0,0,18,0,0,0,0
Druid,Feral,Ability,"Rake",1822,"Rake the target for 12 bleed damage and an additional 65 damage over 9 sec. Awards 1 combo point.",18,0,0,5,16,0,0,0
Druid,Feral,Ability,"Ravage",6785,"Ravage the target, causing 385% damage plus 77 to the target. Must be prowling and behind the target. Awards 1 combo point.",32,0,0,18,30,0,0,0
Druid,Feral,Ability,"Rip",1079,"Finishing move that causes damage over time.  Damage increases per combo point:     1 point  : 16 damage over 12 sec     2 points: 26 damage over 12 sec     3 points: 36 damage over 12 sec     4 points: 46 damage over 12 sec     5 points: 56 damage over 12 sec",1,0,0,4,0,0,0,0
Druid,Feral,Ability,"Shred",5221,"Shred the target, causing 225% damage plus 15 to the target. Must be behind the target. Awards 1 combo point.  Effects which increase Bleed damage also increase Shred damage.",10,0,0,2,8,0,0,0
Druid,Feral,Ability,"Stampeding Roar",954508,"You roar, increasing the movement speed of all party members within 10 yards by 60% for 6 sec. Does not break prowling.",26,0,0,38,26,0,0,0
Druid,Feral,Ability,"Survival Instincts",61336,"Increases your maximum health by 20% and triples effectiveness of Nurturing Instinct's increased healing received effect for 20 sec. Only usable while in Cat, Bear or Dire Bear Form. After the effect expires, the health is lost.",16,0,0,23,14,0,3,6
Druid,Feral,Ability,"Swipe (Cat)",62078,"Swipe nearby enemies, inflicting 140% weapon damage.",6,0,0,4,4,0,0,0
Druid,Feral,Ability,"Tiger's Fury",5217,"Adds 10 damage to your attacks and increases damage by 5% for 6 sec.",18,0,0,15,22,0,0,0
Druid,Feral,Ability,"Track Humanoids (Cat Form)",5225,"Shows the location of all nearby humanoids on the minimap. Only one form of tracking can be active at a time.",20,0,0,5,30,0,0,0
Druid,Feral,Ability,"Travel Form",783,"Shapeshift into travel form, increasing movement speed by 40%.  Also protects the caster from Polymorph effects. Only usable outdoors.  The act of shapeshifting frees the caster of movement impairing and Polymorph effects.",16,0,0,32,14,0,0,0
Druid,Feral,Talent,"Brutal Impact",16940,"Increases the stun duration of your Bash and Pounce abilities by 1 sec.    Reduces the cooldown of Bash by 30 sec.",22,0,0,0,0,0,6,12
Druid,Feral,Talent,"Elder Hide",16929,"Increases the Armor contribution from cloth and leather items by 12%.",12,0,0,0,0,0,0,0
Druid,Feral,Talent,"Feral Aggression",16858,"Increases the damage you do to targets above 75% health by 9%.    Increases your attack power while in Feral forms by 150% of your level.",10,0,0,0,0,0,0,0
Druid,Feral,Talent,"Feral Instinct",16947,"Increases Swipe and Ravage damage by 30%.  Increases all damage dealt by 3% while Tiger's Fury is active.   Reduces the chance enemies have to detect you while Prowling.   Capstone Bonus: Dealing damage with Swipe and Ravage reduce the cooldown of Tiger's Fury and Enrage by 1 second.",12,0,0,0,0,0,0,0
Druid,Feral,Talent,"Feral Swiftness",17002,"Increases your movement speed by 20% in Cat Form.    Increases your chance to dodge while in Cat Form, Bear Form and Dire Bear Form by 4%.",16,0,0,0,0,0,3,6
Druid,Feral,Talent,"Ferocity",16934,"Increases all attributes by 5% and reduces the energy cost of your Swipe (Cat), Claw, Rake and Mangle (Cat) abilities by 10 Energy.  Reduces the rage cost of your Maul, Swipe (Bear), and Mangle (Bear) by 5 Rage.",10,0,0,0,0,0,0,0
Druid,Feral,Talent,"Heart of the Wild",17003,"Increases your Intellect by 9%.     While in Bear or Dire Bear Form your Stamina is increased by 6%.    While in Cat Form your attack power is increased by 6%.",24,0,0,0,0,0,6,15
Druid,Feral,Talent,"Improved Leader of the Pack",34297,"Leader of the Pack also causes affected targets to heal themselves for 4% of their base health when they critically hit with a melee or ranged attack.      You gain 16% of your base mana when you benefit from this heal.    The healing effect cannot occur more than once every 6 sec.",30,0,0,26,0,0,9,21
Druid,Feral,Talent,"Improved Mangle",48532,"Reduces the cooldown of your Mangle (Bear) ability by 1.5 sec.     Reduces the energy cost of your Mangle (Cat) ability by 6.",36,0,0,0,0,0,12,27
Druid,Feral,Talent,"Improved Shapeshifting",901564,"Your Druid shapeshifting spells now cause the act of shapeshifting to free the caster of Polymorph and movement impairment effects.    Increases the Armor contribution from cloth and leather items by 20% while in Bear Form.",10,0,0,30,0,0,0,0
Druid,Feral,Talent,"Infected Wounds",48483,"Shred, Maul, Swipe, and Mangle attacks cause an Infected Wound in the target.     Infected Wound slows the target's movement speed by 50%, and reduces attack speed by 20%. Lasts 12 sec.  Does not stack with other similar effects.",34,0,0,0,0,0,9,24
Druid,Feral,Talent,"King of the Jungle",48492,"While in Bear Form or Dire Bear Form, your Enrage ability increases physical damage done by 15%.  While in Cat Form, casting Tiger's Fury restores 60 energy.     Reduces the mana cost of Bear Form, Cat Form, and Dire Bear Form by 60%.  Capstone Bonus: The global cooldown of Cat Form and Bear Form is reduced by 0.5 sec.",36,0,0,0,0,0,12,27
Druid,Feral,Talent,"Natural Reaction",57878,"Increases your chance to dodge by 6% while in Bear Form or Dire Bear Form.    You regenerate 15 rage every time you dodge while in Bear Form or Dire Bear Form.",24,0,0,0,0,0,6,15
Druid,Feral,Talent,"Nurturing Instinct",33872,"Increases your healing spells by up to 70% of your Agility, and increases healing done to you by 20%  while in Cat form.",22,0,0,0,0,0,6,12
Druid,Feral,Talent,"Predatory Instincts",33859,"While in Cat Form increases your damage from all critical strikes by 15% and reduces the damage taken from area of effect attacks by 10%.     This does not stack with other similar effects.",34,0,0,0,0,0,9,24
Druid,Feral,Talent,"Predatory Strikes",16972,"Reduces the energy cost of your Cat Form finishing moves by 9.     Your Feral finishing moves have a 20% chance per combo point spent to make your next Nature spell with a base casting time less than 10 sec. become an instant cast spell.",18,0,0,0,0,0,3,9
Druid,Feral,Talent,"Primal Fury",37116,"Gives you a 100% chance to gain an additional 5 Rage anytime you get a critical strike while in Bear and Dire Bear Form.    Your critical strikes from Cat Form abilities that add combo points have a 100% chance to add an additional combo point.",18,0,0,0,0,0,3,9
Druid,Feral,Talent,"Primal Gore",63503,"Grants the periodic damage from your Lacerate and Rip abilities the ability to critically hit.",40,0,0,0,0,0,12,30
Druid,Feral,Talent,"Primal Precision",48409,"Increases your energy regeneration rate by 20%.    Increases your Expertise by 10.    Cat Form finishing moves that fail to land are refunded 80% of the energy cost.  Capstone Bonus: Your Cat Form finishing moves reduce the cooldown of Berserk by 3 sec. and Tiger's Fury by 2 sec.",18,0,0,0,0,0,3,9
Druid,Feral,Talent,"Primal Tenacity",33851,"While in Cat Form the duration of fear effects are reduced by 30% and all damage taken while stunned by 30%.",30,0,0,0,0,0,9,21
Druid,Feral,Talent,"Protector of the Pack",57873,"While in Bear or Dire Bear Form your attack power is increased by 6% and the physical damage you take is reduced by 12%.",34,0,0,26,0,0,9,24
Druid,Feral,Talent,"Rend and Tear",48432,"Increases damage done by your Maul and Shred attacks on bleeding targets by 20%.    Increases the critical strike chance of your Ferocious Bite ability on bleeding targets by 25%.",40,0,0,0,0,0,12,30
Druid,Feral,Talent,"Savage Defense",277401,"Each time you critically strike with melee damage while in Bear Form or Dire Bear Form you have a 100% chance to trigger Savage Defense.    When triggered versus players this effect has 8 sec cooldown and only reduces the damage taken by 1 hit.    Savage Defense Reduces damage from the next 3 physical attacks made against you by an amount equal to 3% of your maximum health plus 8% of your attack power.",12,0,0,0,0,0,0,0
Druid,Feral,Talent,"Savage Fury",16998,"Increases the damage caused by your Claw, Rake, Shred, Mangle (Cat), Mangle (Bear), and Maul abilities by 20%.",12,0,0,0,0,0,0,0
Druid,Feral,Talent,"Sharpened Claws",16942,"Increases your critical strike chance with all spells and abilities while in Bear, Dire Bear or Cat Form by 6%.",16,0,0,0,0,0,3,6
Druid,Feral,Talent,"Shredding Attacks",16966,"Reduces the energy cost of your Shred ability by 18.    Reduces the rage cost of your Lacerate ability by 2.",18,0,0,0,0,0,3,9
Druid,Feral,Talent,"Survival of the Fittest",33853,"While you are in Bear Form:    Increases all attributes by 6%.    Reduces the chance you'll be critically hit by melee attacks by 6%.    Increases your armor contribution from cloth and leather items by 33%.",24,0,0,0,0,0,6,15
Druid,Restoration,Ability,"Abolish Poison",2893,"Attempts to cure 1 poison effect on the target, and 1 more poison effect every 3 seconds for 12 sec.",18,0,0,15,24,0,0,0
Druid,Restoration,Ability,"Cure Poison",8946,"Cures 1 poison effect on the target.",14,0,0,12,12,0,0,0
Druid,Restoration,Ability,"Druid Cleansing Mastery",6019,"You gain Druid Cleansing Mastery when learning any Druid Cleansing Spell.     This Mastery automatically unlocks additional Druid Cleansing Spells when you reach their Class Point requirements at no additional ability essence cost.   Cure Poison Cures 1 poison effects on the target.   Abolish Poison Attempts to cure 1 poison effect on the target, more poison effects over time.",14,0,0,12,0,0,0,0
Druid,Restoration,Ability,"Druid Healing Mastery",6013,"You gain Druid Healing Mastery when learning any Druid Healing Spell.     This Mastery automatically unlocks additional Druid Healing Spells when you reach their Class Point requirements at no additional ability essence cost.   Healing Touch Heals a friendly target.   Regrowth Heals a friendly target and applies a heal over time effect.",1,0,0,0,0,0,0,0
Druid,Restoration,Ability,"Efflorescence",86382,"Restores health to allies within 15 yards of the initial target every 2 sec and increases the caster's healing on affected targets by 18% for 6 sec.",40,0,0,40,42,0,0,0
Druid,Restoration,Ability,"Flourish",760107,"Heals a friendly target for 198 to 246 and increases all healing done by your Nature healing over time effects on the target by 100% for 4 sec.",32,0,0,9,30,0,0,0
Druid,Restoration,Ability,"Healing Touch",5185,"Heals a friendly target for 23 to 32.",1,0,0,0,0,0,0,0
Druid,Restoration,Ability,"Lifebloom",33763,"Heals the target for 98 over 7 sec.      When Lifebloom completes its duration or is dispelled, the target instantly heals themself for 228 to 229 and the Druid regains half the cost of the spell.      This effect can stack up to 3 times on the target.",36,0,0,10,34,0,0,0
Druid,Restoration,Ability,"Mark of the Wild",1126,"Increases the friendly target's armor by 25 for 30 min.   Does not stack with other similar effects.",1,0,0,4,0,0,0,0
Druid,Restoration,Ability,"Natural Alacrity",17116,"When activated, your next Druid Nature spell with a base casting time less than 10 sec. becomes instant. In addition, the effectiveness of your Nature healing spells are increased by 10% for 20 sec.",22,0,0,32,20,0,6,12
Druid,Restoration,Ability,"Nature Ward",760210,"Absorbs 290 Nature damage.  Lasts 30 sec.  This ability is usable while shapeshifted.",12,0,0,10,18,0,0,0
Druid,Restoration,Ability,"Nourish",50464,"Heals a friendly target for 351 to 415. Heals for an additional 20% if you have a Rejuvenation, Regrowth, Lifebloom, or Wild Growth effect active on the target.",40,0,0,11,42,0,0,0
Druid,Restoration,Ability,"Rebirth",20484,"Returns the spirit to the body, restoring a dead target to life with 400 health and 700 mana.",20,0,0,17,18,0,0,0
Druid,Restoration,Ability,"Regrowth",8936,"Heals a friendly target for 44 to 51 and another 63 over 21 sec.",12,0,0,12,10,0,0,0
Druid,Restoration,Ability,"Rejuvenation",774,"Heals the target for 25 over 15 sec.",4,0,0,1,2,0,0,0
Druid,Restoration,Ability,"Remove Curse",2782,"Dispels 1 Curse from a friendly target.",20,0,0,17,22,0,0,0
Druid,Restoration,Ability,"Revive",50769,"Returns the spirit to the body, restoring a dead target to life with 65 health and 120 mana.  Cannot be cast when in combat.",12,0,0,3,10,0,0,0
Druid,Restoration,Ability,"Swiftmend",18562,"Consumes a Rejuvenation or Regrowth effect on a friendly target to instantly heal them an amount equal to 12 sec. of Rejuvenation or 18 sec. of Regrowth.",30,0,0,0,28,0,9,21
Druid,Restoration,Ability,"Tranquility",740,"Heals all nearby group members for 131 every 2 seconds for 8 sec.  Caster must channel to maintain the spell.",20,0,0,29,18,0,0,0
Druid,Restoration,Ability,"Tree of Life",65139,"Shapeshift into the Tree of Life.   While in this form you increase healing received by 6% for all party and raid members.  Does not stack with similar effects.  Tree of Life reduces the mana cost of your healing over time spells by 20%.   While in this form, you can only cast healing spells in addition to Innervate, Barkskin, Nature's Grasp, Thorns spells, and non-offensive spells usable while shapeshifted.  If your Primary Stat is Spirit, shapeshifting into Tree of Life will free you from all movement impairing effects.",36,0,0,40,34,0,12,27
Druid,Restoration,Ability,"Wild Growth",48438,"Heals up to 5 friendly party or raid members within 15 yards of the target for 126 over 7 sec. The amount healed is applied quickly at first, and slows down as the Wild Growth reaches its full duration.",40,0,0,0,38,0,15,30
Druid,Restoration,Talent,"Empowered Touch",33879,"Your Healing Touch gains an additional 40% and your Nourish and Flourish gain an additional 20% of your bonus healing effects.",24,0,0,0,0,0,6,15
Druid,Restoration,Talent,"Furor",17056,"Increases your Arcane and Nature spell damage done by 6%.     Increases your Stamina in Bear and Dire Bear Form by 9%.     Increases your damage in Cat Form by 6%.",10,0,0,0,0,0,0,0
Druid,Restoration,Talent,"Gift of Nature",17104,"Increases the amount healed by your spells by 10%.",22,0,0,0,0,0,6,12
Druid,Restoration,Talent,"Gift of the Earthmother",51179,"Increases your spell haste by 10%.    Reduces the global cooldown of your Lifebloom spell by 10%.",40,0,0,0,0,0,12,30
Druid,Restoration,Talent,"Improved Barkskin",63410,"Grants 60% additional armor contribution from cloth and leather items while in Travel Form or while not shapeshifted.    Increases the damage reduction granted by your Barkskin spell by 10%.    Reduces the chance your Barkskin is dispelled by 70%.",40,0,0,0,0,0,12,30
Druid,Restoration,Talent,"Improved Mark of the Wild",17050,"Increases all of total attributes by 2%.    Increases the effects of your Mark of the Wild and Gift of the Wild spells by 40%.",10,0,0,0,0,0,0,0
Druid,Restoration,Talent,"Improved Rejuvenation",17111,"Increases the effect of your Rejuvenation spell by 15%.",18,0,0,0,0,0,3,9
Druid,Restoration,Talent,"Improved Tranquility",17123,"Reduces threat caused by Tranquility by 100%, and reduces the cooldown by 60%.",22,0,0,0,0,0,6,12
Druid,Restoration,Talent,"Improved Tree of Life",48535,"Increases your armor contribution from items while in Tree of Life Form by 80%    Increases your healing spell power by 15% of your spirit while in Tree of Life Form.",36,0,0,40,0,0,12,27
Druid,Restoration,Talent,"Intensity",17106,"Allows 25% of your mana regeneration to continue while casting.    Your Enrage ability instantly generate 15 rage and 30% base mana.",16,0,0,0,0,0,3,6
Druid,Restoration,Talent,"Living Seed",48496,"Critical heals from your Druid direct Nature spells or Lesser Healing Wave have a 100% chance to plant a Living Seed on the target, storing 30% of the healing done.    Living Seed will bloom when the target is next hit by a direct spell or attack. Lasts 15 sec.",34,0,0,0,0,0,9,24
Druid,Restoration,Talent,"Living Spirit",34151,"Increases your total Spirit by 15%.  Capstone Bonus: Your Rejuvenation now heals for an additional 50% on targets below 50% health.",30,0,0,0,0,0,9,21
Druid,Restoration,Talent,"Master Shapeshifter",48411,"Grants an effect which lasts while the Druid is within the respective shapeshift form.  Bear Form - Increases physical damage by 4%.  Cat Form - Increases melee critical strike chance by 4%.  Moonkin Form - Increases Arcane and Nature damage by 4%.  Tree of Life Form - Increases healing by 4%.",16,0,0,0,0,0,3,6
Druid,Restoration,Talent,"Natural Perfection",33881,"Your critical strike chance with all spells is increased by 3% and critical strikes against you give you the Natural Perfection effect reducing all damage taken by 4%.  Stacks up to 3 times.  Lasts 8 sec.",30,0,0,0,0,0,9,21
Druid,Restoration,Talent,"Natural Shapeshifter",16833,"Reduces the mana cost of all shapeshifting by 30%.",12,0,0,0,0,0,0,0
Druid,Restoration,Talent,"Naturalist",17069,"Increases Physical damage done by 3%.    Increases critical strike chance of your Healing Touch by 9%.",12,0,0,0,0,0,0,0
Druid,Restoration,Talent,"Nature's Bounty",17074,"Increases the critical effect chance of your Regrowth and Nourish spells by 25%.",24,0,0,0,0,0,6,15
Druid,Restoration,Talent,"Nature's Focus",17063,"Increases your haste by 2%.    Reduces the pushback suffered from damaging attacks while casting any spells by 70%.",10,0,0,0,0,0,0,0
Druid,Restoration,Talent,"Nature's Rejuvenation",33886,"The bonus healing effects of your Nature healing over time spells is increased by 20%.",34,0,0,0,0,0,9,24
Druid,Restoration,Talent,"Omen of Clarity",16864,"Damage, healing and auto attacks have a 6% chance of causing you to enter a Clearcasting state.     The Clearcasting state reduces the Mana, Rage or Energy cost of your next damage, healing spell or offensive ability by 100%. This effect has a 2 second cooldown.",16,0,0,0,0,0,3,6
Druid,Restoration,Talent,"Revitalize",48539,"Your Rejuvenation, Wild Growth and Efflorescence spells have a 15% chance, and your Healing Touch and Regrowth has a 100% chance to restore 8 Energy, 4 Rage and 1% Mana.  Capstone Bonus: Healing a target to full health with Healing Touch will restore 30% of its mana cost.",36,0,0,0,0,0,12,27
Druid,Restoration,Talent,"Subtlety",17118,"Increases your haste by 3%.    Reduces the chance your helpful Druid spells, Moonfire, and Insect Swarm will be dispelled by 30%.    Capstone Bonus: All threat generated is reduced by 30%. This capstone effect does not stack with similar capstone effects.",12,0,0,0,0,0,0,0
Druid,Restoration,Talent,"Tranquil Spirit",24968,"Reduces the mana cost of your Healing Touch, Nourish and Tranquility spells by 15%.",18,0,0,0,0,0,3,9
General,General1,Ability,"Dawnthirst",910380,"Instantly attack the target causing 4 Holystrike damage. Each bleed applied by you increases the damage of Dawnthirst by 8%, up to a maximum of 40%. In addition, the next 3 successful melee attacks will restore 1% of max health. This effect lasts 8 sec.  This uses Bloodthirst modifiers.",30,0,0,8,28,0,0,0
General,General1,Ability,"Duskthirst",910360,"Instantly attack the target causing 4 Shadowstrike damage. Each bleed applied by you increases the damage of Duskthirst by 8%, up to a maximum of 40%. In addition, the next 3 successful melee attacks will restore 1% of max health. This effect lasts 8 sec.  This uses Bloodthirst modifiers.",30,0,0,8,28,0,0,0
General,General1,Ability,"Flamethirst",910300,"Instantly attack the target causing 4 Firestrike damage. Each bleed applied by you increases the damage of Flamethirst by 8%, up to a maximum of 40%. In addition, the next 3 successful melee attacks will restore 1% of max health. This effect lasts 8 sec.  This uses Bloodthirst modifiers.",30,0,0,8,28,0,0,0
General,General1,Ability,"Hailthirst",910320,"Instantly attack the target causing 4 Froststrike damage. Each bleed applied by you increases the damage of Hailthirst by 8%, up to a maximum of 40%. In addition, the next 3 successful melee attacks will restore 1% of max health. This effect lasts 8 sec.  This uses Bloodthirst modifiers.",30,0,0,8,28,0,0,0
General,General1,Ability,"Manathirst",910400,"Instantly attack the target causing 4 Spellstrike damage. Each bleed applied by you increases the damage of Manathirst by 8%, up to a maximum of 40%. In addition, the next 3 successful melee attacks will restore 1% of max health. This effect lasts 8 sec.  This uses Bloodthirst modifiers.",30,0,0,8,28,0,0,0
General,General1,Ability,"Ray of Frost",984513,"Channel an icy beam at the target for 5 sec, dealing 32 Frost damage every 1 sec, slowing the target by 23%.    Each time Ray of Frost deals damage, its damage and snare is increased by 20%.",60,0,0,0,0,0,0,0
General,General1,Ability,"Stormthirst",910340,"Instantly attack the target causing 4 Stormstrike damage. Each bleed applied by you increases the damage of Stormthirst by 8%, up to a maximum of 40%. In addition, the next 3 successful melee attacks will restore 1% of max health. This effect lasts 8 sec.  This uses Bloodthirst modifiers.",30,0,0,8,28,0,0,0
General,General1,Talent,"Arcane Fulmination",101278,"Increases your threat generated by Arcane damage by 40%.  Reduces all damage taken by 2%.",11,0,0,0,0,0,0,0
General,General1,Talent,"Burning Desire",103085,"Increases the damage taken by your Hellfire ability by 8% and increases the damage it deals by 25%.",30,0,0,0,0,0,0,0
General,General1,Talent,"Empowering Smite",81037,"Your successful Smite casts increase your healing done by 2% and reduce the mana cost of your Smite by 5% for 12 sec, stacking up to 5 times.",11,0,0,0,0,0,0,0
General,General1,Talent,"Eternal Inferno",293200,"Dealing direct Fire damage reduces the cooldown of Reign of Dread by 1 seconds.  This effect can only occur once every 1 sec.  Dealing direct Shadow damage reduces the cooldown of Unending Resolve by 3 seconds.  This effect can only occur once every 3 sec.",30,0,0,0,0,0,0,0
General,General1,Talent,"Everliving Spirit",966055,"Increases the duration of your Guardian Spirit by 1 second.",40,0,0,0,0,0,0,0
General,General1,Talent,"Fearing Fire",81266,"Increases your threat generated by Fire damage by 40%.  Reduces all damage taken by 2%.",11,0,0,0,0,0,0,0
General,General1,Talent,"Ice Warden",101277,"Increases your threat generated by Frost damage by 40%.  Reduces all damage taken by 2%.",11,0,0,0,0,0,0,0
General,General1,Talent,"Lurking Shadow",101276,"Increases your threat generated by Shadow damage by 40%.  Reduces all damage taken by 2%.",11,0,0,0,0,0,0,0
General,General1,Talent,"Natural Disaster",101279,"Increases your threat generated by Nature damage by 40%.  Reduces all damage taken by 2%.",11,0,0,0,0,0,0,0
General,General1,Talent,"Renewed Energy",964993,"Restores 20% base mana when you kill a target that gives experience or honor. This effect can only occur once every 10 sec.  This enchant does not stack with similar effects.",11,0,0,0,0,0,0,0
General,General1,Talent,"Rocket-fueled Fins",970035,"Increases the swim speed of your Aquatic Form by 25%.",16,0,0,0,0,0,0,0
General,General1,Talent,"Trisolaris",281379,"Fireball and Pyroblast tick one additional time and their damage over time effect can now stack up to 4 times.",10,0,0,0,0,0,0,0
Hunter,BeastMastery,Ability,"Aspect of the Beast",13161,"Take on the Aspects of a Beast, becoming untrackable and increasing melee attack power by 10% for you and your pet.      Only one Aspect can be active at a time.",30,0,0,26,28,0,0,0
Hunter,BeastMastery,Ability,"Aspect of the Cheetah",5118,"You take on the aspects of a cheetah, increasing movement speed by 30%.  If struck, you will be dazed for 4 sec.      Only one Aspect can be active at a time.",14,0,0,12,12,0,0,0
Hunter,BeastMastery,Ability,"Aspect of the Dragonhawk",61846,"The hunter takes on the aspects of a dragonhawk, increasing ranged attack power by 120 and chance to dodge by 10%.    Only one Aspect can be active at a time.",50,0,0,39,58,0,0,0
Hunter,BeastMastery,Ability,"Aspect of the Hawk",13165,"The hunter takes on the aspects of a hawk, increasing ranged attack power by 11.      Only one Aspect can be active at a time.",4,0,0,0,2,0,0,0
Hunter,BeastMastery,Ability,"Aspect of the Monkey",13163,"The hunter takes on the aspects of a monkey, increasing chance to dodge by 10%.      Only one Aspect can be active at a time.",10,0,0,24,8,0,0,0
Hunter,BeastMastery,Ability,"Aspect of the Pack",13159,"The hunter and raid members within 40 yards take on the aspects of a pack of cheetahs, increasing movement speed by 30%.      If you are struck under the effect of this aspect, you will be dazed for 4 sec.    Only one Aspect can be active at a time.",30,0,0,26,38,0,0,0
Hunter,BeastMastery,Ability,"Aspect of the Viper",34074,"The hunter takes on the aspect of the viper, causing ranged and melee attacks a chance to regenerate mana.    Damage and healing done reduced by 40%.     You gain 4% of maximum mana every 3 sec.   Only one Aspect can be active at a time.",20,0,0,17,18,0,0,0
Hunter,BeastMastery,Ability,"Aspect of the Wild",20043,"The hunter, group and raid members within 30 yards take on the aspect of the wild, increasing Nature resistance by 45.      Only one Aspect can be active at a time.",46,0,0,37,44,0,0,0
Hunter,BeastMastery,Ability,"Barbed Shot",984828,"Fire a shot that tears through your enemy, causing them to bleed over 8 sec.    Sends your pet into a bloodrush, increasing attack speed by 20% for 8 sec, stacking up to 3 times.    Max 2 charges. 12 second recharge timer.",35,0,0,30,38,0,0,0
Hunter,BeastMastery,Ability,"Beast Mastery",53270,"Requires  Tame Beast Abilities  You master the art of Beast training, teaching you the ability to tame Exotic pets and increasing your total amount of Pet Skill Points by 6.",40,0,0,40,38,0,15,30
Hunter,BeastMastery,Ability,"Bestial Wrath",19574,"Send your tamed beast or tamed dragonkin into a rage causing 50% additional damage for 10 sec.  While enraged, the beast does not feel pity or remorse or fear and it cannot be stopped unless killed.  Does not stack with other similar effects.  This ability is usable while shapeshifted.",30,0,0,40,28,0,9,21
Hunter,BeastMastery,Ability,"Call Stabled Pet",62757,"Choose one of your stabled pets to replace your current pet. The selected pet busts out of its stable to join you no matter where you are.  Cannot be used in combat.",40,0,0,11,48,0,0,0
Hunter,BeastMastery,Ability,"Eyes of the Beast",1002,"Take direct control of your pet and see through its eyes for 1 min.  This ability is usable while shapeshifted.",14,0,0,4,12,0,0,0
Hunter,BeastMastery,Ability,"Frenzy Shot",954587,"Fires a shot, dealing 150% weapon damage. This sends your pet into a frenzy, causing its auto attacks to trigger an additional attack that strikes up to 5 nearby enemies for 8 sec.",20,0,0,29,18,0,0,0
Hunter,BeastMastery,Ability,"Hunter Aspect Mastery",92156,"You gain Hunter Aspect Mastery when learning any Hunter Aspect Spell.     This Mastery automatically unlocks Hunter Aspect Spells when you reach their Class Point requirements at no additional ability essence cost.   Aspect of the Hawk The hunter takes on the aspects of a hawk, increasing ranged attack power.    Aspect of the Monkey The hunter takes on the aspects of a monkey, increasing chance to dodge.    Aspect of the Cheetah You take on the aspects of a cheetah, increasing movement speed.    Aspect of the Viper The hunter takes on the aspect of the viper, causing ranged and melee attacks a chance to regenerate mana, reducing damage and healing done.    Aspect of the Beast Take on the Aspects of a Beast, becoming untrackable and increasing melee attack power by for you and your pet.    Aspect of the Pack Take on aspect of the pack, providing movement speed to all allies around you.    Aspect of the Wild Take on aspect of the wild, granting Nature resistance to nearby allies.    Aspect of the Dragonhawk The hunter takes on the aspects of a dragonhawk, increasing ranged attack power and chance to dodge.",4,0,0,0,0,0,0,0
Hunter,BeastMastery,Ability,"Intimidation",19577,"Command your tamed beast to intimidate the target, causing a high amount of threat and stunning the target for 3 sec. Lasts 15 sec.",22,0,0,32,20,0,6,12
Hunter,BeastMastery,Ability,"Kill Command",34026,"Give the command to kill, increasing your tamed beast's damage done from special attacks by 40% for 30 sec. Each special attack done by the tamed beast reduces the damage bonus by 10%.  This ability is usable while shapeshifted.",40,0,0,34,38,0,0,0
Hunter,BeastMastery,Ability,"Master's Call",53271,"Your pet attempts to remove all root and movement impairing effects from itself and its owner, and causes your pet and its target to be immune to all such effects for 4 sec.",40,0,0,40,48,0,0,0
Hunter,BeastMastery,Ability,"Mend Pet",136,"Heals your Tamed Pet for 125 health over 15 sec.  This ability is usable while shapeshifted.  Tamed Pet includes Summoned Demon, Enslave Demon, Dominate Undead, Tame Dragonkin, Tether Elemental, Summoned Ghoul, and Tame Beast.",12,0,0,3,10,0,0,0
Hunter,BeastMastery,Ability,"Scare Beast",1513,"Scares a beast, causing it to run in fear for up to 10 sec.  Damage caused may interrupt the effect. Only one beast can be feared at a time.  This ability is usable while shapeshifted.",8,0,0,7,6,0,0,0
Hunter,BeastMastery,Ability,"Tame Beast Abilities",965200,"Teaches you the necessary abilities to tame a pet companion.  Teaches you Tame Beast, Call Pet, Dismiss Pet, Feed Pet, Revive Pet and Beast Lore.",10,0,0,5,8,0,0,0
Hunter,BeastMastery,Talent,"Animal Handler",34453,"Increases your tamed beast's attack power by 12% and increases the duration of your Master's Call effect by 6 sec.",24,0,0,0,0,0,6,15
Hunter,BeastMastery,Talent,"Aspect Mastery",53265,"Aspect of the Viper - Reduces the damage and healing penalty by 10%.  Aspect of the Monkey - Reduces the damage done to you while active by 5%.  Aspect of the Hawk - Increases the attack power bonus by 30%.    Aspect of the Dragonhawk - Combines the bonuses from Aspect of the Monkey and Hawk.",22,0,0,0,0,0,6,12
Hunter,BeastMastery,Talent,"Bestial Discipline",19590,"Increases the Focus regeneration of your tamed pets by 100%.    Tamed Pet includes Summoned Demon, Enslave Demon, Dominate Undead, Tame Dragonkin, Tether Elemental, Summoned Ghoul, and Tame Beast.",16,0,0,0,0,0,3,6
Hunter,BeastMastery,Talent,"Catlike Reflexes",34462,"Increases your chance to dodge by 3% and your tamed beast's chance to dodge by an additional 12%.     Reduces the cooldown of your Kill Command ability by 30 sec.",36,0,0,0,0,0,12,27
Hunter,BeastMastery,Talent,"Cobra Strikes",53256,"You have a 60% chance when you critically hit with a Ranged or Melee ability to cause your tamed beast's next 2 special attacks to critically hit.",30,0,0,0,0,0,9,21
Hunter,BeastMastery,Talent,"Endurance Training",19583,"Increases your total health by 5%.    Increases the health of your tamed beast, enslaved demon, dominated undead, tamed dragonkin, and tethered elemental by 15%.",10,0,0,0,0,0,0,0
Hunter,BeastMastery,Talent,"Ferocious Inspiration",34455,"Increases the damage of all party and raid members by 3%.   Does not stack with other similar effects.    Increases the damage dealt by Arcane Shot and Steady Shot by 9%.",30,0,0,0,0,0,9,21
Hunter,BeastMastery,Talent,"Ferocity",19598,"Increases the critical strike chance of your tamed pet by 15%.    Tamed Pet includes Summoned Demon, Enslave Demon, Dominate Undead, Tame Dragonkin, Tether Elemental, Summoned Ghoul, and Tame Beast.",18,0,0,0,0,0,3,9
Hunter,BeastMastery,Talent,"Focused Fire",35029,"All damage caused by you and your pet is increased by 2% while your pet is active and the critical strike chance of your tamed beast's special abilities is increased by 20% while Kill Command is active.",12,0,0,0,0,0,0,0
Hunter,BeastMastery,Talent,"Frenzy",19621,"Gives your pet a 100% chance to gain a 30% attack speed increase for 8 sec after dealing a critical strike.    Tamed Pet includes Summoned Demon, Enslave Demon, Dominate Undead, Tame Dragonkin, Tether Elemental, Summoned Ghoul, and Tame Beast.",24,0,0,0,0,0,6,15
Hunter,BeastMastery,Talent,"Improved Aspect of the Hawk",19552,"While Aspect of the Hawk is active, all Ranged or Melee abilities have a 10% chance of increasing ranged attack speed by 15% for 12 sec.",10,0,0,0,0,0,0,0
Hunter,BeastMastery,Talent,"Improved Aspect of the Monkey",19549,"Increases the dodge bonus of your Aspect of the Monkey and Aspect of the Dragonhawk by 6%.",18,0,0,0,0,0,3,9
Hunter,BeastMastery,Talent,"Improved Mend Pet",19572,"Reduces the mana cost of your Mend Pet spell by 20%.    Mend Pet has a 50% chance of cleansing 1 Curse, Disease, Magic or Poison effect from the pet each tick.",12,0,0,0,0,0,0,0
Hunter,BeastMastery,Talent,"Improved Revive Pet",24443,"All pet revival spells have their cast times reduced by 6 seconds, mana costs reduced by 40%, and the health your pet returns with is increased by an additional 30%.    Revive Pet includes; Revive Elemental, Revive Dragonkin, Revive Undead, Revive Demon.",12,0,0,0,0,0,0,0
Hunter,BeastMastery,Talent,"Invigoration",53252,"When your tamed beast scores a critical hit with a special ability, you have a 100% chance to instantly regenerate 1% mana.",34,0,0,0,0,0,9,24
Hunter,BeastMastery,Talent,"Kindred Spirits",56314,"Increases your Tamed Pet's damage and healing by 35% and your Tamed Pet's movement speed by 10%.    Tamed Pet includes Summoned Demon, Enslave Demon, Dominate Undead, Tame Dragonkin, Tether Elemental, Summoned Ghoul, and Tame Beast.",40,0,0,0,0,0,12,30
Hunter,BeastMastery,Talent,"Longevity",53262,"Reduces the cooldown of your Bestial Wrath, Intimidation and Tamed Beast Pet Special Abilities by 30%.",36,0,0,0,0,0,12,27
Hunter,BeastMastery,Talent,"Pathfinding",19559,"Increases the speed bonus of your Aspect of the Cheetah and Aspect of the Pack by 8%.    Increases your speed while mounted by 10%. The mounted movement speed increase does not stack with similar effects.",16,0,0,0,0,0,3,6
Hunter,BeastMastery,Talent,"Primal Reflexes",101437,"Increases the dodge bonus of your Aspect of the Monkey and Aspect of the Dragonhawk by 8%.",10,0,0,40,0,0,0,0
Hunter,BeastMastery,Talent,"Serpent's Swiftness",34466,"Increases ranged combat attack speed by 20% and your tamed beast's melee attack speed by 20%.",34,0,0,0,0,0,9,24
Hunter,BeastMastery,Talent,"Spirit Bond",19578,"While your pet is active, you and your pet will regenerate 2% of total health every 10 sec.    Increases healing done to you and your pet by 10%. This effect does not stack with other similar effects.",22,0,0,0,0,0,6,12
Hunter,BeastMastery,Talent,"The Beast Within",34692,"While your tamed beast or tamed dragonkin is under the effects of Bestial Wrath, you also go into a rage causing 15% additional damage and reducing mana costs of all spells and ranged abilities by 50% for 10 sec. While enraged, you do not feel pity or remorse or fear and you cannot be stopped unless killed.  Does not stack with other similar effects.",36,0,0,40,0,0,12,27
Hunter,BeastMastery,Talent,"Thick Hide",19609,"Increases the armor rating of your tamed beast by 20% and your armor contribution from items by 10%.",12,0,0,0,0,0,0,0
Hunter,BeastMastery,Talent,"Unleashed Fury",19616,"Increases the damage done by your Tamed Pet by 25%, and Tamed Beast special attacks by an additional 25%.    Tamed Pet includes Summoned Demon, Enslave Demon, Dominate Undead, Tame Dragonkin, Tether Elemental, Summoned Ghoul, and Tame Beast.",16,0,0,0,0,0,3,6
Hunter,Marksmanship,Ability,"Aimed Shot",19434,"An aimed shot that deals 150% weapon damage plus 5 and reduces healing done to that target by 50%. Lasts 10 sec.   Does not stack with other similar effects.",16,0,0,14,14,0,3,6
Hunter,Marksmanship,Ability,"Arcane Shot",3044,"An instant shot that causes 15 Arcane damage.",1,0,0,0,0,0,0,0
Hunter,Marksmanship,Ability,"Auto shot",965202,"Automatically shoots the target until cancelled. Increases your ranged Attack Speed by 33% and scales with Ranged Attack Power.",1,0,0,0,0,0,0,0
Hunter,Marksmanship,Ability,"Chimera Shot",53209,"Deals 230% ranged weapon damage, refreshing the current Stings on your target and triggering extra effects if the Stings are active:  Serpent Sting - Instantly deals 90% of the damage done by your Serpent Sting.  Viper Sting - Instantly restores mana to you equal to 60% of the total amount drained by your Viper Sting.   Scorpid Sting - Disarms the target for 10 sec. This effect cannot occur more than once per 1 minute.",40,0,0,0,38,0,15,30
Hunter,Marksmanship,Ability,"Concussive Shot",5116,"A shot that deals 90% weapon damage and dazes the target, slowing movement speed by 50% for 4 sec.",8,0,0,9,6,0,0,0
Hunter,Marksmanship,Ability,"Distracting Shot",20736,"Distracts the target to attack you, but has no effect if the target is already attacking you. Lasts 6 sec.",12,0,0,3,10,0,0,0
Hunter,Marksmanship,Ability,"Flare",1543,"Exposes all hidden and invisible enemies within 10 yards of the targeted area for 20 sec.",32,0,0,28,30,0,0,0
Hunter,Marksmanship,Ability,"Hunter's Mark",1130,"Places the Hunter's Mark on the target, increasing the ranged attack power of all attackers against that target by 20.    The marked target can always be seen by the hunter whether it stealths or turns invisible, and appears on the mini-map. Lasts for 5 min.",6,0,0,4,4,0,0,0
Hunter,Marksmanship,Ability,"Kill Shot",53351,"You attempt to finish the wounded target off, firing a ranged attack dealing 200% weapon damage plus 26. Kill Shot can only be used on enemies that have 20% or less health.",32,0,0,9,30,0,0,0
Hunter,Marksmanship,Ability,"Multi-Shot",2643,"Fires several missiles, hitting 3 targets for 100% weapon damage.",18,0,0,5,16,0,0,0
Hunter,Marksmanship,Ability,"Rapid Fire",3045,"Increases ranged attack speed by 40% for 15 sec.",26,0,0,38,24,0,0,0
Hunter,Marksmanship,Ability,"Readiness",23989,"When activated, this ability immediately resets the cooldown on your other Hunter abilities except Bestial Wrath.",22,0,0,32,20,0,6,12
Hunter,Marksmanship,Ability,"Scorpid Sting",3043,"Stings the target, reducing chance to hit with melee and ranged attacks by 3% for 20 sec. Only one Sting per Hunter can be active on any one target.    Does not stack with other similar effects.",22,0,0,19,20,0,0,0
Hunter,Marksmanship,Ability,"Serpent Sting",1978,"Stings the target, causing 25 Nature damage over 15 sec.",4,0,0,4,2,0,0,0
Hunter,Marksmanship,Ability,"Silencing Shot",34490,"A shot that deals 75% weapon damage and silences the target for 2 sec. Non-player victim spellcasting is also interrupted for 3 sec.     Silencing Shot cannot trigger any procs.    This ability shares a cooldown with other interrupts.",36,0,0,40,34,0,12,27
Hunter,Marksmanship,Ability,"Steady Shot",56641,"A steady shot that causes 75% weapon damage plus 9. Causes an additional 10 to slowed targets.",1,0,0,0,0,0,0,0
Hunter,Marksmanship,Ability,"Sting Mastery",6004,"You gain Sting Mastery when learning any Sting Spells.     This Mastery automatically unlocks additional Sting Spells when you reach their Class Point requirements at no additional ability essence cost.    Serpent Sting Stings the target, causing Nature damage over time.   Scorpid Sting Stings the target, reducing their chance to hit with melee and ranged attacks.   Viper Sting Stings the target, draining mana over time from your target.",4,0,0,4,0,0,0,0
Hunter,Marksmanship,Ability,"Tranquilizing Shot",19801,"Attempts to remove 1 Enrage and 1 Magic effect from an enemy target.",44,0,0,40,42,0,0,0
Hunter,Marksmanship,Ability,"Trueshot Aura",19506,"Increases the attack power of all party and raid members by 10% within 100 yards.   Does not stack with other similar effects.",30,0,0,32,28,0,9,21
Hunter,Marksmanship,Ability,"Viper Sting",3034,"Stings the target, draining 4% mana over 8 sec (up to a maximum of 8% of the caster's maximum mana), and energizing you equal to the amount drained. Only one Sting per Hunter can be active on any one target.",36,0,0,32,34,0,0,0
Hunter,Marksmanship,Ability,"Volley",1510,"Continuously fires a volley of ammo at the target area, causing 55 Arcane damage to enemy targets within 8 yards every 1.00 second for 6 sec.",40,0,0,11,38,0,0,0
Hunter,Marksmanship,Talent,"Barrage",19461,"Increases the damage done by your Multi-Shot, Aimed Shot and Volley spells by 12%.",22,0,0,0,0,0,6,12
Hunter,Marksmanship,Talent,"Careful Aim",34482,"Requires  Primary Stat: Agility    Increases your hit chance by 3%.   Increases your ranged attack power by an amount equal to 60% of your total Intellect",12,0,0,0,0,0,0,0
Hunter,Marksmanship,Talent,"Combat Experience",34475,"Increases your total Agility by 4%.    Increases your melee and ranged critical strike chance by 4%.",24,0,0,0,0,0,6,15
Hunter,Marksmanship,Talent,"Concussive Barrage",35100,"Your successful Chimera Shot and Multi-Shot attacks have a 100% chance to Daze the target for 4 seconds.",22,0,0,0,0,0,6,12
Hunter,Marksmanship,Talent,"Efficiency",19416,"Increases your Ranged attack speed by 10%.    Reduces the mana cost of your Shots and Stings by 30%.",18,0,0,0,0,0,3,9
Hunter,Marksmanship,Talent,"Focused Aim",53620,"Increases your hit chance by 2%.    Reduces the pushback suffered from damaging attacks while casting Steady Shot by 70%.",10,0,0,0,0,0,0,0
Hunter,Marksmanship,Talent,"Go for the Throat",34950,"Your ranged and melee critical strikes cause your tamed beast to generate 50 Focus.    Dominate undead, enslaved demon or tamed dragonkin generate 50 Energy.     This effect cannot occur more than once every 2 seconds.",16,0,0,0,0,0,3,6
Hunter,Marksmanship,Talent,"Improved Arcane Shot",19454,"Increases the damage done by your Arcane Shot by 15%.",16,0,0,0,0,0,3,6
Hunter,Marksmanship,Talent,"Improved Barrage",35104,"Increases the critical strike chance of your Quick Shot, Multi-Shot and Aimed Shot abilities by 12%.    Reduces the pushback suffered from damaging attacks while channeling Volley by 100%.",30,0,0,0,0,0,9,21
Hunter,Marksmanship,Talent,"Improved Concussive Shot",19407,"Increases the duration of your Concussive Shot's daze effect by 2 sec.",10,0,0,0,0,0,0,0
Hunter,Marksmanship,Talent,"Improved Hunter's Mark",19421,"Increases the bonus attack power granted by your Hunter's Mark ability by 30%.    Reduces the mana cost of your Hunter's Mark ability by 100%.",12,0,0,0,0,0,0,0
Hunter,Marksmanship,Talent,"Improved Steady Shot",53221,"Your Steady Shot has a 50% chance to empower your next Aimed Shot, Arcane Shot, Chimera Shot, or Multi-Shots, increasing its damage by 20% and reducing its mana cost by 25%.",36,0,0,0,0,0,12,27
Hunter,Marksmanship,Talent,"Improved Stings",19464,"Increases the damage done by your Serpent Sting by 20%, and the effectiveness of Viper Sting by 30%.  Capstone Bonus: If your Serpent Sting is dispelled, the target is afflicted by Serpent's Kiss for 5 sec. Using Chimera Shot on a target afflicted by your Serpent's Kiss deals bonus Nature damage and applies Serpent Sting.",18,0,0,0,0,0,3,9
Hunter,Marksmanship,Talent,"Lethal Shots",19426,"Increases your critical strike chance with ranged weapons by 5%.",10,0,0,0,0,0,0,0
Hunter,Marksmanship,Talent,"Marked for Death",53241,"Increases the damage done by 6% on targets affected by Hunter's Mark.    Increases the critical strike damage bonus of your Hunter Abilities by 12%.",40,0,0,0,0,0,12,30
Hunter,Marksmanship,Talent,"Master Marksman",34485,"Increases your critical strike chance by 6%.     Reduces the mana cost of your Steady Shot, Aimed Shot, Chimera Shot and Kill Shot by 25%.",34,0,0,0,0,0,9,24
Hunter,Marksmanship,Talent,"Mortal Shots",19485,"Increases the critical strike damage bonus of your ranged abilities by 30%.",12,0,0,0,0,0,0,0
Hunter,Marksmanship,Talent,"Perforating Shots",853236,"Requires  Primary Stat: Strength Piercing Shots also causes your attacks to pierce 20% of the target's armor.",34,0,0,0,0,0,9,24
Hunter,Marksmanship,Talent,"Piercing Shots",53234,"Your critical Aimed Shot, Steady Shot, Arcane Shot, Chimera Shot, Multi-Shot and Kill Shot cause the target to take 40% of the damage dealt over 8 seconds.",30,0,0,0,0,0,9,21
Hunter,Marksmanship,Talent,"Ranged Weapon Specialization",19507,"Increases the damage dealt by your Auto Shot and Hunter Shots by 6%.",24,0,0,0,0,0,6,15
Hunter,Marksmanship,Talent,"Rapid Killing",34948,"Reduces the cooldown of your Rapid Fire ability by 180 seconds.     Killing an opponent that yields experience or honor makes your next two Aimed Shot, Arcane Shot or Chimera Shots cause 20% additional damage.",16,0,0,0,0,0,3,6
Hunter,Marksmanship,Talent,"Rapid Recuperation",53228,"Regenerate 6% of your base mana every 3 sec while under the effect of Rapid Fire.    Regenerate 2% of your base mana every 2 sec when you gain Rapid Killing.",34,0,0,0,0,0,9,24
Hunter,Marksmanship,Talent,"Wild Quiver",53215,"You have a 30% chance to shoot an additional shot when dealing damage with your Auto Shot or Steady Shot, dealing 60% weapon Nature damage.",36,0,0,0,0,0,12,27
Hunter,Survival,Ability,"Black Arrow",3674,"Fires a Black Arrow at the target, increasing all damage done by you to the target by 6% and dealing 94 Shadow damage every 3 over 15 sec.",36,0,0,0,34,0,12,27
Hunter,Survival,Ability,"Counterattack",19306,"A strike that becomes active after parrying an opponent's attack. This attack deals 48 damage and immobilizes the target for 5 sec.     Counterattack cannot be blocked, dodged, or parried.",22,0,0,0,20,0,6,12
Hunter,Survival,Ability,"Deterrence",19263,"When activated, increases parry chance by 100%, reduces the chance ranged attacks will hit you by 100% and grants a 100% chance to deflect spells.  While Deterrence is active, you cannot attack.  Lasts 5 sec.",36,0,0,40,34,0,0,0
Hunter,Survival,Ability,"Disengage",781,"You attempt to disengage from combat, leaping backwards.  This ability is usable while shapeshifted.",16,0,0,32,14,0,0,0
Hunter,Survival,Ability,"Explosive Shot",53301,"You fire an explosive charge into the enemy target, dealing 34 Fire damage to the target.    Nearby enemies are also hit, for 40% of damage dealt.     The charge will blast the target every second for an additional 2 sec.",40,0,0,0,38,0,15,30
Hunter,Survival,Ability,"Explosive Trap",13813,"Place a fire trap that explodes when an enemy approaches, causing 109 to 139 Fire damage and burning all enemies for 181 additional Fire damage over 20 sec to all within 10 yards. Trap will exist for 30 sec. Only one trap can be active at a time.",34,0,0,10,32,0,0,0
Hunter,Survival,Ability,"Feign Death",5384,"Feign death which may trick enemies into ignoring you. Raid Bosses will see through this trick, but staying feigned will deceive them. Lasts up to 6 min.  This ability is usable while shapeshifted.",30,0,0,40,28,0,0,0
Hunter,Survival,Ability,"Fire Trap Mastery",93534,"You gain Fire Trap Mastery when learning any Fire Trap.     This Mastery automatically unlocks additional Fire Traps when you reach their Class Point requirements at no additional ability essence cost.   Immolation Trap Place a fire trap that burns the first enemies who steps on it, dealing Fire damage over time to the target.   Explosive Trap Place a fire trap that explodes when the first enemy steps on it, dealing Fire damage to them, and additional Fire damage to all enemies around them.",16,0,0,4,0,0,0,0
Hunter,Survival,Ability,"Freezing Arrow",60192,"Fire a freezing arrow that places a Freezing Trap at the target location, freezing the first enemy that approaches, preventing all action for up to 20 sec.  Any damage caused will break the ice.  Trap will exist for 30 sec. Only one trap can be active at a time.",40,0,0,40,58,0,0,0
Hunter,Survival,Ability,"Freezing Trap",1499,"Place a frost trap that freezes the first enemy that approaches, preventing all action for up to 10 sec.(8 seconds against players).    Any damage caused will break the ice.   Trap will exist for 30 sec.   Only one trap can be active at a time.",20,0,0,29,18,0,0,0
Hunter,Survival,Ability,"Frost Trap",13809,"Place a frost trap that creates an ice slick around itself for 30 sec when the first enemy approaches it. All enemies within 10 yards will be slowed by 50% while in the area of effect. Trap will exist for 30 sec. Only one trap can be active at a time.",20,0,0,29,18,0,0,0
Hunter,Survival,Ability,"Glaive Toss",954821,"You hurl two glaives toward the target, each dealing 75% weapon damage.",12,0,0,3,10,0,0,0
Hunter,Survival,Ability,"Immolation Trap",13795,"Place a fire trap that will burn the first enemy to approach for 139 Fire damage over 15 sec. Trap will exist for 30 sec. Only one trap can be active at a time.",16,0,0,4,14,0,0,0
Hunter,Survival,Ability,"Misdirection",34477,"The current party or raid member targeted will receive the threat caused by your spells and attacks for 6 sec afterwards.",30,0,0,26,42,0,0,0
Hunter,Survival,Ability,"Mongoose Bite",1495,"Attack the enemy for 16 damage.",1,0,0,0,0,0,0,0
Hunter,Survival,Ability,"Raptor Strike",2973,"A strong attack that increases melee damage by 5.",1,0,0,0,0,0,0,0
Hunter,Survival,Ability,"Scatter Shot",19503,"A short-range shot that deals 50% weapon damage and disorients the target for 4 sec.  Any damage caused except for Piercing Shots and Serpent Sting will remove the effect. Turns off your attack when used.",16,0,0,23,14,0,3,6
Hunter,Survival,Ability,"Snake Trap",34600,"Place a trap that will release several venomous snakes to attack the first enemy to approach. The snakes will die after 15 sec. Trap will exist for 30 sec. Only one trap can be active at a time.",50,0,0,40,58,0,0,0
Hunter,Survival,Ability,"Track Beasts",1494,"Shows the location of all nearby beasts on the minimap and increases damage dealt to beasts by 1%.  Only one form of tracking can be active at a time.",1,0,0,0,0,0,0,0
Hunter,Survival,Ability,"Track Demons",19878,"Shows the location of all nearby demons on the minimap and increases damage dealt to demons by 1%. Only one form of tracking can be active at a time.",32,0,0,9,30,0,0,0
Hunter,Survival,Ability,"Track Dragonkin",19879,"Shows the location of all nearby dragonkin on the minimap and increases damage dealt to dragonkin by 1%. Only one form of tracking can be active at a time.",50,0,0,13,48,0,0,0
Hunter,Survival,Ability,"Track Elementals",19880,"Shows the location of all nearby elementals on the minimap and increases damage dealt to elementals by 1%. Only one form of tracking can be active at a time.",26,0,0,7,24,0,0,0
Hunter,Survival,Ability,"Track Giants",19882,"Shows the location of all nearby giants on the minimap and increases damage dealt to giants by 1%. Only one form of tracking can be active at a time.",40,0,0,11,38,0,0,0
Hunter,Survival,Ability,"Track Hidden",19885,"Greatly increases stealth detection and shows hidden units within detection range on the minimap.     Only one form of tracking can be active at a time.",24,0,0,21,22,0,0,0
Hunter,Survival,Ability,"Track Humanoids",19883,"Shows the location of all nearby humanoids on the minimap. Only one form of tracking can be active at a time.",10,0,0,8,8,0,0,0
Hunter,Survival,Ability,"Track Undead",19884,"Shows the location of all nearby undead on the minimap and increases damage dealts to undead by 1%. Only one form of tracking can be active at a time.",18,0,0,5,16,0,0,0
Hunter,Survival,Ability,"Tracking Mastery",801494,"You gain Tracking Mastery when learning any Tracking Ability.     This Mastery automatically unlocks additional Tracking Abilities when you reach their Class Point requirements at no additional ability essence cost.    Track Beasts Shows the location of all nearby beasts on the minimap and increases damage dealt to beasts by 1%.    Track Humanoids Shows the location of all nearby humanoids on the minimap.    Track Undead Shows the location of all nearby undead on the minimap and increases damage dealts to undead by 1%.    Track Elementals Shows the location of all nearby elementals on the minimap and increases damage dealt to elementals by 1%.    Track Demons Shows the location of all nearby demons on the minimap and increases damage dealt to demons by 1%.    Track Giants Shows the location of all nearby giants on the minimap and increases damage dealt to giants by 1%.    Track Dragonkin Shows the location of all nearby dragonkin on the minimap and increases damage dealt to dragonkin by 1%.    Track Hidden Greatly increases stealth detection and shows hidden units within detection range on the minimap.     Only one form of tracking can be active at a time.",8,0,0,3,14,0,0,0
Hunter,Survival,Ability,"Trap Mastery",92164,"You gain Advanced Trap Mastery when learning any Advanced Trap.     This Mastery automatically unlocks additional Advanced Traps when you reach their Class Point requirements at no additional ability essence cost.   Frost Trap Place a frost trap that creates an ice slick around itself and when the first enemy aproaches it it slows all enemies around them.   Freezing Trap Place a frost trap that freezes the first enemy that steps on it.   Snake Trap Place a trap that when the first enemy steps on it will release several venomous snakes that will attack them.    Freezing Arrow Fire a freezing arrow that places a Freezing trap at the location, freezing the first enemy that steps on it.",20,0,0,29,0,0,0,0
Hunter,Survival,Ability,"Wing Clip",2974,"Maims the enemy, dealing 16 damage and reducing the target's movement speed by 50% for 10 sec.",12,0,0,10,10,0,0,0
Hunter,Survival,Ability,"Wyvern Sting",19386,"A stinging shot that puts the target to sleep for 30 sec. (6 seconds against players) Any damage will cancel the effect.  When the target wakes up, the Sting causes 300 Nature damage over 6 sec. Only one Sting per Hunter can be active on the target at a time.",30,0,0,40,28,0,9,21
Hunter,Survival,Talent,"Entrapment",19184,"When your Frost Trap or Snake Trap is triggered you entrap all afflicted targets, preventing them from moving for 4 sec.",22,0,0,0,0,0,6,12
Hunter,Survival,Talent,"Expose Weakness",34500,"Critical strikes have a 100% chance to grant you Expose Weakness. Expose Weakness increases your attack power by 25% of your Agility for 7 sec.",30,0,0,0,0,0,9,21
Hunter,Survival,Talent,"Hawk Eye",19498,"Increases the range of your ranged weapons by 6 yards.",10,0,0,0,0,0,0,0
Hunter,Survival,Talent,"Hunter vs. Wild",56339,"Increases your attack power and ranged attack power equal to 30% of your total Stamina.",22,0,0,0,0,0,6,12
Hunter,Survival,Talent,"Hunting for Sport",4227,"Increases damage done by 12% to targets under 35% health.    Increases Expertise by 6.",36,0,0,0,0,0,12,27
Hunter,Survival,Talent,"Hunting Party",53290,"Increases your Agility by 3%.  Your Arcane Shot, Explosive Shot and Steady Shot critical strikes have a 100% chance to grant Replenishment.    Replenishment Replenishes 1% of maximum mana per 5 sec on up to 10 party members for 15 sec.",40,0,0,0,0,0,12,30
Hunter,Survival,Talent,"Improved Glaive Toss",956031,"Increases the damage of your Glaive Toss by 15%.  Capstone Bonus: Your Glaive Toss jumps to 2 additional nearby targets, and if you are further than 15 yards away targets hit are slowed by 30% for 3 sec.",12,0,0,0,0,0,0,0
Hunter,Survival,Talent,"Killer Instinct",19370,"Increases your critical strike chance by 3%.     You have a 100% chance to allow the use of your Counterattack ability after using Mongoose Bite, Explosive Shot or Glaive Toss for 8 sec.     This effect can only occur once every 6 seconds.",22,0,0,0,0,0,6,12
Hunter,Survival,Talent,"Lightning Reflexes",19168,"Increases your Agility by 15%.",24,0,0,0,0,0,6,15
Hunter,Survival,Talent,"Lock and Load",56342,"Trapping a target with Freezing Trap, Freezing Arrow or Frost Trap has a 100% chance to cause your next 2 Arcane Shot or Explosive Shot spells to trigger no cooldown, and cost no mana.      Periodic damage from Immolation Trap, Explosive Trap and Black Arrow has a 30% to trigger this effect.     This effect has a 15 sec cooldown.",18,0,0,0,0,0,3,9
Hunter,Survival,Talent,"Lone Wolf",52783,"Increases the damage of your Auto Shot and Hunter abilities by 8% while you do not have a pet active.",10,0,0,0,0,0,0,0
Hunter,Survival,Talent,"Master Tactician",34506,"Your successful offensive ranged shots have a 15% chance to increase your critical strike chance by 9% for 8 sec.",34,0,0,0,0,0,9,24
Hunter,Survival,Talent,"Noxious Stings",53295,"You deal 3% more damage to targets afflicted by your Serpent Sting.     If Wyvern Sting is dispelled, the dispeller is also afflicted by Wyvern Sting lasting 50% of the duration remaining.",34,0,0,40,0,0,9,24
Hunter,Survival,Talent,"Point of No Escape",53298,"Increases the critical strike chance of all of your attacks on targets affected by your Frost Trap, Freezing Trap and Freezing Arrow by 6%.",36,0,0,0,0,0,12,27
Hunter,Survival,Talent,"Relentless",636,"Damage from Mongoose Bite, Raptor Strike and Counterattack pierce through 20% of the target's armor.",24,0,0,0,0,0,6,15
Hunter,Survival,Talent,"Resourcefulness",34491,"Reduces the mana cost of all traps, Hunter melee abilities and Black Arrow by 60%.     Reduces the cooldown of all traps and Black Arrow by 10 sec.  Capstone Bonus: Dealing damage with Immolation Trap, Explosive Trap or Black Arrow reduces the cooldown of your Mongoose Bite, Raptor Strike and Glaive Toss by 1 second.  This effect cannot occur more than once every second.",24,0,0,0,0,0,6,15
Hunter,Survival,Talent,"Savage Retaliation",19295,"Increases the damage dealt by your Counterattack by 15%.   Capstone Bonus: Your Mongoose Bite and Raptor Strike critical hits now lower the internal cooldown of Killer Instinct. This effect has a 4 seconds cooldown.",16,0,0,0,0,0,3,6
Hunter,Survival,Talent,"Savage Strikes",19159,"Increases the critical strike chance of Counterattack, Mongoose Bite, Raptor Strike and Wing Clip by 24%.",10,0,0,0,0,0,0,0
Hunter,Survival,Talent,"Shredding Strikes",888010,"Increases the damage of Counterattack, Mongoose Bite and Raptor Strike by 15%.",12,0,0,0,0,0,0,0
Hunter,Survival,Talent,"Sniper Training",53302,"Increases the critical strike chance of your Kill Shot ability by 15%.    While standing still for 6 sec, you gain Sniper Training increasing the damage of your Steady Shot, Aimed Shot, Black Arrow and Explosive Shot by 6% for 15 sec.",34,0,0,0,0,0,9,24
Hunter,Survival,Talent,"Surefooted",19290,"Reduces the duration of movement impairing effects by 30%.",30,0,0,0,0,0,9,21
Hunter,Survival,Talent,"Survival Instincts",34494,"Reduces all damage taken by 3%.    Increases the critical strike chance of your Arcane Shot, Steady Shot, Explosive Shot and Glaive Toss by 6%.",12,0,0,0,0,0,0,0
Hunter,Survival,Talent,"Survival Tactics",19286,"Reduces the chance your Feign Death ability and all trap spells will be resisted by 4%, and reduces the cooldown of your Disengage ability by 4 sec.",16,0,0,0,0,0,3,6
Hunter,Survival,Talent,"Survivalist",19255,"Increases your Agility and Stamina by 3%.     Reduces the duration of all Disarm effects used against you by 30%.    This does not stack with other Disarm duration reducing effects.",16,0,0,0,0,0,3,6
Hunter,Survival,Talent,"T.N.T.",56333,"Increases the damage done by your Explosive Shot,  Explosive Trap, Black Arrow and Immolation Trap by 6%.",18,0,0,0,0,0,3,9
Hunter,Survival,Talent,"Thrill of the Hunt",34497,"Direct damage Hunter Shots refund 40% of their mana cost when they critically hit.    Arcane Shot and Explosive Shot criticals refund 1 sec of their cooldown, and 2 sec of your Chimera Shot, Multi-Shot, and Aimed Shot. This effect cannot trigger multiple times from the same shot.",30,0,0,0,0,0,9,21
Hunter,Survival,Talent,"Trap Mastery",19376,"Frost Trap - Increases the duration by 30%.  Immolation Trap, Explosive Trap and Black Arrow - Increases the periodic damage done by 30%.  Snake Trap - Increases the number of snakes summoned by 6.",18,0,0,0,0,0,3,9
Mage,Arcane,Ability,"Alter Time",86397,"Alter the fabric of time, causing the caster to return to their current location, their health and mana, when cast a second time, or after 4 sec. Any self-applied, magic dispellable effects are also returned to their previous state.  Effect negated if the caster dies within the 4 sec or before the effect occurs, or moves too far away.",40,0,0,40,38,0,0,0
Mage,Arcane,Ability,"Amplify Magic",1008,"Amplifies magic used against the targeted party member, increasing magic damage taken by 5% and healing spells by 5%.  Lasts 10 min.  This ability is usable while shapeshifted.",18,0,0,18,16,0,0,0
Mage,Arcane,Ability,"Arcane Barrage",44425,"Launches several missiles at the enemy target, causing 251 to 306 Arcane damage.",40,0,0,0,38,0,15,30
Mage,Arcane,Ability,"Arcane Blast",30451,"Blasts the target with energy, dealing 155 to 179 Arcane damage.      Casting this increases all Arcane damage by 15% and its mana cost by 150%. Stacks up to 4 and lasts 6 sec, removed if you cast another Arcane ability that deals damage.",18,0,0,5,16,0,0,0
Mage,Arcane,Ability,"Arcane Explosion",1449,"Causes an explosion of arcane magic around the caster, causing 28 to 32 Arcane damage to all targets within 10 yards.",12,0,0,3,10,0,0,0
Mage,Arcane,Ability,"Arcane Intellect",1459,"Increases the target's Intellect by 2 and spell power by 2 for 30 min.   Does not stack with other similar effects.",1,0,0,4,0,0,0,0
Mage,Arcane,Ability,"Arcane Missiles",5143,"Launches Arcane Missiles at the enemy, causing 17 Arcane damage every 1 sec for 3 sec.",1,0,0,0,0,0,0,0
Mage,Arcane,Ability,"Arcane Orb",955032,"Launches an Arcane Orb forward from your position, traveling up to 35 yards, dealing 336 Arcane damage every 0.5 sec to enemies it passes through and increasing their Arcane damage taken from you by 10%.     Subsequent hits on the same target deals 50% less damage.",40,0,0,40,38,0,0,0
Mage,Arcane,Ability,"Arcane Power",12042,"When activated, your spells and abilities deal 20% more magic damage while costing 20% more mana to cast.  This effect lasts 15 sec.   Does not stack with other similar effects.  This ability can be used while in Cat, Bear, Moonkin or Tree of Life Shapeshifts.",30,0,0,40,28,0,9,21
Mage,Arcane,Ability,"Arcane Ward",92171,"Absorbs 165 Arcane damage. Lasts 30 sec.  This ability is usable while shapeshifted.",14,0,0,12,12,0,0,0
Mage,Arcane,Ability,"Blink",1953,"Teleports the caster 20 yards forward, unless something is in the way.  Also frees the caster from stuns and bonds.",16,0,0,32,14,0,0,0
Mage,Arcane,Ability,"Brilliance Aura",91234,"Restores 2% missing mana every 1 second to all party members within 35 yards for 15 sec.",16,0,0,24,14,0,0,0
Mage,Arcane,Ability,"Conjuration Mastery",93537,"You gain Conjuration Mastery when learning any Conjuration Spell.     This Mastery automatically unlocks additional Conjuration Spells when you reach their Class Point requirements at no additional ability essence cost.    Conjure Food Conjures food that restores health when eaten.    Conjure Water Conjures water that restores mana when drank.    Ritual of Refreshment Begind a ritual to create a table of refreshments for you and your allies, providing mana and health when consumed.    Conjure Refreshment Conjures refreshments that provides mana and health when consumed.",4,0,0,4,0,0,0,0
Mage,Arcane,Ability,"Conjure Food",587,"Conjures 10 muffins, providing the mage and her allies with something to eat.  Conjured items disappear if logged out for more than 15 minutes.",4,0,0,4,2,0,0,0
Mage,Arcane,Ability,"Conjure Mana Gem",759,"Conjures a mana agate that can be used to instantly restore 314 to 337 mana. 3 charges.",28,0,0,24,26,0,0,0
Mage,Arcane,Ability,"Conjure Refreshment",42951,"Conjures 20 Mana Berries providing the mage and her allies with something to eat.  Conjured items disappear if logged out for more than 15 minutes.",40,0,0,11,48,0,0,0
Mage,Arcane,Ability,"Conjure Water",5504,"Conjures 10 bottles of water, providing the mage and her allies with something to drink.  Conjured items disappear if logged out for more than 15 minutes.",4,0,0,4,2,0,0,0
Mage,Arcane,Ability,"Counterspell",2139,"Counters the enemy's spell cast, preventing any spell from that school of magic from being cast for 8 sec. Generates a high amount of threat.     This ability shares a cooldown with other interrupts.",16,0,0,23,14,0,0,0
Mage,Arcane,Ability,"Dampen Magic",604,"Dampens magic used against the targeted party member, decreasing magic damage taken by 5% and healing spells by 5%.  Lasts 10 min.  This ability is usable while shapeshifted.",12,0,0,10,10,0,0,0
Mage,Arcane,Ability,"Dispel Curse",475,"Removes 1 Curse from a friendly target.",10,0,0,8,8,0,0,0
Mage,Arcane,Ability,"Evocation",12051,"While channeling this spell, you gain 60% of your total mana over 8 sec.",20,0,0,17,18,0,0,0
Mage,Arcane,Ability,"Focus Magic",54646,"Increases the target's chance to critically hit with spells by 3%.      When the target critically hits the caster's chance to critically hit with spells is increased by 3% for 10 sec.     Cannot be cast on self.",16,0,0,20,14,0,6,15
Mage,Arcane,Ability,"Invisibility",66,"Fades the caster to invisibility over 3 sec, reducing threat each second. While invisible, you can only see other invisible targets and those who can see invisible. Lasts 20 sec.",30,0,0,40,38,0,0,0
Mage,Arcane,Ability,"Invocation",986067,"Channel potent energies, reducing damage taken by 35% and periodically discharging projectiles of raw mana that deal high-threat Magic damage to nearby enemies. Lasts 4 seconds.    When the channel ends, 30% of the damage taken during Invocation is restored as mana over 10 sec.    While channeling you are immune to Stun effects.",14,0,0,12,12,0,0,0
Mage,Arcane,Ability,"Mage Armor Mastery",92155,"You gain Mage Armor Mastery when learning any Mage Armor Spell.    This Mastery automatically unlocks additional Mage Armor Spells when you reach their Class Point requirements at no additional ability essence cost.    Frost Armor Increases armor and causes enemies who attack you to become slowed, slowingh their attack and movement speed.    Mage Armor Increases magic resistance and allows you to regenerate more mana while casting, reducing the duration harmful magic on you.    Molten Armor Cause fire damage to enemies who attack you and increase critical strike rating by some of your Spirit. Additionally reduces your chance to be critically hit.",1,0,0,0,0,0,0,0
Mage,Arcane,Ability,"Mage Armor",6117,"Increases your resistance to all magic by 5 and allows 50% of your mana regeneration to continue while casting. Lasts until cancelled.    Only one type of Mage Armor spell can be active at any time.",14,0,0,12,12,0,0,0
Mage,Arcane,Ability,"Magic Attunement Mastery",6007,"You gain Magic Attunement Mastery when learning any Magic Attunement Spell.     This Mastery automatically unlocks additional Magic Attunement Spells when you reach their Class Point requirements at no additional ability essence cost.    Dampen Magic Reduces magic damage taken and healing received.   Amplify Magic Increases magic damage taken and healing received.",12,0,0,10,0,0,0,0
Mage,Arcane,Ability,"Mana Shield",1463,"Absorbs 120 damage, draining mana instead. Drains 1.5 mana per damage absorbed. Lasts 1 min.",20,0,0,29,18,0,0,0
Mage,Arcane,Ability,"Mana-forged Barrier",701463,"Your threat generated is significantly increased.    Teaches you Channeled Mana.      Channeled Mana 2 Mana Taunts the target to attack you, but has no effect if the target is already attacking you.    This spell is learned when you have a Tank Stance and cannot be unlearned.",10,0,0,14,8,0,0,0
Mage,Arcane,Ability,"Mass Invisibility",760052,"You and your allies within 40 yards instantly become invisible for 5 sec. The effect is cancelled if you perform any actions. While invisible, you can only see other invisible targets and those who can see invisible. Removes invulnerabilities when used.",40,0,0,40,48,0,0,0
Mage,Arcane,Ability,"Mirror Image",55342,"Creates 3 copies of the caster nearby, which cast spells and attack the mage's enemies.  Lasts 30 sec.",40,0,0,40,48,0,0,0
Mage,Arcane,Ability,"Polymorph",118,"Transforms the enemy into a sheep, forcing it to wander around for up to 20 sec. While wandering, the sheep cannot attack or cast spells but will regenerate very quickly.      Any damage will transform the target back into its normal form.     Only one target can be polymorphed at a time. Only works on Beasts, Humanoids and Critters.    8 second duration on players",8,0,0,9,6,0,0,0
Mage,Arcane,Ability,"Portal Mastery",818045,"Gives the ability to learn Portal and Teleport spells.  You can learn the various Teleports and Portals in many towns and cities!",20,0,0,17,42,0,0,0
Mage,Arcane,Ability,"Presence of Mind",12043,"When activated, your next damaging spell within 10 sec with a casting time less than 10 sec becomes instant.",22,0,0,32,20,0,6,12
Mage,Arcane,Ability,"Ritual of Refreshment",43601,"Begins a ritual to create a refreshment table. Raid members can click to receive Conjured Mana Berries.     Requires the caster and 2 others to complete. Participants must right-click the portal and remain still.    Lasts 3 min or 50 charges.",40,0,0,11,48,0,0,0
Mage,Arcane,Ability,"Slow Fall",130,"Slows friendly party or raid target's falling speed for 30 sec.  This ability is usable while shapeshifted.",12,0,0,3,10,0,0,0
Mage,Arcane,Ability,"Slow",31589,"Reduces target's movement speed by 60%, increases the time between ranged attacks by 60% and increases casting time by 30%.  Lasts 15 sec(10 versus players) Slow can only affect one target at a time.   Does not stack with other similar effects.",36,0,0,40,34,0,12,27
Mage,Arcane,Ability,"Spellsteal",30449,"Steals a beneficial magic effect from the target.  This effect lasts a maximum of 2 min.",40,0,0,40,48,0,0,0
Mage,Arcane,Ability,"Ward Mastery",92170,"You gain Ward Mastery when learning any Ward Spell.     This Mastery automatically unlocks additional Ward Spells when you reach their Class Point requirements at no additional ability essence cost.   Arcane Ward Absorbs Arcane damage.    Fire Ward Absorbs Fire damage.    Frost Ward Absorbs Frost damage.    Nature Ward Absorbs Nature damage.    Shadow Ward Absorbs Shadow damage.",14,0,0,12,0,0,0,0
Mage,Arcane,Talent,"Arcane Concentration",11213,"Gives you a 15% chance of entering a Clearcasting state after using a magic damaging spell or ability.    The Clearcasting state reduces the mana, energy or rage cost of your next spell by 100%.",12,0,0,0,0,0,0,0
Mage,Arcane,Talent,"Arcane Empowerment",31579,"Increases the damage of all party and raid members by 3%.   Does not stack with other similar effects.    Increases the spell damage scaling of your Arcane Missiles by 30%.    Increases the spell damage scaling of your Arcane Blast by 15%.",30,0,0,0,0,0,9,21
Mage,Arcane,Talent,"Arcane Flows",44378,"Reduces the cooldown of your Presence of Mind, Arcane Power, Arcane Orb, Alter Time and Invisibility spells by 30%.    Reduces the cooldown of Evocation by 30 seconds.",34,0,0,40,0,0,9,24
Mage,Arcane,Talent,"Arcane Focus",26806,"Increases your Spell penetration by 0, scaling with your level.    Reduces the mana cost of your Arcane spells and abilities by 3%.",10,0,0,0,0,0,0,0
Mage,Arcane,Talent,"Arcane Fortitude",28574,"Increases your armor by an amount equal to 150% of your Intellect.     This effect is doubled while Mana-forged Barrier is active.   Capstone Bonus: Your armor contribution from items is increased by 30% while Mana-Forged Barrier is active.",12,0,0,0,0,0,0,0
Mage,Arcane,Talent,"Arcane Instability",15058,"Increases your spell damage done by 3%.     Increases your critical strike chance by 3%.",24,0,0,32,0,0,6,15
Mage,Arcane,Talent,"Arcane Meditation",18462,"Increases your haste by 3%.    Allows 25% of your mana regeneration to continue while casting.",18,0,0,0,0,0,3,9
Mage,Arcane,Talent,"Arcane Mind",11232,"Increases your total Intellect by 10% and your spell critical chance by 3%.     The duration of Alter Time is increased by 2 sec.  Capstone Bonus: Reduces the global cooldown of Alter Time by 100%.",22,0,0,0,0,0,6,12
Mage,Arcane,Talent,"Arcane Potency",31571,"Increases the critical strike chance of your next damaging spell by 30% after gaining Presence of Mind or Clearcasting from Arcane Concentration. This effect will be consumed by any spell cast, even spells which cannot critically strike.",24,0,0,32,0,0,6,15
Mage,Arcane,Talent,"Arcane Shielding",11252,"Increases the resistances granted by Mage Armor by 50%.    Decreases the mana lost per point of damage taken when Mana Shield is active by 33%.    Capstone Bonus: While in Mana-forged Barrier, when fully consuming Mana Shield brings you below 20% mana restores 5% of your maximum mana every second for 5 sec.",18,0,0,0,0,0,3,9
Mage,Arcane,Talent,"Arcane Stability",11237,"Increases your hit chance by 2%.    Reduces spell pushback suffered from damaging attacks by 70%.     Reduces the mana cost of your Arcane Mage spells by 6%.",10,0,0,0,0,0,0,0
Mage,Arcane,Talent,"Arcane Subtlety",11210,"Reduces the chance your helpful Mage spells and damage over time effects will be dispelled by 30%.    Reduces the threat caused by your Arcane spells by 40%.",10,0,0,0,0,0,0,0
Mage,Arcane,Talent,"Armory of the Archmage",101458,"Resistances granted by Magic Absorption are now increased by 100%.",10,0,0,30,0,0,0,0
Mage,Arcane,Talent,"Empowered Mana Shield",102224,"Increases the shielding amount of Mana Shield by 100%.    Reduces the chance you'll be critically hit by melee and spells by 6%.    Capstone Bonus: The shielding amount of Mana Shield is further increased by 100% of your Defense Rating.",22,0,0,0,0,0,6,12
Mage,Arcane,Talent,"Improved Blink",31569,"Reduces the mana cost of Blink by 50% and for 4 sec after casting your chance to be hit by all attacks and spells is reduced by 30%.",22,0,0,0,0,0,6,12
Mage,Arcane,Talent,"Improved Counterspell",11255,"Your Counterspell also silences the target for 4 sec.",18,0,0,0,0,0,3,9
Mage,Arcane,Talent,"Incanter's Absorption",44394,"When your Mana Shield, Frost Ward, Fire Ward, Arcane Ward, Ice Barrier, or Arcane Barrier absorbs damage your spell damage is increased by 15% of the amount absorbed for 10 sec.    This effect is doubled while in Mana-Forged Barrier.",30,0,0,0,0,0,9,21
Mage,Arcane,Talent,"Magic Absorption",29441,"Increases all resistances by 0.5 per level.    All spells that damage you have a 10% chance to restore 2% of your total mana. 6 second cooldown.",12,0,0,0,0,0,0,0
Mage,Arcane,Talent,"Medivh's Reach",12219,"Increases the range of your damaging spells with a channeling or cast time by 6 yards.     Does not stack with similar effects.",16,0,0,0,0,0,3,6
Mage,Arcane,Talent,"Mind Mastery",31584,"Increases spell damage by 9% of your Intellect.     Reduces the mana cost of all spells by 6%.     Increases the duration of Brilliance Aura by 6 seconds.",40,0,0,0,0,0,12,30
Mage,Arcane,Talent,"Missile Barrage",44404,"Using Arcane direct damage spells and abilities has a 40% chance, Fire and Frost direct damage has a 20% chance, and Align has a 40% chance to empower your next Arcane Missiles, reducing its channel and fire time by 2 seconds and removing its mana cost.    Arcane Missiles cannot trigger this effect.",36,0,0,0,0,0,12,27
Mage,Arcane,Talent,"Netherwind Presence",44400,"Increases spell haste by 9%.",40,0,0,0,0,0,12,30
Mage,Arcane,Talent,"Power Surge",828574,"Your direct magic damage has a 100% chance to grant you a Power Surge, reducing all damage taken by 2% and empowering the absorption amount of your next Mana Shield by 20% for 6 seconds, stacking up to 3 times.",12,0,0,0,0,0,0,0
Mage,Arcane,Talent,"Prismatic Cloak",31574,"Reduces all damage taken by 6%.     Reduces the fade time of your Invisibility spell by 3 sec.",24,0,0,0,0,0,6,15
Mage,Arcane,Talent,"Spell Impact",11242,"Increases the damage of your Arcane Explosion, Arcane Blast, Arcane Barrage, Arcane Orb, Blast Wave, Fire Blast, Scorch, Pyroblast, Ice Lance and Cone of Cold spells by 6%.",16,0,0,0,0,0,3,6
Mage,Arcane,Talent,"Spell Power",35578,"Your spell critical strikes now deal 200% damage.      This does not stack with other similar effects.  Capstone Bonus: Dealing direct critical damage with a spell while your mana is below 50% taps into raw power, restoring 1% of your total mana each second and increasing your magic damage by 4% and Arcane damage by another 2%. This effect lasts for 15 seconds and can only occur once every 30 seconds.",34,0,0,0,0,0,9,24
Mage,Arcane,Talent,"Spellblade",812575,"Your melee attacks have a 12% chance to restore 20% of your base mana.",10,0,0,0,0,0,0,0
Mage,Arcane,Talent,"Student of the Mind",44397,"Increases your total Spirit by 9%.  Capstone Bonus: Your spell damage is increased by 10% of your Spirit.",16,0,0,0,0,0,3,6
Mage,Arcane,Talent,"Torment the Weak",29447,"Your Frostbolt, Fireball, Frostfire Bolt, Pyroblast, Arcane Missiles, Arcane Blast, and Arcane Barrage abilities deal 12% more damage to targets affected by a movement or attack speed slow.",18,0,0,0,0,0,3,9
Mage,Fire,Ability,"Blast Wave",11113,"A wave of flame radiates outward from the caster, damaging all enemies caught within the blast for 76 to 88 Fire damage, knocking them back and dazing them for 6 sec.",22,0,0,32,20,0,6,12
Mage,Fire,Ability,"Combustion",11129,"When activated, this spell increases your critical strike damage bonus with Fire damage spells and abilities by 50%, and causes each of your damaging Fire hits to increase your critical strike chance with Fire damage by 10%.  This effect lasts until you have caused 3 non-periodic Fire critical strikes.",30,0,0,40,28,0,9,21
Mage,Fire,Ability,"Dragon's Breath",31661,"Targets in a cone in front of the caster take 170 to 207 Fire damage and are Disoriented for 5 sec.  Any direct damaging attack will revive targets.  Turns off your attack when used.",36,0,0,40,34,0,12,27
Mage,Fire,Ability,"Fire Blast",2136,"Blasts the enemy for 19 to 23 Fire damage.",1,0,0,0,0,0,0,0
Mage,Fire,Ability,"Fire Ward",543,"Absorbs 165 Fire damage.  Lasts 30 sec.  This ability is usable while shapeshifted.",14,0,0,12,12,0,0,0
Mage,Fire,Ability,"Fireball",133,"Hurls a fiery ball that causes 14 to 22 Fire damage and an additional 2 Fire damage over 4 sec.",1,0,0,0,0,0,0,0
Mage,Fire,Ability,"Flamestrike",2120,"Calls down a pillar of fire, burning all enemies within the area for 52 to 68 Fire damage and an additional 48 Fire damage over 8 sec.",16,0,0,4,14,0,0,0
Mage,Fire,Ability,"Living Bomb",44457,"The target becomes a Living Bomb, taking 256 Fire damage over 12 sec.  After 12 sec or when the spell is dispelled, the target explodes dealing 120 Fire damage to all enemies within 10 yards.",40,0,0,0,38,0,15,30
Mage,Fire,Ability,"Meteor",760040,"Calls down a meteor which lands at the target location after 3 seconds, dealing 142 Fire damage within 8 yards, and burns the ground for 154 Fire damage over 6 sec to all enemies in the area.",36,0,0,40,34,0,0,0
Mage,Fire,Ability,"Molten Armor",30482,"Causes 40 Fire damage when hit.    Increases your critical strike rating by 10% of your Spirit.    Reduces the chance you are critically hit by 5%.      Lasts until cancelled.    Only one type of Mage Armor spell can be active at any time.",44,0,0,40,42,0,0,0
Mage,Fire,Ability,"Pyroblast",11366,"Hurls an immense fiery boulder that causes 133 to 176 Fire damage and an additional 52 Fire damage over 12 sec.",16,0,0,0,14,0,3,6
Mage,Fire,Ability,"Scorch",2948,"Scorch the enemy for 53 to 65 Fire damage.",22,0,0,6,20,0,0,0
Mage,Fire,Ability,"Tame Dragonkin",91634,"Teaches you the necessary abilities to tame a Dragonkin companion.  Teaches you Tame Dragonkin, Call Dragonkin, Dismiss Dragonkin, Revive Dragonkin and Dragonkin Lore.      Tame Dragonkin Begins taming a dragonkin to be your companion.    Your armor is reduced by 10% while you focus for 20 sec.    If you lose the dragonkin's attention, the taming process will fail.",10,0,0,14,8,0,0,0
Mage,Fire,Talent,"Blazing Speed",31641,"Gives you a 10% chance when hit by a melee or ranged attack to increase your movement speed by 50% and dispel all movement impairing effects.  This effect lasts 8 sec.",24,0,0,0,0,0,6,15
Mage,Fire,Talent,"Burning Determination",54747,"When Interrupted or Silenced you have a 100% chance to become immune to the next Interrupt or Silence mechanic.  Lasts 20 sec.",18,0,0,0,0,0,3,9
Mage,Fire,Talent,"Burning Soul",11083,"Increases your critical strike chance by 2%.    Reduces spell pushback suffered from damaging attacks by 70%.",12,0,0,0,0,0,0,0
Mage,Fire,Talent,"Burnout",44449,"Your spell critical strikes now deal 200% damage.     This does not stack with other similar effects.  Capstone Bonus: Dealing direct Fire damage on targets afflicted by your Ignite increases your spell damage by 3% for 8 seconds. Dealing direct magic non-Fire damage to targets affected by your Ignite causes an explosion, dealing damage to all nearby enemies. Both effects require the final rank of Ignite.",24,0,0,0,0,0,6,15
Mage,Fire,Talent,"Critical Mass",11115,"Increases the critical strike chance of your Fire spells and abilities by 6%.",22,0,0,0,0,0,6,12
Mage,Fire,Talent,"Draconic Knowledge",435691,"Grants you an effect based on the aspect of your Dragonkin as long as it is active.  Bronze: Increases your Haste by an amount equal to 12% of your Tamed Dragon's Intellect  Blue: Increases your restored Mana Per 5 Seconds by 24% of your Tamed Dragon's Intellect  Red: Increases your Critical Strike Rating by 15% of your Tamed Dragon's Intellect  Green: Increases your Healing Power by 15% of your Tamed Dragon's Intellect  Black: Increases your Attack Power by 20% of your Tamed Dragon's Intellect  Other Dragonkin: Increases Spell Damage by 15% of your Tamed Dragon's Intellect",18,0,0,0,0,0,3,9
Mage,Fire,Talent,"Empowered Fire",31656,"Increases the spell damage scaling of your Fireball, Frostfire Bolt, Pyroblast, and Living Bomb spells by 15%.    Each time your Ignite deals damage, you have a 100% chance to regain 2% of your base mana.",34,0,0,0,0,0,9,24
Mage,Fire,Talent,"Fiery Payback",64353,"Melee and ranged attacks made against you have a 10% chance to disarm your attacker's main hand and ranged weapons for 6 sec.    When below 35% health all damage taken is reduced by 20% and your Pyroblast spell's cast time is reduced by 3.50 secs while the cooldown is increased by 5.0 secs.",34,0,0,0,0,0,9,24
Mage,Fire,Talent,"Fire Power",11124,"Increases all damage done by 3%.    Increases your Fire damage done by 6%.",40,0,0,0,0,0,12,30
Mage,Fire,Talent,"Firestarter",44442,"Casting direct damaging Fire spells or abilities that have a cooldown has a 100% chance to make your next Flamestrike instant, cost no mana, and deal 30% more direct damage.",36,0,0,40,0,0,12,27
Mage,Fire,Talent,"Flame Throwing",11100,"Increases the range of your damaging spells by 6 yards. This does not stack with other similar effects.",16,0,0,0,0,0,3,6
Mage,Fire,Talent,"Hot Streak",44445,"Any time you score 2 non-periodic fire spell or ability criticals in a row you have a 100% chance the next Pyroblast spell cast within 10 sec will be instant cast.    Pyroblast cannot trigger this by itself.",36,0,0,0,0,0,12,27
Mage,Fire,Talent,"Ignite",11119,"Your critical strikes from direct Fire damage spells and abilities cause the target to burn for an additional 40% of the triggering spell or abilityâ€™s damage over 4 seconds.",12,0,0,0,0,0,0,0
Mage,Fire,Talent,"Impact",11103,"Your direct damaging spells have a 10% chance and your Meteor has a 100% chance to cause the next Fire Blast you cast to stun the target for 3 sec",16,0,0,0,0,0,3,6
Mage,Fire,Talent,"Improved Fire Blast",11078,"Reduces the cooldown of your Fire Blast spell by 2 sec.",10,0,0,0,0,0,0,0
Mage,Fire,Talent,"Improved Fireball",11069,"Increases the critical strike chance of Fireball by 9%.",10,0,0,0,0,0,0,0
Mage,Fire,Talent,"Improved Molten Armor",30488,"Increases the critical strike rating given by Molten armor by an additional 25% of your Spirit.",10,0,0,40,0,0,0,0
Mage,Fire,Talent,"Improved Scorch",11095,"Increases your chance to critically hit with Scorch, Fireball and Frostfire Bolt by an additional 3%.    Your Scorch spell has a 100% chance to cause your target to be vulnerable to spell damage, increasing spell critical strike chance against that target by 5% and lasts 30 sec.   Does not stack with other similar effects.",18,0,0,0,0,0,3,9
Mage,Fire,Talent,"Incineration",18459,"Increases the critical strike chance of your Fire Blast, Scorch, Arcane Blast and Cone of Cold spells by 6%.",10,0,0,0,0,0,0,0
Mage,Fire,Talent,"Master of Elements",29074,"Your offensive spell criticals will refund 30% of their base mana cost.",18,0,0,0,0,0,3,9
Mage,Fire,Talent,"Molten Fury",31679,"Increases damage done by all Spells and Abilities by 12% to targets under 35% health.",30,0,0,0,0,0,9,21
Mage,Fire,Talent,"Molten Shields",11094,"Reduces the cooldown of Fire Ward, Frost Ward, Arcane Ward and Shadow Ward by 4 sec.    Your Fire Ward, Frost Ward, Arcane Ward and Shadow Ward spells to have a 100% chance to reflect spells from the school it wards against for 1 sec.",16,0,0,0,0,0,3,6
Mage,Fire,Talent,"Playing with Fire",31638,"Increases all damage done by 2% and all magic damage taken by 2%.   Dealing direct magic damage now has a 100% chance to reduce the cooldown of your Combustion and Dragon's Breath by 1 second, doubled when dealing critical strikes.  Dragon's Breath cannot reduce its own cooldown. Up to 15 seconds reduction. Max 5 seconds reduction for Explosive Shot.",22,0,0,0,0,0,6,12
Mage,Fire,Talent,"Pyromaniac",34293,"Increases your critical strike chance by 3%.    Allows 25% of your mana regeneration to continue while casting.   Capstone Bonus: All threat generated is reduced by 30%. This capstone effect does not stack with similar capstone effects.",30,0,0,0,0,0,9,21
Mage,Fire,Talent,"World in Flames",11108,"Increases the critical strike chance of your Flamestrike, Pyroblast, Blast Wave, Dragon's Breath, Living Bomb, Meteor, Blizzard and Arcane Explosion spells by 6%.",12,0,0,0,0,0,0,0
Mage,Frost,Ability,"Blizzard",10,"Ice shards pelt the target area doing 288 Frost damage over 8 sec.",18,0,0,5,16,0,0,0
Mage,Frost,Ability,"Cold Snap",11958,"When activated, this spell resets the cooldown on all Frost spells you recently cast.",22,0,0,32,20,0,6,12
Mage,Frost,Ability,"Cone of Cold",120,"Targets in a cone in front of the caster take 56 to 60 Frost damage and are slowed by 50% for 8 sec.",16,0,0,14,14,0,0,0
Mage,Frost,Ability,"Deep Freeze",44572,"Stuns the target for 5 sec. Only usable on Frozen targets.  Deals 1004 to 1222 damage to monsters permanently immune to stuns.",40,0,0,40,38,0,15,30
Mage,Frost,Ability,"Frost Armor",168,"Increases Armor by 36.    If an enemy strikes the caster, they may have their movement slowed by 15% and the time between their attacks increased by 20% for 5 sec.   Lasts until cancelled.    Does not stack with other similar effects. Only one type of Mage armor spell can be active at any time.",1,0,0,0,0,0,0,0
Mage,Frost,Ability,"Frost Nova",122,"Blasts enemies near the caster for 19 to 21 Frost damage and freezes them in place for up to 8 sec.      Damage caused may interrupt the effect.",10,0,0,14,8,0,0,0
Mage,Frost,Ability,"Frost Ward",6143,"Absorbs 165 Frost damage.  Lasts 30 sec.  This ability is usable while shapeshifted.",14,0,0,12,12,0,0,0
Mage,Frost,Ability,"Frostbolt",116,"Launches a bolt of frost at the enemy, causing 12 to 15 Frost damage and slowing movement speed by 40% for 5 sec.",1,0,0,0,0,0,0,0
Mage,Frost,Ability,"Frostfire Bolt",44614,"Launches a bolt of frostfire at the enemy, causing 177 to 205 Frostfire damage, slowing movement speed by 40% and causing an additional 18 Frostfire damage over 9 sec. This spell will be checked against the lower of the target's Frost and Fire resists.",32,0,0,9,30,0,0,0
Mage,Frost,Ability,"Frozen Orb",760014,"Launches a Frozen Orb forward from the caster's position, that deals 32 Frost damage to all nearby enemy targets every 1 sec for 8 sec.     Targets damaged by the Frost Orb are slowed by 40% for 2 sec.",30,0,0,40,28,0,0,0
Mage,Frost,Ability,"Ice Barrier",11426,"Instantly shields you, absorbing 369 damage.  Lasts 1 min.  While the shield holds, spellcasting will not be delayed by damage.",30,0,0,40,28,0,9,21
Mage,Frost,Ability,"Ice Block",45438,"You become encased in a block of ice, protecting you from all attacks for 10 sec, but during that time you cannot attack, move or cast spells.      Causes Hypothermia, preventing you from recasting Ice Block for 30 sec.",30,0,0,40,28,0,0,0
Mage,Frost,Ability,"Ice Lance",30455,"Deals 30 to 33 Frost damage to an enemy target.  Causes triple damage against Frozen targets.",22,0,0,6,20,0,0,0
Mage,Frost,Ability,"Icy Veins",12472,"Hastens your spellcasting, increasing spell casting speed by 20% and reducing the pushback suffered from damaging attacks while casting by 100%. Lasts 20 sec.    Does not stack with other similar cast speed increasing effects.",16,0,0,23,14,0,3,6
Mage,Frost,Ability,"Ring of Frost",954854,"Summons a Ring of Frost at the target location. Enemies entering the ring will become frozen for 6 sec. Lasts 8 sec and has an 8 yard radius.",36,0,0,40,34,0,0,0
Mage,Frost,Ability,"Summon Water Elemental",31687,"Summon a Water Elemental to fight for the caster for 45 sec.",36,0,0,40,34,0,12,27
Mage,Frost,Talent,"Arctic Reach",16757,"Increases the range of your damaging spells by 6 yards and the radius of your Frost Nova and Cone of Cold spells by 20%.    This does not stack with other similar effects.",18,0,0,0,0,0,3,9
Mage,Frost,Talent,"Arctic Winds",31674,"Increases all damage done by 3%    Increases Frost damage done by 3%.    Increases the duration of Deep Freeze by 1 sec.  Capstone Bonus: Your Deep Freeze casts apply up to 5 frozen enemies within 8 yards of your target. If used with Fingers of Frost, it will consume only one charge.",30,0,0,0,0,0,9,21
Mage,Frost,Talent,"Brain Freeze",44546,"Dealing direct frost damage has a 15% chance to cause your next Fireball or Frostfire Bolt spell to be instant cast, cost no mana.    Damage dealt by your Arcane Missiles and Frostbolt is increased by 6% on targets affected by your Fireball effect.",36,0,0,0,0,0,12,27
Mage,Frost,Talent,"Chilled to the Bone",44566,"Increases all damage done by 3%.    Reduces the movement speed of targets affected by Frostbolt, Cone of Cold and Frozen Orb by an additional 10%.  Capstone Bonus: Your Frostbolt and Ice Lance casts versus monsters reduce the cooldown of your Deep Freeze by 2 sec and Frozen Orb by 1 sec.",40,0,0,0,0,0,12,30
Mage,Frost,Talent,"Cold as Ice",55091,"Reduces the cooldown of your Cold Snap, Ice Barrier and Summon Water Elemental spells by 20%.",24,0,0,32,0,0,6,15
Mage,Frost,Talent,"Empowering Frostbolt",31682,"Reduces the cast time of your Frostbolt by 0.3 sec.    After casting Frostbolt the critical strike damage bonus of your spells is increased by 20% and your total Frost damage is increased by 7% for 8 sec.",34,0,0,0,0,0,9,24
Mage,Frost,Talent,"Enduring Winter",44557,"Increases the duration of your Summon Water Elemental spell by 15 sec.    Your Frostbolt spell has a 100% chance to grant Replenishment. This effect can only occur once every 6 sec.      Replenishment Replenishes 1% of maximum mana per 5 sec on up to 10 party members for 15 sec.",36,0,0,40,0,0,12,27
Mage,Frost,Talent,"Fingers of Frost",44543,"When you deal direct Frost damage with a spell, you have a 15% chance to gain Fingers of Frost.    Fingers of Frost Your spells and abilities treat the target as if it were Frozen. Holds 2 charges. Lasts for 15 seconds.  Ice Lance cannot trigger this effect.",34,0,0,0,0,0,9,24
Mage,Frost,Talent,"Frost Channeling",11160,"Reduces the mana cost of your Frost spells and abilities by 12% and reduces their threat caused by 15%.  Capstone Bonus: Killing an enemy that yields experience or honor with Frost damage will restore 12% of your mana.",16,0,0,0,0,0,3,6
Mage,Frost,Talent,"Frost Warding",11189,"Increases the armor and resistances given by your Frost Armor and Ice Armor spells by 50%.     Frost Ward, Fire Ward, Shadow Ward and Arcane Ward have a 30% chance to negate the damage taken from the spell and restore mana equal to the damage reduced.",12,0,0,0,0,0,0,0
Mage,Frost,Talent,"Frostbite",11071,"Dealing direct frost damage has 15% chance to freeze the target for 5 sec.",10,0,0,0,0,0,0,0
Mage,Frost,Talent,"Frozen Core",31667,"Reduces all magic damage taken by 6%.",22,0,0,0,0,0,6,12
Mage,Frost,Talent,"Ice Floes",31670,"Reduces the cooldown of your Frost Nova, Cone of Cold, Ice Block and Icy Veins spells by 33%.",10,0,0,0,0,0,0,0
Mage,Frost,Talent,"Ice Shards",11207,"Your spell critical strikes now deal 200% damage.      This does not stack with other similar effects.  Capstone Bonus: Increases damage against frozen targets by 6%.",22,0,0,0,0,0,6,12
Mage,Frost,Talent,"Improved Blizzard",11185,"Adds a chill effect to your Blizzard.  This effect lowers the target's movement speed by 40%. Lasts 1.50 sec.     Reduces the mana cost of Blizzard by 30% and its periodic interval by 28%.",18,0,0,0,0,0,3,9
Mage,Frost,Talent,"Improved Cone of Cold",11190,"Increases the damage dealt by your Cone of Cold spell by 45%.",24,0,0,0,0,0,6,15
Mage,Frost,Talent,"Improved Frostbolt",11070,"Increases the damage of Frostbolt and Ice Lance by 9%.",10,0,0,0,0,0,0,0
Mage,Frost,Talent,"Improved Ice Armor",11191,"Increases the armor given by your Frost Armor and Ice Armor spells by 60%.",10,0,0,24,0,0,0,0
Mage,Frost,Talent,"Permafrost",11175,"Increases the duration of your Cone of Cold, Frostbolt, Ice Armor and Frost Shock slow effects by 3 sec, reduces the target's speed by an additional 10% and reduces the target's healing received by 20%.",12,0,0,0,0,0,0,0
Mage,Frost,Talent,"Piercing Ice",11151,"Increases all Frost damage you deal by 6%.",16,0,0,0,0,0,3,6
Mage,Frost,Talent,"Precision",29438,"Increases your hit chance by 3%.    Reduces the mana cost of spells by 3%.",12,0,0,0,0,0,0,0
Mage,Frost,Talent,"Shatter",11170,"Increases the critical strike chance of your direct spells and abilities against frozen targets by 50%.",18,0,0,0,0,0,3,9
Mage,Frost,Talent,"Shattered Barrier",44745,"While Ice Barrier is active your damage is increased by 6%.  Capstone Bonus: Your Ice Barrier will shatter when destroyed, slowing all enemies within 10 yards by 70% for 4 sec and grants you 8% haste for 8 seconds.",30,0,0,40,0,0,9,21
Mage,Frost,Talent,"Winter's Chill",11180,"Increases your critical strike chance by 3%.     Direct Frost damage has a 100% chance to apply the Winter's Chill effect: Increasing the chance spells will critically strike the target by 1% for 15 sec. Stacks up to 5 times.    Does not stack with other similar effects. Frozen Orb cannot trigger this effect",24,0,0,0,0,0,6,15
Paladin,Holy,Ability,"Aura Mastery",31821,"Causes your Concentration Aura to make all affected targets immune to Silence and Interrupt effects and improve the effect of all other auras by 100%.  Lasts 6 sec.",16,0,0,23,14,0,3,6
Paladin,Holy,Ability,"Beacon of Light",53563,"The target becomes a Beacon of Light to all members of your party or raid within a 60 yard radius. Any direct heals you cast on party or raid members will also heal the Beacon for 25% of the amount healed. Lasts 15 sec.     Only one target can be the Beacon of Light at a time.",40,0,0,34,38,0,15,30
Paladin,Holy,Ability,"Blessing Mastery",954711,"You gain Blessing Mastery when learning any Blessing Spell.     This Mastery automatically unlocks Blessing Spells when you reach their Class Point requirements at no additional ability essence cost.    Blessing of Might Bless a friendly target with might, increasing their Strength and Agility.    Blessing of Wisdom Bless a friendly target with wisdom, increasing mana generation.    Blessing of Kings Bless a friendly target, increasing total stats.    Blessing of Sanctuary Bless a friendly target with sanctuary, reducing damage taken and increasing their strength and stamina.",4,0,0,4,0,0,0,0
Paladin,Holy,Ability,"Blessing of Wisdom",19742,"Places a Blessing on the friendly target, restoring 10 mana every 5 seconds for 30 min.   Does not stack with other similar effects.",6,0,0,4,4,0,0,0
Paladin,Holy,Ability,"Cleanse",4987,"Cleanses a friendly target, removing 1 poison effect, 1 disease effect and 1 magic effect.",30,0,0,40,28,0,0,0
Paladin,Holy,Ability,"Concentration Aura",19746,"All party or raid members within 40 yards lose 35% less casting or channeling time when damaged.    Players may only have one Aura on them per Paladin at any one time.",8,0,0,8,6,0,0,0
Paladin,Holy,Ability,"Consecration",26573,"Consecrates the land beneath the Paladin, doing 34 Holy damage over 8 sec to enemies who enter the area.",8,0,0,1,6,0,0,0
Paladin,Holy,Ability,"Divine Favor",20216,"When activated, gives your next Holy spell a 100% critical effect chance and 50% increased healing.",22,0,0,32,20,0,6,12
Paladin,Holy,Ability,"Divine Illumination",31842,"Reduces resource cost of all magic spells and abilities by 60% and increases the critical effect chance of Holy healing spells by 20% for 15 sec.",36,0,0,32,34,0,12,27
Paladin,Holy,Ability,"Divine Plea",54428,"You gain 25% of your total mana over 15 sec, but reduces your healing by 50%.",46,0,0,40,48,0,0,0
Paladin,Holy,Ability,"Exorcism",879,"Causes 99 to 113 Holy damage to an enemy target. Exorcism always critically strikes Undead and Demon targets. It also stuns them for 3 sec.",20,0,0,5,18,0,0,0
Paladin,Holy,Ability,"Flash of Light",19750,"Heals a friendly target for 84 to 97.",20,0,0,20,18,0,0,0
Paladin,Holy,Ability,"Holy Light",635,"Heals a friendly target for 31 to 39.",1,0,0,0,0,0,0,0
Paladin,Holy,Ability,"Holy Shock",20473,"Blasts the target with Holy energy, causing 191 to 216 Holy damage to an enemy, or 301 to 327 healing to an ally.",30,0,0,32,28,0,9,21
Paladin,Holy,Ability,"Holy Wrath",2812,"Sends bolts of holy power in all directions, causing 78 to 90 Holy damage and stunning all Undead and Demon targets within 10 yards for 3 sec.",26,0,0,7,24,0,0,0
Paladin,Holy,Ability,"Lay on Hands",633,"Heals a friendly target for an amount equal of 100% of your maximum health. The target cannot be targeted by Divine Shield, Hand of Protection, Divine Protection or Lay on Hands again for 2 min.    Cannot be used within 30 sec of using Avenging Wrath.",10,0,0,20,8,0,0,0
Paladin,Holy,Ability,"Light of Dawn",760106,"Unleashes a wave of Holy energy, healing up to 5 injured allies within a 30 yd frontal cone for 80 to 93.",30,0,0,40,28,0,0,0
Paladin,Holy,Ability,"Light's Hammer",954801,"Hurl a Light-infused hammer into the ground, where it will blast a 10 yard area with Arcing Light for 10 sec.  Deals Holy damage to enemies and reduces their movement speed by 50% for 3 sec. Also heals up to 5 allies every 2 sec.",36,0,0,40,34,0,0,0
Paladin,Holy,Ability,"Paladin Cleansing Mastery",6017,"You gain Paladin Cleansing Mastery when learning any Paladin Cleansing Spell.     This Mastery automatically unlocks additional Paladin Cleansing Spells when you reach their Class Point requirements at no additional ability essence cost.   Purify Purifies the friendly target, removing 1 disease effect and 1 poison effect.   Cleanse Cleanses a friendly target, removing 1 poison effect, 1 disease effect and 1 magic effect.",8,0,0,9,0,0,0,0
Paladin,Holy,Ability,"Paladin Healing Mastery",6015,"You gain Paladin Healing Mastery when learning any Paladin Healing Spell.     This Mastery automatically unlocks additional Paladin Healing Spells when you reach their Class Point requirements at no additional ability essence cost.   Holy Light Heals a friendly target.   Flash of Light Heals a friendly target.",1,0,0,0,0,0,0,0
Paladin,Holy,Ability,"Purify",1152,"Purifies the friendly target, removing 1 disease effect and 1 poison effect.",8,0,0,9,6,0,0,0
Paladin,Holy,Ability,"Redemption",7328,"Brings a dead player back to life with 65 health and 120 mana.  Cannot be cast when in combat.",12,0,0,3,10,0,0,0
Paladin,Holy,Ability,"Sacred Shield",53601,"Each time the target takes damage they gain a Sacred Shield, absorbing 110 damage and increasing the paladin's chance to critically hit with Flash of Light by 50% for up to 6 sec. They cannot gain this effect more than once every 6 sec. Lasts 30 sec.      This spell cannot be on more than one target at any one time.",44,0,0,40,48,0,0,0
Paladin,Holy,Ability,"Seal Mastery",954707,"You gain Seal Mastery when learning any Seal Spell.     This Mastery automatically unlocks additional Seal Spells when you reach their Class Point requirements at no additional ability essence cost.    Seal of Righteousness Fills you with holy spirit, granting attacks to deal additional holy damage.    Seal of Wisdom Fills you with divine wisdom, melee auto attack has a chance to restore mana.    Seal of Command Fills you with holy spirit, causing your attacks to deal holy damage to the target and two of his nearest allies.    Seal of Justice Fills you with the spirt of justice, your attacks have a chance to stun an enemy.    Seal of Light Fills you with divine light, causing each attack to have a chance to heal you.    Seal of Vengeance Fills you with holy power, causing attacks to apply holy vengeance, causing them to take holy damage over time.",1,0,0,0,0,0,0,0
Paladin,Holy,Ability,"Seal of Light",20165,"Fills you with divine light for until cancelled, giving each melee auto attack a chance to heal you for 0. This effect can only occur once every 2 seconds. Only one Seal can be active at any one time.    Unleashing this Seal's energy will deal 3 Holy damage to an enemy.",30,0,0,26,28,0,0,0
Paladin,Holy,Ability,"Seal of Righteousness",21084,"Fills you with holy spirit for until cancelled, granting each main hand auto attack and Paladin melee ability 1 additional Holy damage. Only one Seal can be active at any one time.  Unleashing this Seal's energy will cause 3 Holy damage to an enemy.",1,0,0,0,0,0,0,0
Paladin,Holy,Ability,"Seal of Wisdom",20166,"Fills you with divine wisdom for until cancelled, giving each melee auto attack a chance to restore 4% of your total mana. Only one Seal can be active at any one time.    Unleashing this Seal's energy will deal 3 Holy damage to an enemy.",10,0,0,8,8,0,0,0
Paladin,Holy,Ability,"Turn Evil",10326,"The targeted undead or demon enemy will be compelled to flee for up to 20 sec.      Damage caused may interrupt the effect. Only one target can be turned at a time.",24,0,0,21,22,0,0,0
Paladin,Holy,Talent,"A New Dawn",760189,"Increases your critical strike chance by 3%.   Increases the amount healed by your Light of Dawn spell by 30%.  Capstone Bonus: Targets healed by your Light of Dawn receive 20% increased healing from your next Flash of Light, Holy Light, or Holy Shock.",36,0,0,0,0,0,12,27
Paladin,Holy,Talent,"Blessed Hands",53660,"Increases the effectiveness of Hand of Sacrifice by 15% and Hand of Salvation by 150%.  Capstone Bonus: Your Hand spells also increase your healing done to the target by 15% while active.",18,0,0,0,0,0,3,9
Paladin,Holy,Talent,"Blessed Life",31828,"All attacks against you have a 10% chance to cause half damage.",30,0,0,0,0,0,9,21
Paladin,Holy,Talent,"Divine Intellect",20257,"Increases your total Intellect by 10%.",12,0,0,0,0,0,0,0
Paladin,Holy,Talent,"Enlightened Judgements",53556,"Increases your hit chance by 4%.    Increases the range of your Judgement of Light and Judgement of Wisdom spells by 30 yards.",40,0,0,0,0,0,12,30
Paladin,Holy,Talent,"Healing Light",20237,"Increases the effectiveness by your Holy Light, Flash of Light, Light of Dawn, Holy Shock and Light's Hammer spells by 12%.",10,0,0,0,0,0,0,0
Paladin,Holy,Talent,"Holy Guidance",31837,"Increases your spell power by 12% of your Intellect.  Capstone Bonus: Your Holy Shocks now also makes your target susceptible to spell criticals, increasing enemies' chance to be critically struck by spells or allies' chance to be critically healed by 5% for 20 seconds. Does not stack with other similar effects.",34,0,0,0,0,0,9,24
Paladin,Holy,Talent,"Holy Power",5923,"Increases the critical strike chance of your Holy spells and abilities by 5%.",24,0,0,0,0,0,6,15
Paladin,Holy,Talent,"Illumination",20210,"Critical heals with Flash of Light, Holy Light or Holy Shock now have a 100% chance to gain mana equal to 30% of the base cost of the spell.",16,0,0,0,0,0,3,6
Paladin,Holy,Talent,"Improved Blessing of Wisdom",20244,"Increases the effect of your Blessing of Wisdom spell by 30%.",18,0,0,0,0,0,3,9
Paladin,Holy,Talent,"Improved Concentration Aura",20254,"Increases the effect of your Concentration Aura by an additional 15%.    While any Aura is active reduces the duration of any Silence or Interrupt effect used against an affected group member by 30%.      The duration reduction does not stack with any other effects.",18,0,0,0,0,0,3,9
Paladin,Holy,Talent,"Improved Lay on Hands",20234,"Grants the target of your Lay on Hands spell 20% reduced Physical damage taken for 15 sec.     Reduces the cooldown of Lay on Hands by 4 min.",16,0,0,0,0,0,3,6
Paladin,Holy,Talent,"Infusion of Light",53569,"Your Holy Shock critical effects reduce the cast time of your next Flash of Light by 1.5 sec, or increases the critical chance and critical heal effect of your next Holy Light by 20%.    In addition, causes your Flash of Light to heal targets with Sacred Shield for an additional 100% over 12 sec.",40,0,0,32,0,0,12,30
Paladin,Holy,Talent,"Judgements of the Pure",53671,"Increases the damage done by your Seals, Judgements and Execution Sentence by 25%.    Your Judgement spells increase your haste by 15% for 1 min.",36,0,0,0,0,0,12,27
Paladin,Holy,Talent,"Light's Grace",31833,"Gives your Holy Light spell a 100% chance to reduce the cast time of your next Holy Light spell by 0.5 sec. This effect lasts 15 sec.",30,0,0,0,0,0,9,21
Paladin,Holy,Talent,"Pure of Heart",31822,"Reduces the duration of Curse, Disease and Poison effects by 30%.",22,0,0,0,0,0,6,12
Paladin,Holy,Talent,"Purifying Power",31825,"Reduces the cooldown of your Holy Wrath and Exorcism by 34%.    Reduces the mana cost of your Cleanse, Holy Wrath, and Consecration spells by 10%.",24,0,0,0,0,0,6,15
Paladin,Holy,Talent,"Sacred Cleansing",53551,"Your Cleanse spell has a 30% chance to increase the target's resistance to Disease, Magic and Poison by 30% for 10 sec.",34,0,0,0,0,0,9,24
Paladin,Holy,Talent,"Sanctified Light",20359,"Increases the critical effect chance of your Holy Light, Flash of Light, Holy Shock, and Light of Dawn spells by 6%.     Increases the amount healed by your Holy critical heals by 15%.    Capstone Bonus: After using Blinding Light your next Holy Light, Flash of Light, Holy Shock or Light of Dawn has a 100% increased critical effect chance.",22,0,0,0,0,0,6,12
Paladin,Holy,Talent,"Seals of the Pure",20224,"Increases the damage done by your Seal of Righteousness, Seal of Vengeance, Seal of Command and Execution Sentence by 30%.",10,0,0,0,0,0,0,0
Paladin,Holy,Talent,"Shining Beacon",102214,"Increases Beacon of Light's healing to 100% of initial heal and increases its duration to 60 sec.",40,0,0,40,0,0,0,0
Paladin,Holy,Talent,"Spiritual Focus",20205,"Increases your critical strike chance by 2%.    Reduces spell pushback suffered from damaging attacks by 70%.",12,0,0,0,0,0,0,0
Paladin,Holy,Talent,"Unyielding Faith",9453,"Reduces the duration of all Fear and Disorient effects by 30%.  This does not stack with other Fear reduction effects.",12,0,0,0,0,0,0,0
Paladin,Protection,Ability,"Avenger's Shield",31935,"Hurls a holy shield at the enemy, dealing 441 to 537 Holy damage, Dazing them and then jumping to additional nearby enemies.  Affects 3 total targets. Lasts 10 sec.",36,0,0,40,34,0,12,27
Paladin,Protection,Ability,"Blessing of Kings",20217,"Places a Blessing on the friendly target, increasing total stats by 10% for 30 min.    Does not stack with other similar effects.",20,0,0,17,18,0,0,0
Paladin,Protection,Ability,"Blessing of Sanctuary",20911,"Places a Blessing on the friendly target, reducing damage taken by 3% and increasing Strength and Stamina by 10% for 30 min.     In addition, when the target blocks, parries, or dodges a melee attack the target will gain 6% of base mana.    Does not stack with similar effects.",22,0,0,19,20,0,6,12
Paladin,Protection,Ability,"Blinding Light",954500,"Emits dazzling light in all directions, blinding enemies within 10 yards, causing them to wander disoriented for 6 sec.",34,0,0,40,32,0,0,0
Paladin,Protection,Ability,"Devotion Aura",465,"Gives 40 additional armor to party and raid members within 40 yards.      Players may only have one Aura on them per Paladin at any one time.",1,0,0,0,0,0,0,0
Paladin,Protection,Ability,"Divine Intervention",19752,"You sacrifice yourself to remove the targeted party member from harm's way. Enemies will stop attacking the protected party member, who will be immune to all harmful attacks but will not be able to take any action for 3 min.",30,0,0,8,28,0,0,0
Paladin,Protection,Ability,"Divine Protection",498,"Reduces all damage taken by 50% for 12 sec.    Cannot be used within 30 sec of using Avenging Wrath.    Once protected, the target cannot be targeted by Divine Protection, Divine Shield, Hand of Protection or Lay on Hands for 2 min.   This ability is usable while shapeshifted.",6,0,0,11,4,0,0,0
Paladin,Protection,Ability,"Divine Sacrifice",64205,"30% of all damage taken by party members within 30 yards is redirected to the caster (up to a maximum of 40% of the caster's health times the number of party members).  Damage which reduces the caster below 20% health will break the effect.  Lasts 10 sec.",16,0,0,23,14,0,3,6
Paladin,Protection,Ability,"Divine Shield",642,"Protects you from all damage and spells for 12 sec, but reduces your damage by 50%.    Once protected, the target cannot be targeted by Divine Shield, Hand of Protection, Divine Protection or Lay on Hands again for 2 min.",30,0,0,40,32,0,0,0
Paladin,Protection,Ability,"Fire Resistance Aura",19891,"Gives 30 additional Fire resistance to all party and raid members within 40 yards.      Players may only have one Aura on them per Paladin at any one time.",36,0,0,32,34,0,0,0
Paladin,Protection,Ability,"Frost Resistance Aura",19888,"Gives 30 additional Frost resistance to all party and raid members within 40 yards.      Players may only have one Aura on them per Paladin at any one time.",32,0,0,28,30,0,0,0
Paladin,Protection,Ability,"Hammer of Justice",853,"Stuns the target for 3 sec and interrupts non-player spellcasting for 3 sec.",8,0,0,9,6,0,0,0
Paladin,Protection,Ability,"Hammer of the Righteous",53595,"Hammer the current target and up to 2 additional nearby targets, causing 4 times your main hand damage per second as Holy damage.",40,0,0,0,38,0,15,30
Paladin,Protection,Ability,"Hand of Freedom",1044,"Places a Hand on the friendly target, granting immunity to movement impairing effects for 6 sec.",18,0,0,37,16,0,0,0
Paladin,Protection,Ability,"Hand of Protection",1022,"A targeted party or raid member is protected from all physical attacks, Interrupt and Silence mechanics for 6 sec, but during that time they cannot attack or use physical abilities. This also removes any Stun effects on use.  Once protected, the target cannot be targeted by Divine Shield, Hand of Protection, Divine Protection or Lay on Hands again for 2 min.    Cannot be used within 30 sec of using Avenging Wrath.",10,0,0,20,8,0,0,0
Paladin,Protection,Ability,"Hand of Sacrifice",6940,"Places a Hand on the party or raid member, transferring 30% damage taken to the caster.  Lasts 12 sec or until the caster has transferred 100% of their maximum health.",28,0,0,40,34,0,0,0
Paladin,Protection,Ability,"Hand of Salvation",1038,"Places a Hand on the party or raid member, reducing their total threat by 2% every 1 sec. for 10 sec.  Players may only have one Hand on them per Paladin at any one time.",26,0,0,38,24,0,0,0
Paladin,Protection,Ability,"Holy Shield",20925,"Increases chance to block by 30% for 10 sec. Each block expends a charge and deals 50 holy damage to the attacker. 8 charges.",30,0,0,26,28,0,9,21
Paladin,Protection,Ability,"Paladin Aura Mastery",92157,"You gain Paladin Aura Mastery when learning any Paladin Aura.     This Mastery automatically unlocks Paladin Aura Spells when you reach their Class Point requirements at no additional ability essence cost.   Devotion Aura Provides armor to allies around you.    Concentration Aura Allies around you receive reduced spell pushback suffered from damaging attacks.    Retribution Aura Causes Holy damage to enemies that attacks you or any ally around you.    Shadow Resistance Aura Provides Shadow resistance to allies around you.   Frost Resistance Aura Provides Frost resistance to allies around you.   Fire Resistance Aura Provides Fire resistance to allies around you.   Crusader Aura Increases mounted movement speed to allies around you.",1,0,0,0,0,0,0,0
Paladin,Protection,Ability,"Righteous Defense",31789,"Transfers the next melee or ranged attack made against an ally. In addition, while active 20% of the threat they generate is transferred to you instead.  Casting this spell with an enemy target will redirect it to whatever they are targeting.    This cannot be used in Battlegrounds or Arenas",12,0,0,3,10,0,0,0
Paladin,Protection,Ability,"Righteous Fury",25780,"Your threat generated is significantly increased.    Teaches you Hand of Reckoning.   Also increases your chance to block Fierce Blows.",10,0,0,8,8,0,0,0
Paladin,Protection,Ability,"Seal of Justice",20164,"Fills the Paladin with the spirit of justice for until cancelled, giving each melee attack a chance to stun for 2 sec. This effect has a 10 second cooldown. Only one Seal can be active at any one time.  Unleashing this Seal's energy will deal 3 Holy damage to an enemy.",22,0,0,19,20,0,0,0
Paladin,Protection,Ability,"Shadow Resistance Aura",19876,"Gives 30 additional Shadow resistance to all party and raid members within 40 yards.      Players may only have one Aura on them per Paladin at any one time.",28,0,0,24,26,0,0,0
Paladin,Protection,Ability,"Shield of Righteousness",53600,"Slam the target with your shield, causing Holy damage based on your block value plus an additional 5. This ability will also heal you based on your spell damage.",1,0,0,0,0,0,0,0
Paladin,Protection,Talent,"Anticipation",20096,"Increases your Dodge chance by 5%.    Does not stack with other Anticipation talents.",12,0,0,0,0,0,0,0
Paladin,Protection,Talent,"Ardent Defender",31850,"When below 35% health all damage taken is reduced by 6%.    You have a 100% chance to fully absorb an attack which would otherwise kill you, up to a maximum of 15% of your total health and heal you by up to 20% of your maximum health (amount healed based on defense). You also take 20% increased healing for the next 3 sec.     This effect shares a 2 minute cooldown with Cheat Death and Spirit of Redemption.",30,0,0,0,0,0,9,21
Paladin,Protection,Talent,"Blessed Weapons",20196,"Increases all damage you deal when a one-handed melee weapon is equipped by 10%.",24,0,0,0,0,0,6,15
Paladin,Protection,Talent,"Combat Expertise",31858,"Increases your Stamina by 6%.    Increases your critical strike chance by 6%.    Increases your Expertise by 6.",34,0,0,0,0,0,9,24
Paladin,Protection,Talent,"Divine Guardian",53527,"When Divine Sacrifice is activated, your party and raid members within 30 yards take 20% reduced damage for 6 sec.      Increases the duration of your Sacred Shield by 100% and the amount absorbed by 20%.",18,0,0,23,0,0,3,9
Paladin,Protection,Talent,"Divine Strength",20262,"Increases your total Strength by 15%.",10,0,0,0,0,0,0,0
Paladin,Protection,Talent,"Divinity",63646,"Requires  Path of Strength  Increases all healing effects on you by 12%.    Increases your healing power by 60% of your Stamina.    The healing effect does not stack with other similar effects.",30,0,0,0,0,0,9,21
Paladin,Protection,Talent,"Exceptional Devotion Aura",20163,"Increases the armor bonus of your Devotion Aura by 45%.",10,0,0,20,0,0,0,0
Paladin,Protection,Talent,"Guarded by the Light",53583,"Reduces spell damage taken by 6%.    You have a 100% chance to refresh the duration of your Divine Plea when you hit an enemy with melee attack.     Your Divine Plea spell is 100% less likely to be dispelled.",36,0,0,0,0,0,12,27
Paladin,Protection,Talent,"Guardian's Favor",20174,"Reduces the cooldown of your Hand of Protection by 120 sec.    Increases the duration of your Hand of Freedom by 4 sec.",12,0,0,0,0,0,0,0
Paladin,Protection,Talent,"Improved Consecration",410000,"Consecration now deals instant Holy damage to nearby enemies, causing extra threat and slowing their melee attack speed by 20% for 15 sec.  Does not stack with other similar effects.",10,0,0,0,0,0,0,0
Paladin,Protection,Talent,"Improved Devotion Aura",20138,"Increases the armor bonus of your Devotion Aura by 50%.    Increases the amount healed on any target affected by your any of your Auras by 6%.",18,0,0,0,0,0,3,9
Paladin,Protection,Talent,"Improved Hammer of Justice",20487,"Reduces the cooldown of your Hammer of Justice by 20 sec.",18,0,0,0,0,0,3,9
Paladin,Protection,Talent,"Improved Righteous Fury",20468,"While Righteous Fury is active all damage you take is reduced by 6%.",16,0,0,0,0,0,3,6
Paladin,Protection,Talent,"Inner Light",410010,"Increases the damage of Shield of Righteousness by 15% and its healing done by 30%.",10,0,0,0,0,0,0,0
Paladin,Protection,Talent,"Judgements of the Just",53695,"Reduces the cooldown of your Hammer of Justice by 10 sec.     Increases the duration of your Seal of Justice effect by 1 sec.    Your Judgement spells also reduce the melee attack speed of the target by 20%.",40,0,0,0,0,0,12,30
Paladin,Protection,Talent,"Reckoning",20177,"You have a 10% chance after being hit by or avoiding a melee attack to gain 4 stacks of Reckoning, causing your next melee attack within 8 sec to generate an additional attack.",22,0,0,0,0,0,6,12
Paladin,Protection,Talent,"Redoubt",20127,"Increases your chance to block attacks with a shield by 10%.     Blocking an attack has a 10% chance to increase your Strength by 10% and reduce your damage taken by 6%.  Lasts 10 sec.",34,0,0,0,0,0,9,24
Paladin,Protection,Talent,"Righteous Verdict",20490,"Increases the duration of Hammer of Justice by 2 sec.",10,0,0,30,0,0,0,0
Paladin,Protection,Talent,"Sacred Duty",31848,"Increases your total Stamina by 6%.    Reduces the chance you'll be critically hit by melee attacks by 6%.    Reduces the cooldown of your Divine Shield and Divine Protection spells by 60 sec.",24,0,0,0,0,0,6,15
Paladin,Protection,Talent,"Shield of the Templar",53709,"Reduces all damage taken by 3%.    Your Avenger's Shield has a 100% chance to silence your targets for 3 sec.    Capstone Bonus: Being healed by others reduces the cooldown of your Divine Protection by 1 second and Holy Shield by 1 second. This effect can only occur once every second.",40,0,0,40,0,0,12,30
Paladin,Protection,Talent,"Spiritual Attunement",31785,"Being healed by allies also restores mana equal to 10% of the effective amount healed.",30,0,0,0,0,0,9,21
Paladin,Protection,Talent,"Stoicism",31844,"Reduces the duration of all Stun effects by 30%.    Reduces the chance your Paladin helpful spells and damage over time effects will be dispelled by an additional 30%.   This does not stack with other Stun reduction effects.",12,0,0,0,0,0,0,0
Paladin,Protection,Talent,"Tenacity",20143,"Increases your armor value from items by 6%.    Increases threat generated from all skills by 15%.  Capstone Bonus: Your Armor is increased by an amount equal to your Strength.",16,0,0,0,0,0,3,6
Paladin,Protection,Talent,"Touched by the Light",53590,"When you receive effective healing from another player, you have an 33% chance to gain Touched by the Light, increasing your next direct heal on yourself by 30%.  While Touched by the Light is active, directly healing yourself grants Shroud of Light, causing the next direct damage taken to heal you for 30% of the damage taken plus 0.  This can only occur once every 8 seconds.  Does not work with Tactical Mastery.",36,0,0,0,0,0,12,27
Paladin,Retribution,Ability,"Avenging Wrath",31884,"Increases all damage and healing caused by 20% for 20 sec.   Cannot be used within 30 sec of being the target of Divine Shield, Divine Protection, or Hand of Protection, or of using Lay on Hands on oneself.    Does not stack with other similar effects.",40,0,0,40,48,0,0,0
Paladin,Retribution,Ability,"Blessing of Might",19740,"Places a Blessing on the friendly target, increasing their Strength and Agility by 2 for 30 min.   Does not stack with other similar effects.",4,0,0,4,2,0,0,0
Paladin,Retribution,Ability,"Crusader Aura",32223,"Increases the mounted speed by 20% for all party and raid members within 40 yards.  Players may only have one Aura on them per Paladin at any one time.     This does not stack with other movement speed increasing effects.",38,0,0,32,58,0,0,0
Paladin,Retribution,Ability,"Crusader Strike",35395,"An instant strike that causes 75% weapon damage.",1,0,0,0,0,0,0,0
Paladin,Retribution,Ability,"Divine Storm",53385,"An instant weapon attack that causes 110% of weapon damage to up to 4 enemies within 8 yards. The Divine Storm heals up to 3 party or raid members for 25% of the damage caused.",40,0,0,0,38,0,15,30
Paladin,Retribution,Ability,"Execution Sentence",954817,"A hammer slowly falls from the sky, causing Holy damage if the target is an enemy and healing if the target is an ally, over 10 sec.     This culminates in a final burst of damage or healing. Dispelling the effect triggers the final burst.",40,0,0,40,38,0,0,0
Paladin,Retribution,Ability,"Hammer of Wrath",24275,"Hurls a hammer that strikes an enemy for 354 to 390 Holy damage. Only usable on enemies that have 20% or less health.",44,0,0,12,42,0,0,0
Paladin,Retribution,Ability,"Judgement Mastery",92169,"You gain Judgement Mastery when learning any Judgement Spell.     This Mastery automatically unlocks additional Judgement Spells when you reach their Class Point requirements at no additional ability essence cost.    Judgement of Light Unleash your seal and judge an enemy. Attacks made against the judged enemy has chance to heal the attacker.   Judgement of Wisdom Unleash your seal and judge an enemy. Attacks made against the judged target restores mana to the attacker.   Judgement of Justice Unleash your seal and judge an enemy, preventing them from fleeing and limiting their movement speed.",1,0,0,4,0,0,0,0
Paladin,Retribution,Ability,"Judgement of Justice",53407,"Unleashes the energy of a Seal spell to judge an enemy for 20 sec, preventing them from fleeing and limiting their movement speed.      Refer to individual Seals for additional Judgement effect.    Only one Judgement per Paladin can be active at any one time.",28,0,0,24,26,0,0,0
Paladin,Retribution,Ability,"Judgement of Light",20271,"Unleashes the energy of a Seal spell to judge an enemy for 20 sec, granting auto attacks and auto shots made against the judged enemy a chance of healing the attacker for 2% of their base health.      Refer to individual Seals for additional Judgement effect.    Only one Judgement per Paladin can be active at any one time.",4,0,0,4,2,0,0,0
Paladin,Retribution,Ability,"Judgement of Wisdom",53408,"Unleashes the energy of a Seal spell to judge an enemy for 20 sec, giving each attack a chance to restore 2% of the attacker's base mana.     Refer to individual Seals for additional Judgement effect.    Only one Judgement per Paladin can be active at any one time.",8,0,0,4,6,0,0,0
Paladin,Retribution,Ability,"Repentance",20066,"Puts the enemy target in a state of meditation, incapacitating them for up to 1 min (6 seconds on players), and removing the effect of Righteous Vengeance.  Any damage caused will awaken the target. Usable against Demons, Dragonkin, Giants, Humanoids and Undead.",30,0,0,40,28,0,9,21
Paladin,Retribution,Ability,"Retribution Aura",7294,"Causes 11 Holy damage to any enemy that strikes a party or raid member within 40 yards.      Players may only have one Aura on them per Paladin at any one time.",16,0,0,14,14,0,0,0
Paladin,Retribution,Ability,"Seal of Command",20375,"All main hand auto attacks and Paladin melee abilities deal 0 to 1 additional Holy damage to the target and up to 2 additional targets. Lasts until cancelled.  Unleashing this Seal's energy will judge an enemy, instantly causing 1 to 2 Holy damage.",16,0,0,14,14,0,3,6
Paladin,Retribution,Ability,"Seal of Vengeance",31801,"Fills you with holy power, causing main hand auto and Paladin melee abilities to apply Holy Vengeance, which deals 1 additional Holy damage over 15 sec.    Holy Vengeance can stack up to 5 times. Once stacked to 5 times, each of your main hand auto attacks and Paladin melee abilities deals damage as additional Holy damage. Only one Seal can be active on the caster at any one time. Lasts until cancelled.  Unleashing this Seal's energy will deal 3 Holy damage to an enemy, increased by 10% for each application of Holy Vengeance on the target.",44,0,0,36,42,0,0,0
Paladin,Retribution,Talent,"Benediction",20101,"Restores 30% base mana when you kill a target that gives experience or honor. This effect cannot occur more than once every 5 seconds.  Capstone Bonus: Benediction now also restores mana to party members below 50% of their total mana.",10,0,0,0,0,0,0,0
Paladin,Retribution,Talent,"Conviction",20117,"Increases your chance to get a critical strike with all spells and attacks by 5%.  Capstone Bonus: Your non-periodic damaging spell casts have a chance to increases your Strength by 1 (based on your level) for 12 seconds. This effect can only trigger once every 6 seconds.",16,0,0,0,0,0,3,6
Paladin,Retribution,Talent,"Crusade",31866,"Increases all damage caused by 3% and all damage caused against Humanoids, Demons, Undead and Elementals by an additional 3%.",18,0,0,0,0,0,3,9
Paladin,Retribution,Talent,"Deflection",20060,"Increases your Parry chance by 3%.    Gives you a 100% when you Parry to deal Holy damage to your attacker.    Does not stack with other Deflection talents.",10,0,0,0,0,0,0,0
Paladin,Retribution,Talent,"Divine Purpose",31871,"Reduces your chance to be hit by spells and ranged attacks by 4% and gives your Hand of Freedom spell a 100% chance to remove any Stun effects on the target.",24,0,0,0,0,0,6,15
Paladin,Retribution,Talent,"Eye for an Eye",9799,"All criticals against you cause 15% of the damage taken to the attacker as well. The damage caused by Eye for an Eye will not exceed 50% of your total health.",18,0,0,0,0,0,3,9
Paladin,Retribution,Talent,"Fanaticism",31879,"Increases the critical strike chance of all Judgements by 30%.     Increases the damage of your Crusader Strike, Seals and Judgements on targets affected by your Execution Sentence by 20%.",34,0,0,0,0,0,9,24
Paladin,Retribution,Talent,"Heart of the Crusader",20335,"Your Judgement spells now also increases the critical strike chance of all spells and attacks made against that target by 3%.   Does not stack with other similar effects.",12,0,0,0,0,0,0,0
Paladin,Retribution,Talent,"Improved Blessing of Might",20042,"Casting Blessing of Might on an ally increases their and your attack power by 1 for 1 hour. Can only be active on one ally at a time.",12,0,0,0,0,0,0,0
Paladin,Retribution,Talent,"Improved Judgements",25956,"Reduces the cooldown of your Judgement spells by 3 sec.    Capstone Bonus: For 10 seconds after using Judgement, your non-instant damaging Holy spells and ranged abilities can trigger your active seal.",12,0,0,0,0,0,0,0
Paladin,Retribution,Talent,"Judgements of the Wise",31876,"Your damaging Judgement spells grant Replenishment and immediately grant you 15% of your base mana.    Replenishment Replenishes 1% of maximum mana per 5 sec on up to 10 party members for 15 sec.",30,0,0,0,0,0,9,21
Paladin,Retribution,Talent,"Power of Light",853510,"Requires  Primary Stat: Might or Finesse Increases your bonus spell healing by an amount equal to 20% of your melee attack power and your melee critical chance by 3%.  Capstone Bonus: Healing yourself with a cast time heal restores 8% of your base mana.",36,0,0,0,0,0,12,27
Paladin,Retribution,Talent,"Pursuit of Justice",26022,"Reduces the duration of all Disarm effects by 50% and increases your movement speed by 15%. This does not stack with other movement speed increasing effects.",16,0,0,0,0,0,3,6
Paladin,Retribution,Talent,"Righteous Vengeance",53380,"Direct critical strikes with spells and abilities make your target take 30% additional damage over 8 seconds as Holy damage.",40,0,0,0,0,0,12,30
Paladin,Retribution,Talent,"Sanctified Retribution",31869,"Increases the damage of all party and raid members by 3%.   Does not stack with other similar effects.    Increases the damage caused by Retribution Aura by 50%.",22,0,0,0,0,0,6,12
Paladin,Retribution,Talent,"Sanctified Wrath",53375,"Increases the critical strike chance of Hammer of Wrath by 50%.    Reduces the cooldown of Avenging Wrath by 60 secs and while affected by Avenging Wrath 50% of all damage caused bypasses damage reduction effects.",34,0,0,0,0,0,9,24
Paladin,Retribution,Talent,"Sanctity of Battle",32043,"Increases your chance to get a critical strike with all spells and attacks by 3%.    Increases the damage caused by Exorcism, Crusader Strike and Execution Sentence by 15%.",18,0,0,0,0,0,3,9
Paladin,Retribution,Talent,"Sheath of Light",53501,"Your critical healing spells heal for an additional 30% of the healed amount over 12 seconds.    Sheath of Light is doubled for Single Target heals.",36,0,0,0,0,0,12,27
Paladin,Retribution,Talent,"Swift Retribution",53379,"Increases the haste of all party and raid members by 3%.",36,0,0,0,0,0,12,27
Paladin,Retribution,Talent,"The Art of War",53486,"Increases the damage of your Judgement, Crusader Strike, Execution Sentence and Divine Storm abilities by 9%.    Dealing direct damage with Holy and Physical abilities or spells has a 50% chance to reduce the cast time of your next Flash of Light or Exorcism by 100%.      This effect has a 6 second cooldown.",30,0,0,0,0,0,9,21
Paladin,Retribution,Talent,"Two-Handed Weapon Specialization",20111,"Increases the physical damage you deal with two-handed melee weapons by 6%.",22,0,0,0,0,0,6,12
Paladin,Retribution,Talent,"Vengeance",20049,"Gives you a 3% bonus to Physical and Holy damage you deal after dealing a direct critical strike.     Stacks up to 3 times. Lasts 30 seconds.",24,0,0,0,0,0,6,15
Paladin,Retribution,Talent,"Vindication",9452,"Gives your Holy spells and Paladin melee abilities a 65% chance to reduce the targets attack power by 2 (scaling with level).    Does not stack with other similar effects.",16,0,0,0,0,0,3,6
Priest,Discipline,Ability,"Angelic Feather",760053,"Place a feather at the target location, lasting for 15 sec. If allies walk through it, they gain 50% increased movement speed for 4 sec.  Max 3 charges. 20 second recharge timer.",28,0,0,40,26,0,0,0
Priest,Discipline,Ability,"Dispel Magic",527,"Dispels magic on the target, removing 1 harmful spell from a friend or 1 beneficial spell from an enemy.",18,0,0,26,16,0,0,0
Priest,Discipline,Ability,"Divine Spirit",14752,"Holy power infuses the target, increasing their Spirit by 17 for 30 min.   Does not stack with other similar effects.",30,0,0,26,28,0,0,0
Priest,Discipline,Ability,"Fear Ward",6346,"Wards the friendly target against Fear and Horror effects. The next Fear effect used against the target will fail, using up the ward.  Lasts 3 min.",20,0,0,29,18,0,0,0
Priest,Discipline,Ability,"Inner Fire",588,"A burst of holy energy fills the caster, increasing armor by 175. Taking melee or ranged damage will remove one stack. Lasts until cancelled or until 20 stacks are used.",12,0,0,10,10,0,0,0
Priest,Discipline,Ability,"Inner Focus",14751,"When activated, reduces the mana cost of your next spell or magic ability by 100% and increases its critical effect chance by 25% if it is capable of a critical effect.",16,0,0,23,14,0,3,6
Priest,Discipline,Ability,"Levitate",1706,"Allows the friendly party or raid target to levitate, floating a few feet above the ground.  While levitating, the target will fall at a reduced speed and travel over water.  Any damage will cancel the effect.  Lasts 2 min.  This ability is usable while shapeshifted.",18,0,0,5,32,0,0,0
Priest,Discipline,Ability,"Mana Burn",8129,"Destroy 10% of the target's mana (up to a maximum of 20% of your own maximum mana). For each mana destroyed in this way, the target takes 0.5 Shadow damage.",16,0,0,14,14,0,0,0
Priest,Discipline,Ability,"Mass Dispel",32374,"Dispels magic in a 15 yard radius, removing 1 harmful spell from each friendly target and 1 beneficial spell from each enemy target.  Affects a maximum of 10 friendly targets and 10 enemy targets.  This dispel is potent enough to remove Magic effects that are normally undispellable, including Divine Shield, Ice Block and Cyclone.    Mass Dispel can remove Stealth from targets within the spell.",36,0,0,40,38,0,0,0
Priest,Discipline,Ability,"Pain Suppression",33206,"Instantly reduces a friendly target's threat by 5%, reduces all damage taken by 40% for 8 sec. Pain Suppression has a 60% chance to resist Dispel mechanics.",36,0,0,40,34,0,12,27
Priest,Discipline,Ability,"Penance",47540,"Launches a volley of holy light at the target, causing 241 Holy damage to an enemy, or 125 to 141 healing to an ally instantly and every 1 sec for 2 sec.",40,0,0,0,38,0,15,30
Priest,Discipline,Ability,"Power Infusion",10060,"Infuses the target with power, increasing spell casting speed by 20% and reducing the cost of all magic spells and abilities by 20%. Lasts 15 sec.",30,0,0,40,28,0,9,21
Priest,Discipline,Ability,"Power Word: Fortitude",1243,"Power infuses the target, increasing their Stamina by 3 for 30 min.   Does not stack with other similar effects.",1,0,0,4,0,0,0,0
Priest,Discipline,Ability,"Power Word: Shield",17,"Draws on the soul of the friendly target to shield them, absorbing 44 damage. Lasts 30 sec. While the shield holds, spellcasting will not be interrupted by damage. Once shielded, the target cannot be shielded again for 15 sec.",6,0,0,8,4,0,0,0
Priest,Discipline,Ability,"Shackle Undead",9484,"Shackles the target undead enemy for up to 30 sec. The shackled unit is unable to move, attack or cast spells.  Any damage caused will release the target.      Only one target can be shackled at a time.",20,0,0,5,18,0,0,0
Priest,Discipline,Talent,"Absolution",33167,"Reduces the mana cost of your Dispel Magic, Cure Disease, Abolish Disease and Mass Dispel spells by 15%.",18,0,0,0,0,0,3,9
Priest,Discipline,Talent,"Aspiration",47507,"Reduces the cooldown of your Inner Focus, Power Infusion, Pain Suppression, Leap of Faith and Penance spells by 20%.     Increases the duration of Pain Suppression by 2 sec.",34,0,0,0,0,0,9,24
Priest,Discipline,Talent,"Borrowed Time",52795,"Grants 20% spell haste for 6 sec after casting Power Word: Shield. This effect is consumed by your next non-instant spell.     Increases the healing power scaling of your Power Word: Shield by 40%.",40,0,0,0,0,0,12,30
Priest,Discipline,Talent,"Divine Aegis",47509,"Your effective critical healing creates a protective barrier absorbing damage up to 15% of the healed amount for 6 sec.    Divine Aegis is doubled for single target heals.    The absorb from Divine Aegis is limited to 10% of the target's maximum health.",36,0,0,0,0,0,12,27
Priest,Discipline,Talent,"Enlightenment",34908,"Increases your total Spirit, Intellect and haste by 3%.",24,0,0,0,0,0,6,15
Priest,Discipline,Talent,"Focused Power",33186,"Increases all damage and healing done by 4%.     The cast time of Mass dispel is reduced 1 sec.",24,0,0,0,0,0,6,15
Priest,Discipline,Talent,"Focused Will",45234,"Increases your spell critical effect chance by 3%,  Capstone Bonus: Gain the Focused Will effect whenever you take a critical hit, increasing healing taken by 5% and decreasing damage taken by 4%. This effect stacks up to 3 times and lasts 10 seconds.",30,0,0,0,0,0,9,21
Priest,Discipline,Talent,"Grace",47516,"Your Direct Heals and Power Word: Shield grant Grace, increasing the target's healing received from you by 3% for 12 sec. Stacks up to 3 times and can only affect one target.",36,0,0,0,0,0,12,27
Priest,Discipline,Talent,"Improved Flash Heal",63504,"Reduces the mana cost of your Flash Heal by 10%, and increases the critical effect chance of your Flash Heal by 15% on friendly targets at or below 50% health.  Capstone Bonus: Flash Heal casts reduce the cooldown of Inner Focus by 2 seconds.",30,0,0,0,0,0,9,21
Priest,Discipline,Talent,"Improved Inner Fire",14747,"Increases the effect of your Inner Fire spell by 45%, and increases the total number of charges by 12.",12,0,0,0,0,0,0,0
Priest,Discipline,Talent,"Improved Mana Burn",14750,"Reduces the casting time of your Mana Burn spell by 1 sec.",18,0,0,0,0,0,3,9
Priest,Discipline,Talent,"Improved Power Word: Fortitude",14749,"Increases your total Stamina by 4%.    Increases the effect of your Power Word: Fortitude and Prayer of Fortitude spells by 30%.",12,0,0,0,0,0,0,0
Priest,Discipline,Talent,"Improved Power Word: Shield",14748,"Increases the damage absorbed by your Power Word: Shield by 15%.",16,0,0,0,0,0,3,6
Priest,Discipline,Talent,"Martyrdom",14531,"You gain Focused Casting after being hit by a melee or ranged critical strike.     Focused Casting reduces the pushback suffered from damaging attacks while casting Priest spells by 100% and decreases the duration of Interrupt effects by 20%. Lasts 6 sec.",12,0,0,0,0,0,0,0
Priest,Discipline,Talent,"Meditation",14521,"Allows 25% of your mana regeneration to continue while casting.  Capstone Bonus: Your spell critical strike rating is increased by 10% of your Spirit.",16,0,0,0,0,0,3,6
Priest,Discipline,Talent,"Mental Agility",14520,"Reduces the mana cost of your instant cast spells by 10%.",18,0,0,0,0,0,3,9
Priest,Discipline,Talent,"Mental Strength",18551,"Increases your total Intellect by 10%.    Reduces all magic damage taken by 3%.",22,0,0,0,0,0,6,12
Priest,Discipline,Talent,"Rapture",47535,"When your Power Word: Shield is completely absorbed or dispelled you are instantly energized with 2.5% of your total mana.    You have a 100% chance to energize your shielded target with 2% total mana, 8 rage and 16 energy. This effect can only occur once every 12 sec.",34,0,0,0,0,0,9,24
Priest,Discipline,Talent,"Reflective Shield",33201,"Causes 44% of the damage you absorb with Power Word: Shield to reflect back at the attacker.  This damage causes no threat.",22,0,0,0,0,0,6,12
Priest,Discipline,Talent,"Renewed Hope",57470,"Increases the critical effect chance of your Holy spells by 6% on targets afflicted by the Weakened Soul effect.    You have a 100% chance to reduce all damage taken by 3% for 1 min to all friendly party and raid targets when you cast Power Word: Shield. This effect has a 15 sec cooldown.",34,0,0,0,0,0,9,24
Priest,Discipline,Talent,"Silent Resolve",14523,"Reduces the threat generated by your Holy and Discipline spells by 20% and reduces the chance your helpful spells and damage over time effects will be dispelled by 30%.",12,0,0,0,0,0,0,0
Priest,Discipline,Talent,"Soul Warding",63574,"Reduces the cooldown of your Power Word: Shield ability by 4 sec, and reduces the mana cost of your Power Word: Shield by 15%.",22,0,0,0,0,0,6,12
Priest,Discipline,Talent,"Twin Disciplines",47586,"Increases the damage and healing done by your Holy spells and abilities by 5%, and their critical strike chance by 5%.",10,0,0,0,0,0,0,0
Priest,Discipline,Talent,"Unbreakable Will",14522,"Reduces the duration of Stun, Fear, and Silence effects done to you by an additional 30%.  This does not stack with other Stun or Fear reduction effects.",10,0,0,0,0,0,0,0
Priest,Holy,Ability,"Abolish Disease",552,"Attempts to cure 1 disease effect on the target, and 1 more disease effect every 3 seconds for 12 sec.",32,0,0,32,30,0,0,0
Priest,Holy,Ability,"Binding Heal",32546,"Heals a friendly target and the caster for 359 to 418. Low threat.",34,0,0,10,38,0,0,0
Priest,Holy,Ability,"Circle of Healing",34861,"Heals up to 5 friendly party or raid members within 15 yards of the target for 151 to 173.",36,0,0,0,34,0,12,27
Priest,Holy,Ability,"Cure Disease",528,"Removes 1 disease from the friendly target.",14,0,0,12,12,0,0,0
Priest,Holy,Ability,"Desperate Prayer",19236,"Heals you for 110 to 150. If used while below 50% health, it guarantees a critical heal.",16,0,0,23,14,0,3,6
Priest,Holy,Ability,"Divine Hymn",64843,"Heals 3 nearby lowest health friendly party or raid targets within 40 yards for 896 to 984 every 2 sec for 8 sec, and increases healing done to them by 10% for 8 sec. Maximum of 12 heals. The Priest must channel to maintain the spell.",30,0,0,40,48,0,0,0
Priest,Holy,Ability,"Divine Star",760060,"Fires a Divine Star in front of you, traveling 30 yards, healing all allies within 5 yards of its path for 23.  After reaching its destination it will return to its original position, also healing all allies in its path.",30,0,0,40,28,0,0,0
Priest,Holy,Ability,"Flash Heal",2061,"Heals a friendly target for 121 to 146.",20,0,0,20,18,0,0,0
Priest,Holy,Ability,"Greater Heal",2050,"A slow casting spell that heals a single target for 31 to 38.",1,0,0,0,0,0,0,0
Priest,Holy,Ability,"Guardian Spirit",47788,"Calls upon a guardian spirit to watch over the friendly target. The spirit increases the healing received by the target by 40%, and also prevents the target from dying by sacrificing itself, only up to a maximum of 15% of target's total health. This sacrifice terminates the effect but heals the target of 50% of their maximum health. Lasts 10 sec.",40,0,0,40,38,0,15,30
Priest,Holy,Ability,"Halo",954803,"Creates a ring of Holy energy around you that quickly expands and grows in power, healing raid and party members up to 30 yds away. Heals with greater effect the further away the ally is. Also increases the Holy healing taken from the caster by 8%.",36,0,0,40,34,0,0,0
Priest,Holy,Ability,"Holy Fire",14914,"Consumes the enemy in holy flames that cause 81 to 97 Holy damage and an additional 21 Holy damage over 7 sec.",16,0,0,4,14,0,0,0
Priest,Holy,Ability,"Holy Nova",15237,"Causes an explosion of holy light around the caster, causing 21 to 23 Holy damage to all enemy targets within 10 yards and healing all party members within 10 yards for 52 to 60. These effects cause no threat.",14,0,0,4,12,0,0,0
Priest,Holy,Ability,"Hymn of Hope",64901,"Restores 3% mana to 3 nearby low mana friendly party or raid targets every 2 sec for 8 sec, and increases their total maximum mana by 20% for 8 sec. Maximum of 12 mana restores. The Priest must channel to maintain the spell.",40,0,0,40,48,0,0,0
Priest,Holy,Ability,"Leap of Faith",86381,"Pulls the spirit of a party or raid member, moving them to you. The same target can only be affected by this once every 30 seconds.",40,0,0,40,38,0,0,0
Priest,Holy,Ability,"Lightwell",724,"Creates a Holy Lightwell.    Lightwell will attempt to heal a nearby party or raid member within 20 yards every second if they have less than 50% health for 11.    Lightwell lasts for 30 seconds or until it heals 10 times.",30,0,0,40,28,0,9,21
Priest,Holy,Ability,"Prayer of Healing",596,"A powerful prayer heals the friendly target's party members within 30 yards for 118 to 130.",20,0,0,5,18,0,0,0
Priest,Holy,Ability,"Prayer of Mending",33076,"Places a spell on the target that heals them for 101 the next time they take damage.  When the heal occurs, Prayer of Mending jumps to a party or raid member within 20 yards. Jumps up to 5 times and lasts 30 sec after each jump.      This spell can only be placed on one target at a time.",40,0,0,34,38,0,0,0
Priest,Holy,Ability,"Priest Cleansing Mastery",6018,"You gain Priest Cleansing Mastery when learning any Priest Cleansing Spell.     This Mastery automatically unlocks additional Priest Cleansing Spells when you reach their Class Point requirements at no additional ability essence cost.   Cure Disease Removes 1 diseases from the friendly target.   Abolish Disease Attempts to cure 1 disease effect on the target, and more disease effects over time.",14,0,0,12,0,0,0,0
Priest,Holy,Ability,"Priest Healing Mastery",6012,"You gain Priest Healing Mastery when learning any Priest Healing Spell.     This Mastery automatically unlocks additional Priest Healing Spells when you reach their Class Point requirements at no additional ability essence cost.    Greater Heal A slow casting spell that heals a single target.   Flash Heal Heals a friendly target.",1,0,0,0,0,0,0,0
Priest,Holy,Ability,"Renew",139,"Heals the target for 35 over 15 sec.",4,0,0,0,2,0,0,0
Priest,Holy,Ability,"Resurrection",2006,"Brings a dead player back to life with 70 health and 135 mana.  Cannot be cast when in combat.",10,0,0,2,8,0,0,0
Priest,Holy,Ability,"Smite",585,"Smite an enemy for 13 to 17 Holy damage.",1,0,0,0,0,0,0,0
Priest,Holy,Talent,"Answered Prayers",18160,"Increases all damage done by 10% and all healing done by 10%.    Increases Holy damage by an additional 5%.",40,0,0,0,0,0,12,30
Priest,Holy,Talent,"Blessed Recovery",27811,"After being struck by a critical strike, you heal for 15% of the damage taken over 6 sec, additional critical strikes taken during the effect increase the healing received.  Capstone Bonus: When Blessed Recovery is active, your Desperate Prayer will come off cooldown three times as fast.",16,0,0,0,0,0,3,6
Priest,Holy,Talent,"Blessed Resilience",33142,"Increases the effectiveness of your healing spells by 3%, and critical hits made against you have a 60% chance to prevent you from being critically hit again for 6 sec.",30,0,0,0,0,0,9,21
Priest,Holy,Talent,"Body and Soul",64127,"When you cast Power Word: Shield or Leap of Faith, you increase the target's movement speed by 60% for 4 sec,    You have a 100% chance when you cast Abolish Disease on yourself to also cleanse 1 poison effect in addition to diseases.",34,0,0,0,0,0,9,24
Priest,Holy,Talent,"Divine Fury",18530,"Increases the critical strike chance of Holy Fire by 6%.     You deal 6% increased damage against targets afflicted by your Holy Fire.",18,0,0,0,0,0,3,9
Priest,Holy,Talent,"Divine Providence",47562,"Increases the amount healed Holy Spells by 10%.     Reduces the cooldown of your Halo and Prayer of Mending by 30%.",40,0,0,0,0,0,12,30
Priest,Holy,Talent,"Empowered Healing",33158,"Your Greater Heal, Flash Heal, Binding Heal, and Divine Star spells gain an additional 25% of your bonus healing effects.",34,0,0,0,0,0,9,24
Priest,Holy,Talent,"Empowered Renew",63534,"Your Renew spell gains another 15% of your bonus healing effects.  Your Renew instantly heals the target for 15% of the total periodic effect.",36,0,0,0,0,0,12,27
Priest,Holy,Talent,"Healing Focus",14913,"Increases your haste by 2%.    Reduces the pushback suffered from damaging attacks while casting by 70%.",10,0,0,0,0,0,0,0
Priest,Holy,Talent,"Healing Prayers",14911,"Reduces the mana cost of your Prayer of Healing, Prayer of Mending and Halo spell by 20% .    Increases the critical strike chance of your Prayer of Healing and Halo spell by 10%.",22,0,0,0,0,0,6,12
Priest,Holy,Talent,"Holy Concentration",34753,"Your Spirit is increased by 30% for 12 sec after you critically heal with Flash Heal, Greater Heal, or Binding Heal, or critically hit with Holy Fire or Smite.     Greater Heal, Flash Heal, Binding Heal, and Circle of Healing have a 100% chance to extend the duration of your Renew on all nearby party and raid members by 3 sec, up to an additional 6 sec.     This does not stack with similar effects.",30,0,0,0,0,0,9,21
Priest,Holy,Talent,"Holy Focus",14889,"Your spell critical strikes now deal 200% damage.     This does not stack with other similar effects.   Capstone Bonus: Your Holy damaging spell critical strikes have a 50% chance to increase magic damage done by 5% for 6 seconds.     This effect can only occur once every 8 seconds.",18,0,0,0,0,0,3,9
Priest,Holy,Talent,"Holy Reach",27789,"Increases the range of your damaging spells with a channeling or cast time by 6 yards.     This does not stack with other similar effects.    Increases the radius of your Prayer of Healing, Holy Nova, Divine Hymn, and Circle of Healing spells by 20%.   Capstone Bonus: Directly healing or directly damaging a target further than 20 yards away from you has a 20% chance to restore 2% of your missing mana over 4 sec. This effect can only occur once every 15 sec.",18,0,0,0,0,0,3,9
Priest,Holy,Talent,"Holy Specialization",16010,"Increases your chance to get a critical strike with all Holy spells and abilities by 5%.",10,0,0,0,0,0,0,0
Priest,Holy,Talent,"Improved Divine Star",760194,"Increases your critical strike chance by 3%.    Increases the amount healed by your Divine Star spell by 30%.",30,0,0,0,0,0,9,21
Priest,Holy,Talent,"Improved Healing",14912,"Reduces the mana cost of your Greater Heal, Divine Hymn and Penance spells by 15%.",22,0,0,0,0,0,6,12
Priest,Holy,Talent,"Improved Renew",14908,"Increases the amount healed by your Renew spell by 15%.",10,0,0,0,0,0,0,0
Priest,Holy,Talent,"Inspiration",14892,"Reduces your target's Physical damage taken by 10% for 15 sec after getting a critical effect from one of your healing spells.   Does not stack with other similar effects.",16,0,0,0,0,0,3,6
Priest,Holy,Talent,"Radiant Fury",4222,"Your Smite, Holy Fire and the damage of Holy Nova gains an additional 20% of your bonus spell damage effects.    Duration of Holy Fire is increased by 2.5 sec.",24,0,0,0,0,0,6,15
Priest,Holy,Talent,"Searing Light",14909,"Increases the damage of your Smite, Holy Fire, Penance, Holy Nova, Holy Shock and Exorcism spells by 15%.    Reduces the mana cost of your Holy Nova by 25%.",12,0,0,0,0,0,0,0
Priest,Holy,Talent,"Serendipity",63730,"When you heal with Binding Heal or Flash Heal, cast Renew, or deal damage with Smite, the cast time and mana cost of your next Greater Heal or Prayer of Healing spell is reduced by 15%. Stacks up to 3 times. Lasts 20 sec.",34,0,0,0,0,0,9,24
Priest,Holy,Talent,"Spell Warding",27900,"Reduces all magic damage taken by 10%.",12,0,0,0,0,0,0,0
Priest,Holy,Talent,"Spirit of Redemption",20711,"Increases total Spirit by 5% and upon death, you becomes the Spirit of Redemption for 15 sec.      The Spirit of Redemption cannot move, attack, be attacked or targeted by any spells or effects.  While in this form you can cast any healing spell free of cost.  When the effect ends, you die.",24,0,0,0,0,0,6,15
Priest,Holy,Talent,"Spiritual Guidance",14901,"Increases spell power by 25% of your total Spirit.",22,0,0,0,0,0,6,12
Priest,Holy,Talent,"Spiritual Healing",14898,"Increases the amount healed by your spells by 10%.",24,0,0,0,0,0,6,15
Priest,Holy,Talent,"Surge of Light",33150,"Your direct damage and healing spell and ability criticals have a 50% chance to cause your next Smite or Flash Heal spell to be instant cast and cost no mana but are incapable of a critical hit. This effect lasts 10 sec.",24,0,0,0,0,0,6,15
Priest,Holy,Talent,"Test of Faith",47558,"Increases healing and damage done to targets below 50% health by 12%.",36,0,0,0,0,0,12,27
Priest,Shadow,Ability,"Devouring Plague",2944,"Afflicts the target with a disease that causes 152 Shadow damage over 24 sec. 15% of damage caused by the Devouring Plague heals the caster. This spell can only affect one target at a time.",20,0,0,5,18,0,0,0
Priest,Shadow,Ability,"Dispersion",47585,"You disperse into pure Shadow energy, reducing all damage taken by 90%.  You are unable to attack or cast spells, but you regenerate 6% mana every 1 sec for 6 sec. Dispersion can be cast while stunned, feared or silenced and clears all snare and movement impairing effects when cast.",40,0,0,40,38,0,15,30
Priest,Shadow,Ability,"Fade",586,"Fade out, temporarily reducing all your threat for 10 sec.  This ability is usable while shapeshifted.",8,0,0,9,6,0,0,0
Priest,Shadow,Ability,"Mind Blast",8092,"Blasts the target for 39 to 43 Shadow damage.",10,0,0,0,8,0,0,0
Priest,Shadow,Ability,"Mind Flay",15407,"Assault the target's mind with Shadow energy, causing 45 Shadow damage over 3 sec and slowing their movement speed by 50%.",16,0,0,0,14,0,3,6
Priest,Shadow,Ability,"Mind Sear",48045,"Causes an explosion of shadow magic around the enemy target, causing 50 to 57 Shadow damage every 1 sec for 5 sec to all enemies within 10 yards around the target.",36,0,0,10,34,0,0,0
Priest,Shadow,Ability,"Mind Soothe",453,"Soothes the target, reducing the range at which it will attack you by 10 yards. Only affects Humanoid targets. Lasts 15 sec.",20,0,0,5,18,0,0,0
Priest,Shadow,Ability,"Mind Vision",2096,"Allows the caster to see through the target's eyes for 1 min.  This ability is usable while shapeshifted.",22,0,0,6,20,0,0,0
Priest,Shadow,Ability,"Psychic Horror",64044,"You terrify the target, causing them to tremble in horror for 3 sec, and disarming their main hand and ranged weapons for 10 sec.  This spell cannot miss.",36,0,0,40,34,0,12,27
Priest,Shadow,Ability,"Psychic Scream",8122,"The caster lets out a psychic scream, causing 2 enemies within 8 yards to flee for 6 sec.  Damage caused may interrupt the effect.",10,0,0,14,8,0,0,0
Priest,Shadow,Ability,"Shadow Protection",976,"Increases the target's resistance to Shadow spells by 30 for 30 min.",30,0,0,26,28,0,0,0
Priest,Shadow,Ability,"Shadow Word: Death",32379,"A word of dark binding that inflicts 192 to 222 Shadow damage to the target.  If the target is not killed by Shadow Word: Death, the caster takes damage equal to the damage inflicted upon the target after a short delay.",40,0,0,34,38,0,0,0
Priest,Shadow,Ability,"Shadow Word: Pain",589,"A word of darkness that causes 30 Shadow damage over 18 sec.",1,0,0,0,0,0,0,0
Priest,Shadow,Ability,"Shadowfiend",34433,"Creates a shadowy fiend to attack the target.  Caster receives 5% mana when the Shadowfiend attacks. Damage taken by area of effect attacks is reduced. Lasts 15 sec.",40,0,0,34,48,0,0,0
Priest,Shadow,Ability,"Shadowform",15473,"Assume a Shadowform, increasing your Shadow damage by 15%.    You may not cast Healing or Priest Holy spells while in this form except for Cure Disease and Abolish Disease.    Grants the periodic damage from your Shadow Word: Pain, Devouring Plague, and Vampiric Touch spells the ability to critically hit and benefit from haste.",30,0,0,26,28,0,9,21
Priest,Shadow,Ability,"Silence",15487,"Silences the target, preventing them from casting spells for 5 sec. Non-player victim spellcasting is also interrupted for 3 sec.",22,0,0,32,20,0,6,12
Priest,Shadow,Ability,"Vampiric Embrace",15286,"Fills you with the embrace of Shadow energy, causing you to be healed for 15% and other party members to be healed for 3% of any single-target Priest Shadow spell damage you deal.     Either heal cannot exceed 5% of the maximum health of the caster.   This ability is usable while shapeshifted.",22,0,0,26,20,0,6,12
Priest,Shadow,Ability,"Vampiric Touch",34914,"Causes 340 Shadow damage over 15 sec to your target.     When you deal damage with Mind Blast to a target afflicted by your Vampiric Touch, you gain Replenishment.    If Vampiric Touch is dispelled it will cause 544 damage to the afflicted target.     Replenishment Replenishes 1% of maximum mana per 5 sec on up to 10 party members for 15 sec.",36,0,0,26,34,0,12,27
Priest,Shadow,Ability,"Void Eruption",760122,"Releases an explosive blast of pure void energy, causing Shadow damage to up to 10 enemies within 10 yards of your target. The power drawn from the Void increases your periodic Shadow Priest damage by 20% for 5 sec, increased by 0.5 sec for each enemy hit.  While in Shadowform this spell also applies Shadow Word: Pain (if known) to all enemies hit.",28,0,0,40,26,0,0,0
Priest,Shadow,Ability,"Void Shift",954522,"You and the currently targeted party or raid member swap health percentages. Increases the health percentage of you and your ally to 25% if below that amount.  After casting or being targeted by Void Shift you cannot cast or be targeted by it for 1 min.",30,0,0,40,28,0,0,0
Priest,Shadow,Talent,"Darkness",15259,"Increases all damage done by 3%.    Increases your Shadow damage done by 3%.",10,0,0,0,0,0,0,0
Priest,Shadow,Talent,"Improved Devouring Plague",63625,"Increases the periodic damage done by your Devouring Plague by 15%.    Devouring Plague now instantly deals 30% of its total periodic effect when cast.  You deal 3% increased damage against targets afflicted by your Devouring Plague.",24,0,0,0,0,0,6,15
Priest,Shadow,Talent,"Improved Mind Blast",15273,"Reduces the cooldown of your Mind Blast spell by 2.5 sec.    Mind Blast also has a 100% chance to reduce all healing done to the target by 20% for 10 sec.",16,0,0,0,0,0,3,6
Priest,Shadow,Talent,"Improved Psychic Scream",15392,"Reduces the cooldown of your Psychic Scream spell by 4 sec.",16,0,0,0,0,0,3,6
Priest,Shadow,Talent,"Improved Shadow Word: Pain",15275,"Increases the damage of your Shadow Word: Pain spell by 6%.",12,0,0,0,0,0,0,0
Priest,Shadow,Talent,"Improved Shadowform",47569,"Your Fade has a 100% chance to clear all movement impairing effects when used in Shadowform.  While in Shadowform, you also take 15% less damage and lose 70% less casting or channeling time when hit while casting Shadow spells",34,0,0,26,0,0,9,24
Priest,Shadow,Talent,"Improved Spirit Tap",15337,"Your Spirit Tap now also triggers from your critical strikes with direct damage Shadow spells and Mind Flay and now also increases critical strike rating by 10% of your Spirit.",10,0,0,0,0,0,0,0
Priest,Shadow,Talent,"Improved Vampiric Embrace",27839,"Increases the healing received from Vampiric Embrace by 67%.",22,0,0,26,0,0,6,12
Priest,Shadow,Talent,"Mind Melt",14910,"Increases the critical strike chance of your Mind Blast, Shadow Word: Death, Mind Flay and Mind Sear spells by 4%.    Increases the periodic critical strike chance of your damaging periodic spells by 6%.",24,0,0,0,0,0,6,15
Priest,Shadow,Talent,"Misery",33191,"Your Mind Blast, Mind Flay and Mind Sear gain an additional 15% of your bonus spell damage effects.    Your Shadow Word: Pain, Mind Flay and Vampiric Touch spells increase the chance for harmful spells to hit by 3% lasting 24 sec.",34,0,0,0,0,0,9,24
Priest,Shadow,Talent,"Pain and Suffering",47580,"Shadow channeled spells and Mind Blast casts have a 100% chance to refresh the duration of your Shadow Word: Pain on the target.    Reduces the damage you take from your own Shadow Word: Death by 30%.",36,0,0,0,0,0,12,27
Priest,Shadow,Talent,"Shadow Affinity",15318,"Reduces the mana cost of your Shadow spells by 6%.    You receive 15% of your base mana when your Shadow Word: Pain or Vampiric Touch spells are dispelled.  Capstone Bonus: All threat generated is reduced by 30%. This capstone effect does not stack with similar capstone effects.",12,0,0,0,0,0,0,0
Priest,Shadow,Talent,"Shadow Focus",15260,"Reduces the mana cost of your spells by 6%.    Reduces spell pushback suffered from damaging attacks by 70%.",12,0,0,0,0,0,0,0
Priest,Shadow,Talent,"Shadow Power",33221,"Your spell critical strikes now deal 200% damage.     This does not stack with other similar effects.   Capstone Bonus: Your Shadow and Holy periodic damage effects have a 30% chance to make the target vulnerable to your power, increasing their Magic damage taken from you by 4% for 4 seconds.",30,0,0,0,0,0,9,21
Priest,Shadow,Talent,"Shadow Reach",17322,"Increases the range of your damaging spells with a channeling or cast time by 6 yards.     This does not stack with other similar effects.  Dealing direct magic damage to a target further than 20 yards away from you has a 33% chance to corrupt their soul, dealing Shadow damage over 3 seconds. This effect can only occur once every 15 sec.",18,0,0,0,0,0,3,9
Priest,Shadow,Talent,"Shadow Weaving",15257,"Your damaging Priest Shadow spells have a 100% chance to increase the Shadow damage you deal by 2% for 15 sec.  Stacks up to 5 times.",18,0,0,0,0,0,3,9
Priest,Shadow,Talent,"Spirit Tap",15270,"You have a 100% chance to gain Spirit Tap after killing a target that yields experience or honor.     Your Spirit is increased by 30% and your mana will regenerate at 75% rate while casting.   Lasts 15 sec.  This does not stack with similar effects.",10,0,0,0,0,0,0,0
Priest,Shadow,Talent,"Twisted Faith",47573,"Increases your spell power by 20% of your total Spirit.    Increases the damage done by your Mind Flay and Mind Blast is increased by 10% if your target is afflicted by your Shadow Word: Pain.",40,0,0,0,0,0,12,30
Priest,Shadow,Talent,"Veiled Shadows",15274,"Reduces the cooldown of your Shadowfiend ability by 120 sec and of your Fade ability by 6 sec.",18,0,0,0,0,0,3,9
Priest,Shadow,Talent,"Void-touched Mind",33213,"Mind Blast, Mind Flay and Mind Sear spells cost 15% less mana.  Capstone Bonus: Your Mind Blast extends the duration of Void Eruption by up to 3 seconds and your Mind Flay ticks increase the periodic damage increase of Void Eruption by an additional 3%, stacks up to 10 times.",22,0,0,0,0,0,6,12
Rogue,Assassination,Ability,"Advanced Finishing Move Mastery",954708,"You gain Advanced Finishing Move Mastery when learning any Advanced Finishing Move Spell.     This Mastery automatically unlocks additional Advanced Finishing Move Spells when you reach their Class Point requirements at no additional ability essence cost.                               Recuperate Finishing move that consumes combo points on your target to restore health over time. Lasts longer per combo point:    Slice and Dice Finishing move that increases your melee attack speed. Lasts longer per combo point.   Meditate Finishing move that consumes combo points on any nearby target to restores mana over time. Lasts longer per combo point.   Expose Armor Finishing move that exposes the target, reducing their armor and lasts longer per combo point.   Kidney Shot Finishing move that stuns the target.  Lasts longer per combo point.",1,0,0,0,0,0,0,0
Rogue,Assassination,Ability,"Ambush",8676,"Ambush the target, causing 275% weapon damage plus 77 to the target. Must be stealthed and behind the target. Requires a dagger in the main hand. Awards 2 combo points.",16,0,0,10,14,0,0,0
Rogue,Assassination,Ability,"Cheap Shot",1833,"Stuns the target for 4 sec. Must be stealthed. Awards 2 combo points.",26,0,0,38,24,0,0,0
Rogue,Assassination,Ability,"Cold Blood",14177,"When activated, your next direct damage Rogue ability has 100% increased critical strike chance, 20% increased damage (10% versus players) and is usable from 10 yards.     When consumed you will gain 4% melee and ranged critical strike chance for 15 sec.",22,0,0,32,20,0,6,12
Rogue,Assassination,Ability,"Combat Readiness",86378,"Enter a state of heightened defensive awareness. Each time you're hit by a spell or ability, your overall damage taken is reduced by 5%(3% versus players) for 10 sec. Stacks up to 5 times. Lasts 20 sec or until you have not been attacked for 10 sec.  This ability is usable while shapeshifted.",36,0,0,40,34,0,0,0
Rogue,Assassination,Ability,"Combo Mastery",6020,"You gain Combo Mastery when learning any Rogue Combo Generator.     This Mastery automatically unlocks additional Rogue Combo Generators when you reach their Class Point requirements at no additional ability essence cost.   Sinister Strike Strikes the enemy with your weapon. Awards 1 combo point.   Backstab Backstab the target, causing physical damage and wards 1 combo point. Must be behind target.    Hemorrhage Strikes the target, dealing physical damage, causing them to hemmorage, taking increased physical damage while active. Awards 1 combo point.    Mutilate Strikes the target with both weapons. Awards 2 Combo points.",1,0,0,0,0,0,0,0
Rogue,Assassination,Ability,"Crimson Tempest",954809,"Finishing move that slashes at the flesh of all enemies within 8 yards, dealing Physical damage and causing them to bleed per combo point:     1 point: 9 damage and 17 damage over 8 sec     2 points: 16 damage and 25 damage over 8 sec     3 points: 23 damage and 33 damage over 8 sec     4 points: 30 damage and 42 damage over 8 sec     5 points: 38 damage and 51 damage over 8 sec",14,0,0,0,12,0,0,0
Rogue,Assassination,Ability,"Deadly Throw",26679,"Finishing move that reduces the movement of the target by 50% for 6 sec and causes increased thrown weapon damage:     1 point  : 28-44 damage     2 points: 47-63 damage     3 points: 66-82 damage     4 points: 85-101 damage     5 points: 104-120 damage",24,0,0,20,22,0,0,0
Rogue,Assassination,Ability,"Dismantle",51722,"Disarm the enemy, removing their weapons, shields, or other equipment carried for 6 sec.",20,0,0,29,18,0,0,0
Rogue,Assassination,Ability,"Envenom",32645,"Finishing move that consumes your Deadly Poison doses on the target and deals instant poison damage.     After the Envenom attack you have an additional 15% chance to apply Deadly Poison and a 75% increased frequency of applying Instant Poison for 1 sec plus an additional 1 sec per combo point.  One dose is consumed for each combo point:    1 dose:  38 damage    2 doses: 77 damage    3 doses: 116 damage    4 doses: 156 damage    5 doses: 196 damage",36,0,0,24,34,0,0,0
Rogue,Assassination,Ability,"Essential Finishing Move Mastery",6002,"You gain Essential Finishing Move Mastery when learning any Essential Rogue Finishing Move.     This Mastery automatically unlocks additional Essential Rogue Finishing Move when you reach their Class Point requirements at no additional ability essence cost.    Eviscerate Finishing move that causes Physical damage. Damage increases per combo point.   Crimson Tempest Finishing move that slashes at the flesh of all enemies around you, dealing Physical damage and causing them to bleed, duration is increased per combo point.   Rupture Finishing move that causes damage over time. Lasts longer per combo point.    Deadly Throw Finishing move that reduces the movement of the target and causes increased thrown weapon damage per combo point.    Envenom Finishing move that consumes your Deadly Poison doses on the target and deals instant poison damage.",1,0,0,0,0,0,0,0
Rogue,Assassination,Ability,"Eviscerate",2098,"Finishing move that causes damage per combo point:     1 point  : 7-11 damage     2 points: 13-17 damage     3 points: 19-23 damage     4 points: 26-30 damage     5 points: 33-37 damage",1,0,0,0,0,0,0,0
Rogue,Assassination,Ability,"Expose Armor",8647,"Finishing move that exposes the target, reducing armor by 20% and lasting longer per combo point:    1 point  : 6 sec.    2 points: 12 sec.    3 points: 18 sec.    4 points: 24 sec.    5 points: 30 sec.   Does not stack with other similar effects.",14,0,0,12,12,0,0,0
Rogue,Assassination,Ability,"Garrote",703,"When attacking from stealth, inflicts 18 damage to an enemy every 3 sec. for 18 sec and silences the enemy for 2 sec. Awards 1 combo point.",12,0,0,10,10,0,0,0
Rogue,Assassination,Ability,"Hunger For Blood",51662,"Enrages you, increasing all Physical and Nature damage caused by 10%, lasting for 15 seconds. Also gives you a movement boost of 30% for 5 seconds. Requires any bleed to be active on the target to be used.   This ability is usable while shapeshifted.",40,0,0,40,38,0,15,30
Rogue,Assassination,Ability,"Kidney Shot",408,"Finishing move that stuns the target.  Lasts longer per combo point:    1 point  : 1 second    2 points: 2 seconds    3 points: 3 seconds    4 points: 4 seconds    5 points: 5 seconds",20,0,0,29,18,0,0,0
Rogue,Assassination,Ability,"Meditate",965426,"Finishing move that consumes combo points on any nearby target to restore 6% of your base mana every 2 sec. Lasts longer per combo point:    1 point  : 18% base mana over 6  secs    2 points: 36% base mana over 12  secs     3 points: 54% base mana over 18  secs    4 points: 72% base mana over 24  secs    5 points: 90% base mana over 30 secs",6,0,0,8,4,0,0,0
Rogue,Assassination,Ability,"Mutilate",1329,"Instantly attacks with both weapons for 100% weapon damage plus an additional 36 with each weapon. Awards 2 combo points.    Damage is increased by 20% against Poisoned targets.",36,0,0,36,34,0,12,27
Rogue,Assassination,Ability,"Poison Mastery",2842,"You gain Poison Mastery when learning any Rogue Poison.     This Mastery automatically unlocks additional Essential Rogue Poisons when you reach their Class Point requirements at no additional ability essence cost.   Instant Poison Coats a melee or ranged weapon with a poison that deals nature damage.    Crippling Poison Coats a weapon with crippling poison that slows the target.   Mind-numbing Poison Coats a weapon with mind-numbing poison that reduces their casting speed.   Deadly Poison Coats your weapon with a deadly poison that causes your targets to take Nature damage over times and stacks up.    Wound Poison Coats your weapon with a poison that deals Nature damage and reduces the target's healing received.    Anesthetic Poison Coats your weapon with poison that deals Nature damage and dispels Enrage effects on your target.",16,0,0,14,34,0,0,0
Rogue,Assassination,Ability,"Rupture",1943,"Finishing move that causes damage over time.  Lasts longer per combo point:     1 point  : 40 damage over 8 sec     2 points: 61 damage over 10 sec     3 points: 87 damage over 12 sec     4 points: 117 damage over 14 sec     5 points: 153 damage over 16 sec",20,0,0,16,18,0,0,0
Rogue,Assassination,Ability,"Slice and Dice",5171,"Finishing move that increases melee attack speed by 20%. Lasts longer per combo point:     1 point  : 9 seconds     2 points: 12 seconds     3 points: 15 seconds     4 points: 18 seconds     5 points: 21 seconds    This ability is usable while shapeshifted.",4,0,0,0,2,0,0,0
Rogue,Assassination,Ability,"Smoke Bomb",954501,"Creates a cloud of thick smoke in an 8 yard radius around you for 5 sec. Enemies are unable to target into or out of the smoke cloud.   This ability is usable while shapeshifted.",36,0,0,40,34,0,0,0
Rogue,Assassination,Ability,"Stealth Mastery",6003,"You gain Assasination Mastery when learning any Rogue Opening Move.     This Mastery automatically unlocks additional Essential Stealth Opening Moves when you reach their Class Point requirements at no additional ability essence cost.     Stealth Allows you to sneak around, but reduces your speed by 30%. Removes invulnerabilities when used. Lasts until cancelled.   Garrote Causes enemy to bleed, taking damage over time, if used from stealth also silences the target. Awards 1 combo point.   Ambush Ambuses the target, dealing physical damage to the target. Must be stealthed and behind the target. Requires a dagger in the mainhand. Awards 2 combo points.   Cheap Shot Stuns the target for until cancelled. Must be stealthed. Awards 2 combo points.",8,0,0,9,0,0,0,0
Rogue,Assassination,Talent,"Blood Spatter",51632,"Increases the damage caused by your Garrote, Rupture and Crimson Tempest abilities by 30%.    Increases the damage of your Hemorrhage ability by 10%.",12,0,0,0,0,0,0,0
Rogue,Assassination,Talent,"Cut to the Chase",51664,"Your Eviscerate, Envenom, and Ferocious Bite abilities have a 100% chance to refresh your Slice and Dice duration to its 5 combo point maximum.",40,0,0,0,0,0,12,30
Rogue,Assassination,Talent,"Deadened Nerves",31380,"Reduces all damage taken by 6%.",30,0,0,0,0,0,9,21
Rogue,Assassination,Talent,"Deadly Brew",51625,"When you apply Instant, Deadly or Mind-Numbing poison to a target, you have a 100% chance to apply Crippling poison.     This effect can only occur once every 1 seconds.",30,0,0,0,0,0,9,21
Rogue,Assassination,Talent,"Find Weakness",31234,"Increases your critical strike chance by 6%.    Capstone Bonus: The periodic damage of your Garrote is able to critically hit.",34,0,0,0,0,0,9,24
Rogue,Assassination,Talent,"Fleet Footed",31208,"Reduces the duration of all movement impairing effects by 30% and increases your movement speed by 15%.  This does not stack with other movement speed increasing effects.",22,0,0,0,0,0,6,12
Rogue,Assassination,Talent,"Focused Attacks",51634,"Critical strikes with melee auto attacks, offensive spells and abilities have a 100% chance to give you 2 energy.",34,0,0,0,0,0,9,24
Rogue,Assassination,Talent,"Improved Eviscerate",14162,"Increases the damage of your Eviscerate ability by 20%.",10,0,0,0,0,0,0,0
Rogue,Assassination,Talent,"Improved Expose Armor",14168,"Reduces the energy cost of your Expose Armor ability by 10, increases its duration by 50%, and your attacks ignore an additional 12% of your target's armor.",16,0,0,0,0,0,3,6
Rogue,Assassination,Talent,"Improved Kidney Shot",14174,"Kidney Shot increases damage taken by the target from all sources by 8%.",22,0,0,0,0,0,6,12
Rogue,Assassination,Talent,"Improved Poisons",14113,"Increases the chance to apply Deadly Poison to your target by 20% and the frequency of applying Instant Poison to your target by 50%.",18,0,0,0,0,0,3,9
Rogue,Assassination,Talent,"Lethality",14128,"Increases the critical strike damage bonus of all non-periodic combo point-generating Rogue abilities and Rogue poisons by 30%.",16,0,0,0,0,0,3,6
Rogue,Assassination,Talent,"Malice",14138,"Increases your chance to get a critical strike with all spells and attacks by 5%.  Capstone Bonus: You gain 5 Energy when your Garrote, Rupture or Crimson Tempest deal damage.",10,0,0,0,0,0,0,0
Rogue,Assassination,Talent,"Master Poisoner",31226,"Increases the critical strike chance of all spells and attacks against any target you have poisoned by 3%.    Reduces the duration of all Poison effects applied to you by 50%.    Envenom has a 100% chance not to consume Deadly Poison.   Does not stack with other similar effects.",36,0,0,0,0,0,12,27
Rogue,Assassination,Talent,"Murder",14158,"Increases all damage done by 2%     Increases the duration of the Silence effect from Garrote by 0.5 sec.",24,0,0,0,0,0,6,15
Rogue,Assassination,Talent,"Overkill",58426,"While stealthed, and for 20 sec seconds after breaking stealth, you regenerate 30% additional energy.",30,0,0,0,0,0,9,21
Rogue,Assassination,Talent,"Puncturing Wounds",13733,"Increases the critical strike chance of your Backstab ability by 30%.    Increases the critical strike chance of your Mutilate ability by 15%.",12,0,0,0,0,0,0,0
Rogue,Assassination,Talent,"Quick Recovery",31244,"Increases healing done to you by 20%.   This effect does not stack with other similar effects.   Your Rogue finishing moves refund 80% of their Energy cost when they fail to hit.",22,0,0,0,0,0,6,12
Rogue,Assassination,Talent,"Remorseless Attacks",14144,"After killing an opponent that yields experience or honor, gives you a 40% increased critical strike chance on your next Sinister Strike, Hemorrhage, Backstab, Mutilate, Ambush, or Ghostly Strike.  Lasts 20 sec.  Capstone Bonus: Triggering Remorseless Attacks also refreshes your Slice and Dice duration to its 5 combo point maximum.",10,0,0,0,0,0,0,0
Rogue,Assassination,Talent,"Ruthlessness",14156,"Increases the damage of your Rogue finishing moves by 6%.     Your Rogue melee finishing moves have a 60% chance to add a combo point.    This effect cannot occur more than once every 2 seconds.",12,0,0,0,0,0,0,0
Rogue,Assassination,Talent,"Seal Fate",14186,"Your critical strikes from Rogue abilities that add combo points have a 100% chance to add an additional combo point.     Increases the damage done by Eviscerate, Rupture, Deadly Throw and Crimson Tempest by 10%.  Capstone Bonus: Consuming Cold Blood with a finishing move has a 20% chance per combo point to increase your movement speed by 70% for 4 sec.",24,0,0,0,0,0,6,15
Rogue,Assassination,Talent,"Turn the Tables",51627,"Whenever anyone in your party or raid blocks, dodges, or parries an attack your chance to critically hit with combo point generators and haste is increased by 6% for 8 sec.",36,0,0,0,0,0,12,27
Rogue,Assassination,Talent,"Vigor",14983,"Increases your maximum Energy by 20.",16,0,0,0,0,0,3,6
Rogue,Assassination,Talent,"Vile Poisons",16513,"Increases the damage dealt by your poisons and Envenom ability by 20%.    Gives your damage over time poisons an additional 30% chance to resist dispel effects.",18,0,0,0,0,0,3,9
Rogue,Combat,Ability,"Adrenaline Rush",13750,"Increases your Energy regeneration rate by 100% for 15 sec.  This ability is usable while shapeshifted.",30,0,0,40,28,0,9,21
Rogue,Combat,Ability,"Backstab",53,"Backstab the target, causing 150% weapon damage plus 10 to the target. Must be behind the target.  Requires a dagger in the main hand. Awards 1 combo point.",1,0,0,0,0,0,0,0
Rogue,Combat,Ability,"Blade Flurry",13877,"Increases your melee attack speed by 20%. In addition, attacks strike an additional nearby opponent. Lasts 20 sec.    Can't be active at the same time as Sweeping Strikes.     This ability is usable while shapeshifted.",22,0,0,32,20,0,6,12
Rogue,Combat,Ability,"Evasion",5277,"Increases your dodge chance by 50% and reduces the chance ranged attacks hit you by 50%. Lasts 15 sec.     This ability is usable while shapeshifted.",8,0,0,9,6,0,0,0
Rogue,Combat,Ability,"Fan of Knives",51723,"Instantly throw both weapons at all targets within 8 yards, causing 105% weapon damage with daggers, and 70% weapon damage with all other weapons.",30,0,0,8,48,0,0,0
Rogue,Combat,Ability,"Feint",1966,"Performs a feint, causing no damage but lowering your threat by a large amount, making the enemy less likely to attack you.  In addition, reduces the damage you take from area of effect attacks by 20% for 6 sec.",12,0,0,10,10,0,0,0
Rogue,Combat,Ability,"Gouge",1776,"Causes 4 damage, incapacitating the opponent for 4 sec, and turns off your attack.  Target must be facing you.  Any damage caused will revive the target. Awards 1 combo point.",6,0,0,8,4,0,0,0
Rogue,Combat,Ability,"Grappling Hook",760056,"Launch a grappling hook and pull yourself to the target location. For 3 sec after using it you can recast it, pulling yourself to an enemy and rooting them for 1 sec. Does not break stealth.",28,0,0,40,26,0,0,0
Rogue,Combat,Ability,"Kick",1766,"A quick kick that interrupts spellcasting and prevents any spell in that school from being cast for 4 sec.     This ability shares a cooldown with other interrupts.",12,0,0,17,10,0,0,0
Rogue,Combat,Ability,"Killing Spree",51690,"Step through the shadows from enemy to enemy within 10 yards, attacking an enemy for 130% weapon damage (195% with Daggers) every 0.5 sec with both weapons until 5 assaults are made.  Can hit the same target multiple times.  Cannot hit invisible or stealthed targets.",40,0,0,40,38,0,15,30
Rogue,Combat,Ability,"Recuperate",965425,"Finishing move that consumes combo points on your target to restore 3% of your maximum health every 3 sec. Lasts longer per combo point:    1 point : 3 seconds    2 points: 6 seconds    3 points: 9 seconds    4 points: 12 seconds    5 points: 15 seconds",1,0,0,4,0,0,0,0
Rogue,Combat,Ability,"Riposte",14251,"A strike that becomes active after parrying an opponent's attack.  This attack deals 150% weapon damage and slows their melee attack speed by 20% for 30 sec. Awards 1 combo point. Does not stack with other similar effects.",16,0,0,0,14,0,3,6
Rogue,Combat,Ability,"Roll the Bones",760080,"Roll the dice of fate, providing a random lesser or great combat enhancement for 10 sec. Only one enhancement can be active at the same time.    This ability is usable while shapeshifted.",26,0,0,38,24,0,0,0
Rogue,Combat,Ability,"Shiv",5938,"Performs an instant off-hand weapon attack that automatically applies the poison from your off-hand weapon to the target.  Slower weapons require more Energy. Shiv can not critically strike. Awards 1 combo point.",20,0,0,5,38,0,0,0
Rogue,Combat,Ability,"Shuriken Toss",954835,"A ranged attack that deals 30 to 29 Physical damage to an enemy target. Awards 1 combo point.",14,0,0,4,12,0,0,0
Rogue,Combat,Ability,"Sinister Strike",1752,"An instant strike that causes 3 damage in addition to 100% of your normal weapon damage (85% if a Two-Handed weapon is equipped). Awards 1 combo point.",1,0,0,0,0,0,0,0
Rogue,Combat,Ability,"Sprint",2983,"Increases your movement speed by 50% for 15 sec.  Does not break stealth.",10,0,0,20,8,0,0,0
Rogue,Combat,Talent,"Accuracy",13705,"Increases your chance to hit with all spells and attacks by 5%.",12,0,0,0,0,0,0,0
Rogue,Combat,Talent,"Aggression",18427,"Increases the critical strike chance of your Sinister Strike, Shuriken Toss, Deadly Throw and Eviscerate by 15%.     Increases the duration of effects gained from Roll the Bones by 15 sec.    Capstone Bonus: Your finishing moves reduces the cooldown of Roll the Bones by 2 sec per combo point used.",18,0,0,0,0,0,3,9
Rogue,Combat,Talent,"Blade Twisting",31124,"Increases the damage dealt by Sinister Strike, Backstab and Shiv by 10%, and your Shiv and Grappling Hook Follow-Up has a 100% chance to Daze the target for 4 sec.",24,0,0,0,0,0,6,15
Rogue,Combat,Talent,"Close Quarters Combat",13706,"Increases your chance to get a critical strike with Daggers and Fist Weapons by 10%.",16,0,0,0,0,0,3,6
Rogue,Combat,Talent,"Combat Potency",35541,"Gives your successful off-hand melee attacks a 100% chance to generate 5 Energy.",34,0,0,0,0,0,9,24
Rogue,Combat,Talent,"Deflection",13713,"Increases your Parry chance by 3%.     Increases the damage of your Ghostly Strike and Riposte by 15%.    You have a 100% chance to reduce the cooldown of your Ghostly Strike ability by 3 seconds after using Riposte.    Does not stack with other Deflection talents.",12,0,0,0,0,0,0,0
Rogue,Combat,Talent,"Dual Wield Specialization",13715,"Increases your critical strike chance by 5%.    Increases the damage done by your off-hand weapon by 33%.  Does not stack with Dual Wield Mastery",10,0,0,0,0,0,0,0
Rogue,Combat,Talent,"Endurance",13742,"Increases your total Stamina by 4%.    Reduces the cooldown of your Evasion and Sprint by 60 sec.",16,0,0,0,0,0,3,6
Rogue,Combat,Talent,"Hack and Slash",13960,"Gives you a 6% chance to get an extra attack with both weapons dealing 100% weapon damage after hitting your target with your One-Handed Sword or One-handed Axe.",22,0,0,0,0,0,6,12
Rogue,Combat,Talent,"Improved Gouge",13741,"Increases the effect duration of your Gouge ability by 1.5 sec.",10,0,0,0,0,0,0,0
Rogue,Combat,Talent,"Improved Kick",13754,"Gives your Kick ability a 100% chance to silence the target for 2 sec.  Your successful interrupts with Kick grant you 40 energy.",18,0,0,0,0,0,3,9
Rogue,Combat,Talent,"Improved Sinister Strike",13732,"Reduces the Energy cost of your Sinister Strike ability by 5.",10,0,0,0,0,0,0,0
Rogue,Combat,Talent,"Improved Slice and Dice",14165,"Increases the duration of your Slice and Dice ability by 50% and increases the attack speed it grants by 6%.",12,0,0,0,0,0,0,0
Rogue,Combat,Talent,"Improved Sprint",13743,"Gives a 100% chance to remove all Movement Impairing effects when you activate your Sprint ability.",18,0,0,0,0,0,3,9
Rogue,Combat,Talent,"Mace Specialization",13709,"Increases your melee attack speed by 10% and armor penetration by 15% while a mace is equipped.",22,0,0,0,0,0,6,12
Rogue,Combat,Talent,"Nerves of Steel",31130,"Reduces damage taken while affected by Stun and Fear effects by 20%.",30,0,0,0,0,0,9,21
Rogue,Combat,Talent,"Prey on the Weak",51685,"Melee attacks against the target that has less health than you (as a percentage of total health) increase your critical strike damage bonus by 20%.",40,0,0,0,0,0,12,30
Rogue,Combat,Talent,"Quick Reflexes",13712,"Increases your haste by 9% and your Dodge chance by 6%.  Capstone Bonus: All threat generated is reduced by 30%. This capstone effect does not stack with similar capstone effects.",18,0,0,0,0,0,3,9
Rogue,Combat,Talent,"Savage Combat",51682,"Increases your total attack power by 4%.    All Physical damage on enemies you have poisoned is increased by 4%.   Does not stack with other similar effects.",36,0,0,0,0,0,12,27
Rogue,Combat,Talent,"Surprise Attacks",32601,"Your Rogue finishing moves can no longer be dodged.    Increases damage dealt by your Sinister Strike, Shuriken Toss, Backstab, Ambush, Shiv, Hemorrhage and Gouge abilities by 10%.",36,0,0,40,0,0,12,27
Rogue,Combat,Talent,"Throwing Specialization",5952,"Reduces the energy cost of Shuriken Toss by 10.     Increases the range of Shuriken Toss, Throw and Deadly Throw by 6 yards.     Your Deadly Throw has a 100% chance to interrupt the target for 3 sec.",34,0,0,0,0,0,9,24
Rogue,Combat,Talent,"Unfair Advantage",51672,"Whenever you dodge or parry an attack you gain an Unfair Advantage, striking back for 100% of your main hand weapon's damage.      This cannot occur more than once per 1 seconds.",36,0,0,0,0,0,12,27
Rogue,Combat,Talent,"Vitality",31122,"Increases your Energy regeneration rate by 40%.",30,0,0,0,0,0,9,21
Rogue,Combat,Talent,"Weapon Expertise",30919,"Increases your Expertise by 10.",24,0,0,0,0,0,6,15
Rogue,Subtlety,Ability,"Blind",2094,"Blinds the target, causing it to wander disoriented for up to 10 sec.  Any damage caused will remove the effect.",34,0,0,40,32,0,0,0
Rogue,Subtlety,Ability,"Cloak of Shadows",31224,"Instantly removes all existing harmful spell effects, Increases your chance to resist all spells by 90% for 5 sec.     Does not remove effects that prevent you from using Cloak of Shadows.",40,0,0,40,48,0,0,0
Rogue,Subtlety,Ability,"Detect Traps",2836,"Greatly increased chance to detect traps.",24,0,0,21,22,0,0,0
Rogue,Subtlety,Ability,"Disarm Trap",1842,"Disarm a hostile trap.",20,0,0,17,28,0,0,0
Rogue,Subtlety,Ability,"Distract",1725,"Throws a distraction, attracting the attention of all nearby monsters for 10 seconds.  Does not break stealth.",8,0,0,9,6,0,0,0
Rogue,Subtlety,Ability,"Ghostly Strike",14278,"A strike that deals 125% weapon damage (180% if a dagger is equipped, 100% if a Two-Handed weapon is equipped).     Increases your chance to dodge (or parry if a single Two-Handed weapon is equipped) by 10% for 8 sec. Awards 1 combo point.",16,0,0,14,14,0,3,6
Rogue,Subtlety,Ability,"Gloomblade",760050,"Punctures the target with your shadow-infused blade, causing 90% weapon damage as Shadow and inflicting Gloomblade for 6 sec, causing your melee abilities on the target to trigger additional 17 Shadow damage. Awards 1 combo point.",20,0,0,5,24,0,0,0
Rogue,Subtlety,Ability,"Hemorrhage",16511,"An instant strike that deals 100% weapon damage and applies Hemorrhage, increasing Physical damage taken by up to 9. Lasts 10 charges or 15 sec. Awards 1 combo point.    Deals 175% weapon damage if a dagger is equipped and 85% if a two-hander is equipped.",22,0,0,22,20,0,6,12
Rogue,Subtlety,Ability,"Pick Lock",1804,"Allows opening of locked chests and doors.",12,0,0,8,10,0,0,0
Rogue,Subtlety,Ability,"Pick Pocket",921,"Pick the target's pocket, taking loot from them!",8,0,0,8,6,0,0,0
Rogue,Subtlety,Ability,"Premeditation",14183,"When used, adds 2 combo points to your target. Must be stealthed. You must add to or use those combo points within 20 sec or the combo points are lost.  This ability is usable while shapeshifted.",30,0,0,26,28,0,9,21
Rogue,Subtlety,Ability,"Preparation",14185,"When activated, this ability immediately resets the cooldown on your Evasion, Sprint, Vanish, Cold Blood and Shadowstep abilities.  This ability is usable while shapeshifted.",22,0,0,32,20,0,6,12
Rogue,Subtlety,Ability,"Safe Fall",1860,"Reduces damage from falling.",30,0,0,8,38,0,0,0
Rogue,Subtlety,Ability,"Sap",6770,"Incapacitates the target for up to 25 sec (10 seconds on players).  Must be stealthed. Only works on Humanoids that are not in combat.  Any damage caused will revive the target. Only 1 target may be sapped at a time.",10,0,0,14,8,0,0,0
Rogue,Subtlety,Ability,"Shadow Dance",51713,"Enter the Shadow Dance for 8 sec, allowing the use of Sap, Garrote, Ambush, Cheap Shot, Premeditation, Pickpocket, Disarm Trap, Ravage and Pounce regardless of being stealthed or prowled.",40,0,0,40,38,0,15,30
Rogue,Subtlety,Ability,"Shadowstep",36554,"Attempts to step through the shadows and reappear behind your enemy and increases movement speed by 70% for 3 sec.   This ability is usable while shapeshifted.",36,0,0,40,34,0,12,27
Rogue,Subtlety,Ability,"Stealth",1784,"Allows you to sneak around, but reduces your speed by 30%. Removes invulnerabilities when used. Lasts until cancelled.",8,0,0,9,2,0,0,0
Rogue,Subtlety,Ability,"Trickery Mastery",6008,"You gain Trickery Mastery when learning any Trickery Spell.     This Mastery automatically unlocks additional Trickery Spells when you reach their Class Point requirements at no additional ability essence cost.    Pick Lock Allows opening of locked chests and doors.   Detect Traps Greatly increased chance to detect traps.    Disarm Trap Disarm a hostile trap.",12,0,0,8,0,0,0,0
Rogue,Subtlety,Ability,"Tricks of the Trade",57934,"The party or raid member you have targeted receives the threat caused by your next damaging attack and all threat you cause for 6 sec. Their damage is increased by 15%.",40,0,0,40,48,0,0,0
Rogue,Subtlety,Ability,"Vanish",1856,"Allows you to vanish from sight, entering an improved stealth mode for 10 sec.  Also breaks movement impairing effects.",22,0,0,32,20,0,0,0
Rogue,Subtlety,Talent,"Camouflage",13975,"Increases your speed while in Stealth or Prowl by 15%.    Reduces the cooldown of your Stealth and Prowl ability by 6 sec.",12,0,0,0,0,0,0,0
Rogue,Subtlety,Talent,"Cheat Death",31228,"You have a 100% chance to fully absorb an attack which would otherwise kill you, up to a maximum of 15% of your total health. In addition, all damage taken will be reduced by 50% for 3 sec.     This effect shares a 2 minute cooldown with Ardent Defender and Spirit of Redemption.  Capstone Bonus: With the final rank of this talent, cheating death also resets your Vanish.",30,0,0,0,0,0,9,21
Rogue,Subtlety,Talent,"Deadliness",30902,"Increases your attack power by 10%.",24,0,0,0,0,0,6,15
Rogue,Subtlety,Talent,"Dirty Deeds",14082,"Reduces the Energy cost of your Cheap Shot and Garrote abilities by 20.     Your Rogue abilities cause 20% more damage against targets below 35% health.",22,0,0,0,0,0,6,12
Rogue,Subtlety,Talent,"Dirty Tricks",14076,"Increases the range of your Blind and Sap abilities by 5 yards.    Reduces the energy cost of your Blind and Sap abilities by 50%.",12,0,0,0,0,0,0,0
Rogue,Subtlety,Talent,"Elusiveness",13981,"Reduces the cooldown of Vanish and Smoke Bomb by 60 sec.     Reduces the cooldown of Cloak of Shadows by 30 sec.",22,0,0,0,0,0,6,12
Rogue,Subtlety,Talent,"Enveloping Shadows",31211,"Reduces the damage taken from area of effect attacks by 30%.    This does not stack with other similar effects.",30,0,0,0,0,0,9,21
Rogue,Subtlety,Talent,"Filthy Tricks",58414,"Reduces the cooldown by 10 sec and energy cost by 10 of your Tricks of the Trade, Distract and Shadowstep.    Reduces the cooldown of Preparation by 3 min.    Increases the damage of Gloomblade by 20%.",36,0,0,0,0,0,12,27
Rogue,Subtlety,Talent,"Heightened Senses",30894,"Increases your Stealth detection and reduces all damage you take by 4%. More effective than Heightened Senses (Rank 1).",16,0,0,0,0,0,3,6
Rogue,Subtlety,Talent,"Honor Among Thieves",51698,"When anyone in your group critically hits with a damage or healing spell or ability, you have a 100% chance to gain a combo point.    This effect cannot occur more than once every 2 sec.",36,0,0,0,0,0,12,27
Rogue,Subtlety,Talent,"Initiative",13976,"Gives you a 100% chance to add an additional combo point to your target when using your Ambush, Garrote, or Cheap Shot ability.",18,0,0,0,0,0,3,9
Rogue,Subtlety,Talent,"Master of Deception",13958,"Greatly reduces the chance enemies have to detect you while using Stealth or Prowl.  More effective than Master of Deception (Rank 2).",10,0,0,0,0,0,0,0
Rogue,Subtlety,Talent,"Master of Subtlety",31221,"Physical attacks made while stealthed and for 6 seconds after breaking stealth cause an additional 12% damage.    Master of Subtlety doesn't stack with other similar effects.",24,0,0,0,0,0,6,15
Rogue,Subtlety,Talent,"Opportunity",14057,"Increases the damage dealt with your Backstab, Mutilate, Garrote, Ambush and Gloomblade abilities by 20%.",10,0,0,0,0,0,0,0
Rogue,Subtlety,Talent,"Out of Nowhere",14079,"Increases the critical strike chance of your Ambush ability by 50%.",18,0,0,0,0,0,3,9
Rogue,Subtlety,Talent,"Relentless Strikes",14179,"Your finishing moves have a 20% chance per combo point to restore 25 energy.",10,0,0,0,0,0,0,0
Rogue,Subtlety,Talent,"Serrated Blades",14171,"Your attacks to ignore up to 18% of your target's Armor.    Increases the damage dealt by your Rupture ability by 30%.",16,0,0,0,0,0,3,6
Rogue,Subtlety,Talent,"Setup",13983,"Gives you a 100% chance to add a combo point to your target after dodging or parrying their attack.  This cannot happen more than once per second.   Increases the duration of your Ghostly Strike effect by 6 seconds.",18,0,0,0,0,0,3,9
Rogue,Subtlety,Talent,"Sinister Calling",31216,"Increases your total Agility by 6%.    Increases the damage done by Hemorrhage by an additional 9%.    Increases the duration of Gloomblade by 3 seconds.  Capstone Bonus: Hemorrhage applies an additional combo point if the target has a bleed effect active.",34,0,0,0,0,0,9,24
Rogue,Subtlety,Talent,"Slaughter from the Shadows",51708,"Reduces the energy cost of your Backstab and Ambush abilities by 10 and the energy cost of your Hemorrhage by 6.    Damaging spells and abilities have a 100% chance to reduce the cooldown of your Shadow Dance by 1 seconds.",40,0,0,0,0,0,12,30
Rogue,Subtlety,Talent,"Sleight of Hand",30892,"Reduces the chance you are critically hit by melee and ranged attacks by 2%.    Increases the threat reduction of your Feint ability by 20%.",12,0,0,0,0,0,0,0
Rogue,Subtlety,Talent,"Waylay",51692,"Your Ambush and Backstab hits have a 100% chance to unbalance a target, increasing the time between their melee and ranged attacks by 20%, and reducing movement speed by 50% for 8 sec.",34,0,0,0,0,0,9,24
Shaman,Elemental,Ability,"Air Elemental Totem",2897,"Summons an elemental totem that calls forth a greater air elemental to rain destruction on the caster's enemies. Lasts 2 min.    This ability is usable while shapeshifted.  This uses Fire Elemental Totem modifiers.",36,0,0,40,38,0,0,0
Shaman,Elemental,Ability,"Air Totem Mastery",92160,"You gain Air Totem Mastery when learning any Air Totem.     This Mastery automatically unlocks additional Air Totems when you reach their Class Point requirements at no additional ability essence cost.    Windwalk Totem Places a Totem that provides movement speed to allies around it.    Nature Resistance Totem Places a Totem that provides Nature Resistance to allies around it.    Grounding Totem Places a Totem that redirects one harmful effect from you to the totem and then destroys itself.    Windfury Totem Places a Totem that provides melee haste to allies around it.    Capacitor Totem Places a Totem that after 2 seconds deals Nature damage and stuns enemies around it.    Wrath of Air Totem Places a Totem that provides Spell haste to allies around it.    Air Elemental Totem Summons an air elemental that rains destruction on your enemies.",30,0,0,26,0,0,0,0
Shaman,Elemental,Ability,"Call of the Ancestors",66843,"Simultaneously places up to 4 totems specified in the Totem Bar. Can call different totems than Call of the Elements.",22,0,0,18,20,0,0,0
Shaman,Elemental,Ability,"Call of the Elements",66842,"Simultaneously places up to 4 totems specified in the Totem Bar.",14,0,0,8,12,0,0,0
Shaman,Elemental,Ability,"Call of the Spirits",66844,"Simultaneously places up to 4 totems specified in the Totem Bar. Can call different totems than Call of the Elements or Call of the Ancestors.",28,0,0,24,26,0,0,0
Shaman,Elemental,Ability,"Capacitor Totem",954518,"Summons an Air totem with 5 health within 20 yards that gathers electrical energy from the surrounding air and then explodes after 2 sec to deal Nature damage and stun all enemies within 8 yards for 4 sec.  Deals 300% increased damage versus targets permanently immune to stuns.  This ability is usable while shapeshifted.",36,0,0,40,34,0,0,0
Shaman,Elemental,Ability,"Chain Lightning",421,"Hurls a lightning bolt at the enemy, dealing 85 to 96 Nature damage and then jumping to additional nearby enemies.  Each jump reduces the damage by 30%. Affects 3 total targets.",22,0,0,6,20,0,0,0
Shaman,Elemental,Ability,"Earth Shock",8042,"Instantly shocks the target with concussive force, causing 13 to 15 Nature damage and reducing melee attack speed by 10% for 8 sec.   Does not stack with other similar effects.  This ability shares a cooldown with Shaman Shock spells.",1,0,0,0,0,0,0,0
Shaman,Elemental,Ability,"Earth Totem Mastery",92163,"You gain Earth Totem Mastery when learning any Earth Totem.     This Mastery automatically unlocks additional Earth Totems when you reach their Class Point requirements at no additional ability essence cost.   Stoneskin Totem Places a Totem that provies armor to allies around it.    Stoneclaw Totem Places a Totem that taunts enemies around it, forcing them to attack it.    Earthbind Totem Places a Totem that slows enemies around it.   Strength of Earth Totem Places a Totem that provides Strength and Agility to allies around it.    Tremor Totem Places a Totem that removes fears, charms and sleep effect from your allies.    Petrification Totem Places a Totem that slows enemies around it and after 3 seconds causes them to fall asleep.    Earth Elemental Totem Summons an earth elemental that protects the caster and their allies.",1,0,0,0,0,0,0,0
Shaman,Elemental,Ability,"Earthbind Totem",2484,"Summons an Earthbind Totem with 5 health at the feet of the caster for 45 sec that slows the movement speed of enemies within 10 yards.  This ability is usable while shapeshifted.",8,0,0,20,6,0,0,0
Shaman,Elemental,Ability,"Earthquake",954524,"You cause the earth to tremble at your target location, dealing Nature damage every 1 sec to enemies within an 8 yard radius and reducing their movement speed by 25%. Lasts 8 sec.  Enemies damaged by Earthquake are afflicted with Trembling. At 3 stacks, Trembling stuns the target for 3 sec. This effect can only occur once every 10 sec from any Earthquake effect.",20,0,0,29,18,0,0,0
Shaman,Elemental,Ability,"Elemental Blast",954807,"Harness and direct the raw power of the elements towards an enemy target, dealing Elemental damage and increasing the caster's critical strike chance or spell casting speed for 8 seconds.",40,0,0,11,38,0,0,0
Shaman,Elemental,Ability,"Elemental Mastery",16166,"When activated, your next Lightning Bolt, Chain Lightning or Lava Burst becomes instant and costs no mana. In addition, you gain 10% spell haste for 15 sec.   Does not stack with other similar cast speed increasing effects.",30,0,0,40,28,0,9,21
Shaman,Elemental,Ability,"Fire Elemental Totem",2894,"Summons an elemental totem that calls forth a greater fire elemental to rain destruction on the caster's enemies.  Lasts 2 min.  This ability is usable while shapeshifted.",36,0,0,40,38,0,0,0
Shaman,Elemental,Ability,"Fire Nova",1535,"Causes your active Fire Totem to emit a wave of flames, inflicting 48 to 56 Fire damage to enemies within 10 yards of the totem.    This ability is usable while shapeshifted.",10,0,0,2,8,0,0,0
Shaman,Elemental,Ability,"Fire Totem Mastery",92159,"You gain Fire Totem Mastery when learning any Fire Totem.     This Mastery automatically unlocks additional Fire Totems when you reach their Class Point requirements at no additional ability essence cost.   Searing Totem Places a Totem that shoots bolts of fire an enemy around it.   Flametongue Totem Places a Totem that provides Intellect and spell power to allies around it.   Magma Totem Places a Totem that deals Fire damage to enemies around it.    Frost Resistance Totem Places a Totem that provides Frost Resistance to allies around it.    Totem of Wrath Places a Totem that provides Intellect and spell power to nearby allies, additionally allies have increased critical strike chance against nearby enemies.    Fire Elemental Totem Summons a fire elemental that rains destruction on your enemies.",1,0,0,0,0,0,0,0
Shaman,Elemental,Ability,"Flame Ascendance",760000,"Transform into a being of raw elemental energy for 15 sec, casting Flame Shock on up to 10 nearby enemies within 10 yards if known. Chain Lightning becomes Lava Beam. Lava Burst's cooldown is reduced by 50%.      Lava Beam Unleash a blast of superheated flame at the enemy, dealing 186 Firestorm damage and then jumping to additional nearby enemies. Affects 3 total targets.    Lava Beam cannot be cast unless you're affected by Flame Ascendance.",34,0,0,40,32,0,0,0
Shaman,Elemental,Ability,"Flame Shock",8050,"Instantly sears the target with fire, causing 21 Fire damage immediately and 42 Fire damage over 18 sec. This periodic damage may critically strike and will occur more rapidly based on the caster's spell haste.   This ability shares a cooldown with Shaman Shock spells.",10,0,0,8,8,0,0,0
Shaman,Elemental,Ability,"Frost Shock",8056,"Instantly shocks the target with frost, causing 89 to 95 Frost damage and slowing movement speed by 50%. Lasts 8 sec. Causes a high amount of threat.  This ability shares a cooldown with other Shaman Shock spells.",20,0,0,29,18,0,0,0
Shaman,Elemental,Ability,"Hex",51514,"Transforms the enemy into a frog. While hexed, the target cannot attack or cast spells. Damage caused may interrupt the effect. Lasts 30 sec. Only one target can be hexed at a time. Only works on Humanoids and Beasts.",38,0,0,40,48,0,0,0
Shaman,Elemental,Ability,"Lava Burst",51505,"You hurl molten lava at the target, dealing 174 to 221 Fire damage. If your Flame Shock is on the target, Lava Burst will deal a critical strike.",22,0,0,6,20,0,0,0
Shaman,Elemental,Ability,"Lightning Bolt",403,"Casts a bolt of lightning at the target for 13 to 15 Nature damage.",1,0,0,0,0,0,0,0
Shaman,Elemental,Ability,"Magma Totem",8190,"Summons a Magma Totem with 5 health at the feet of the caster for 20 sec that causes 38 Fire damage to creatures within 8 yards every 2 seconds.  This ability is usable while shapeshifted.",26,0,0,23,24,0,0,0
Shaman,Elemental,Ability,"Petrification Totem",956046,"Summons a Petrification Totem with 5 health at your feet for 5 sec, slowing enemies within 8 yards. After 3 seconds, it Petrifies enemies for 5 seconds.    Petrified Asleep. Damage taken reduced by 50%. Effect breaks on any damage taken. This ability is usable while shapeshifted.",32,0,0,40,38,0,0,0
Shaman,Elemental,Ability,"Purge",370,"Purges the enemy target, removing 1 beneficial magic effect.",12,0,0,17,10,0,0,0
Shaman,Elemental,Ability,"Searing Totem",3599,"Summons a Searing Totem with 5 health at your feet for 45 sec that repeatedly attacks an enemy within 20 yards for 11 to 14 Fire damage.  This ability is usable while shapeshifted.",1,0,0,0,0,0,0,0
Shaman,Elemental,Ability,"Shock Mastery",6001,"You gain Shock Mastery when learning any Shaman Shock.     This Mastery automatically unlocks additional Shaman Shocks when you reach their Class Point requirements at no additional ability essence cost.   Earth Shock Shocks the target, dealing nature damage and reducing their melee attack speed.   Flame Shock Sear the target with fire causing instant Fire damage and additional Fire damage over time.   Frost Shock Shock the target with frost, causing Frost damage and slowing the target's movement speed.",1,0,0,0,0,0,0,0
Shaman,Elemental,Ability,"Stoneclaw Totem",5730,"Summons a Stoneclaw Totem with 50 health at the feet of the caster for 15 sec that taunts creatures within 8 yards to attack it.  Enemies attacking the Stoneclaw Totem have a 50% chance to be stunned for 3 sec. Stoneclaw totem also protects all your totems, causing them to absorb 21 damage.  This ability is usable while shapeshifted.",4,0,0,8,2,0,0,0
Shaman,Elemental,Ability,"Tether Elemental",91606,"Teaches you the necessary abilities to tether an Elemental companion.    Teaches you Tether Elemental, Raise Elemental, Dismiss Elemental, Revive Elemental and Elemental Lore.      Tether Elemental Begins tethering an elemental to be your companion.     Your armor is reduced by 100% while you focus on dominating the elemental for 20 sec.     If you lose the elemental's attention for any reason, the domination process will fail.     Each type of elemental has unique abilities that you will be able to make use of.",10,0,0,14,8,0,0,0
Shaman,Elemental,Ability,"Thunderstorm",51490,"You call down a bolt of lightning, energizing you and damaging nearby enemies within 10 yards. Restores 8% mana to you and deals 292 to 333 Nature damage to all nearby enemies, knocking them back 20 yards.    Usable while stunned.",40,0,0,40,38,0,15,30
Shaman,Elemental,Ability,"Totem of Wrath",30706,"Summons a Totem of Wrath with 5 health at the feet of the caster.     The totem increases Intellect by 22 and spell power by 23 for all party and raid members, and increases critical strike chance against all nearby targets by 3%. Lasts 5 min.   Does not stack with other similar effects.  This ability is usable while shapeshifted.",36,0,0,32,34,0,12,27
Shaman,Elemental,Ability,"Totemic Call Mastery",93535,"You gain Totemic Call Mastery when learning any Totemic Call Spell.     This Mastery automatically unlocks additional Totemic Call Spells when you reach their Class Point requirements at no additional ability essence cost.   Call of the Elements Simultaneously places up to 4 totems specified in the Totem Bar.   Call of the Ancestors Simultaneously places up to 4 totems specified in the Totem Bar. Can call different totems than Call of the Elements.   Call of the Spirits Simultaneously places up to 4 totems specified in the Totem Bar. Can call different totems than Call of the Elements or Call of the Ancestors.",14,0,0,8,0,0,0,0
Shaman,Elemental,Ability,"Wind Shear",57994,"Instantly blasts the target with a gust of wind, causing no damage but interrupting spellcasting and preventing spells of that school of magic from being cast for 2 sec.   This ability shares a cooldown with other interrupts.",12,0,0,17,10,0,0,0
Shaman,Elemental,Talent,"Astral Shift",51474,"When stunned, feared or silenced you shift into the Astral Plane reducing all damage taken by 30% for the duration of the stun, fear or silence effect.",36,0,0,0,0,0,12,27
Shaman,Elemental,Talent,"Booming Echoes",63370,"Increases the damage done by your Earth Shock, Flame Shock, Frost Shock and Elemental Blast spells by 15%.  Capstone Bonus: Dealing damage with a Shaman Shock spell increases your damage with that magic school by 5% for 12 seconds.",34,0,0,0,0,0,9,24
Shaman,Elemental,Talent,"Call of Flame",16038,"Increases the damage done by your Fire Totems and Fire Nova by 15%.    Increases the damage done by your Lava Burst spell by 6%.",12,0,0,0,0,0,0,0
Shaman,Elemental,Talent,"Call of Thunder",16041,"Increases the critical strike chance of your Lightning Bolt, Chain Lightning and Thunderstorm spells by an additional 5%.",22,0,0,0,0,0,6,12
Shaman,Elemental,Talent,"Concussion",16035,"Increases your Frost, Fire, and Nature damage done by 5%.",10,0,0,0,0,0,0,0
Shaman,Elemental,Talent,"Convection",16039,"Reduces the mana cost of your Shock, Lightning Bolt, Chain Lightning, Lava Burst, Earthquake and Wind Shear spells by 15%.",10,0,0,0,0,0,0,0
Shaman,Elemental,Talent,"Elemental Devastation",30160,"Your direct offensive spell critical hits increase your critical strike chance with melee and ranged attacks by 9% for 10 sec.",12,0,0,0,0,0,0,0
Shaman,Elemental,Talent,"Elemental Focus",16164,"After landing a critical strike with a Fire, Frost, or Nature damaging spell or ability you have a 100% chance to enter a Clearcasting state.     The Clearcasting state reduces the resource cost of your next 2 Magic spells by 40%.",16,0,0,0,0,0,3,6
Shaman,Elemental,Talent,"Elemental Fury",16089,"Your spell critical strikes now deal 200% damage.     This does not stack with other similar effects.  Capstone Bonus: Your Nature damage is increased by 6% and other magic damage increased by 3% while Clearcasting from Elemental Focus is active.",22,0,0,0,0,0,6,12
Shaman,Elemental,Talent,"Elemental Oath",51466,"While Clearcasting from Elemental Focus is active, you deal 10% more spell damage. In addition, party and raid members within 100 yards receive a 5% bonus to their spell critical strike chance.   Does not stack with other similar effects.",34,0,0,40,0,0,9,24
Shaman,Elemental,Talent,"Elemental Precision",30672,"Increases your hit chance by 3%.  Capstone Bonus: All threat generated is reduced by 30%. This capstone effect does not stack with similar capstone effects.",24,0,0,0,0,0,6,15
Shaman,Elemental,Talent,"Elemental Reach",28999,"Increases the range of your damaging spells by 6 yards.   This does not stack with other similar effects.  Capstone Bonus: Your direct damage Fire, Nature and Frost spells on targets further than 20 yards away from you have a 33% chance to increase your magic damage by 6% for 10 sec. This effect can only occur once every 15 sec.",18,0,0,0,0,0,3,9
Shaman,Elemental,Talent,"Elemental Warding",28996,"Reduces all Fire, Frost and Nature damage taken by 6%.    Reduces all damage that your Tethered Elemental suffers by 15% and increases their threat by 150%.",16,0,0,0,0,0,3,6
Shaman,Elemental,Talent,"Eye of the Storm",29062,"Increases your haste by 2%.     Reduces spell pushback suffered from damaging attacks by 70%.",12,0,0,0,0,0,0,0
Shaman,Elemental,Talent,"Improved Lightning Bolt",16015,"Reduces the cast time of your Lightning Bolt by 0.3 sec and increases its damage by 6%.",10,0,0,0,0,0,0,0
Shaman,Elemental,Talent,"Lava Flows",51480,"Increases the critical strike damage bonus of your Lava Burst, Flame Shock, Sundering and Lava Lash by an additional 25%.    Casting Flame Shock or Lava Burst your spell and melee haste is increased by 6% for 12 sec.    If your Flame Shock is dispelled your haste is increased by 30% for 8 sec.",36,0,0,0,0,0,12,27
Shaman,Elemental,Talent,"Lightning Mastery",16578,"Your Lightning Bolt, Chain Lightning and Thunderstorm criticals have a 15% chance to increase your spell critical strike damage bonus by 50% for 6 seconds.",24,0,0,0,0,0,6,15
Shaman,Elemental,Talent,"Lightning Overload",30675,"Gives your Lightning Bolt and Chain Lightning spells a 20% chance to cast a second, similar spell on the same target at no additional cost that causes half damage. This chance is tripled for critical strikes.",34,0,0,0,0,0,9,24
Shaman,Elemental,Talent,"Power of the Elements",423785,"Grants you and your tethered elemental an effect based on its active element.  Fire: Increases critical strike chance and hit chance for you and your elemental by 5%.  Water: Increases healing done for you and your elemental and reduces the mana cost of all spells by 5%.  Air: Increases haste for you and your elemental and reduces magical damage taken by 5%.  Earth: Reduces damage taken by you and your elemental by 5% and increases stamina by 5%.  Other Elementals: Increases all damage done by 5% and decreases all damage taken by 5%.",24,0,0,0,0,0,6,15
Shaman,Elemental,Talent,"Raze",411000,"Increases your spell critical strike chance by 3%.",12,0,0,0,0,0,0,0
Shaman,Elemental,Talent,"Reverberation",16040,"Reduces the cooldown of your Shaman Shocks by 1.5 sec.     When you deal damage with a Shaman Shock spell you have a 100% to increase the direct damage of your next different Shaman Shock or Elemental Blast spell within 8 sec by 20%.",16,0,0,0,0,0,3,6
Shaman,Elemental,Talent,"Rising Flames",16086,"Increases the cast speed of your Searing Totem by 30% and the critical strike damage bonus of your Searing and Magma totems by 100%.     Reduces the cooldown of Fire Nova by 4 sec. and increases its damage by 20%.",18,0,0,0,0,0,3,9
Shaman,Elemental,Talent,"Shamanism",62097,"Increases the spell damage scaling of your Lightning Bolt and Chain Lightning by 20%.    You have a 100% chance when dealing Nature damage to reduce the cooldown of Elemental Mastery and Thunderstorm by 1 second.  Capstone Bonus: Increases the amount of haste granted by your Elemental Mastery by an additional 5%.",40,0,0,0,0,0,12,30
Shaman,Elemental,Talent,"Storm, Earth and Fire",51483,"Reduces the cooldown of your Chain Lightning spell by 2.5 sec.    Earthbind Totem has a 100% chance to root targets for 5 sec when cast.    The periodic damage done by your Flame Shock is increased by 60%.",30,0,0,0,0,0,9,21
Shaman,Elemental,Talent,"Unrelenting Storm",30664,"Your direct damaging Nature spells and abilities increase your haste by 3% for 8 sec. This effect stacks up to 3 times.  Capstone Bonus: At three stacks of  Unrelenting Storm, your Chain Lightning now causes the target to take 13% increased spell damage for 12 seconds. This does not stack with similar effects.",22,0,0,0,0,0,6,12
Shaman,Enhancement,Ability,"Air Ascendance",954831,"You surrender your physical form to the power of the elements, transforming into a being of raw elemental energy for 15 sec.     Your Stormstrike has a 30 yard range and deals extra Elemental damage.    The cooldown of Stormstrike is reset when using any Shaman Shock, Lightning Bolt or Chain Lightning.",40,0,0,40,38,0,0,0
Shaman,Enhancement,Ability,"Astral Recall",556,"Yanks the caster through the twisting nether back to Teldrassil.  Speak to an Innkeeper in a different place to change your home location.",30,0,0,8,28,0,0,0
Shaman,Enhancement,Ability,"Bloodlust",2825,"Increases melee and ranged attack speed by 30% and casting speed by 20% for all party and raid members.  Lasts 40 sec.  After the completion of this effect, those affected will become Sated and unable to benefit from Bloodlust again for 10 min.  This ability is usable while shapeshifted.",40,0,0,40,48,0,0,0
Shaman,Enhancement,Ability,"Earth Elemental Totem",2062,"Summon an elemental totem that calls forth a greater earth elemental to protect the caster and her allies.  Lasts 2 min.  This ability is usable while shapeshifted.",36,0,0,40,38,0,0,0
Shaman,Enhancement,Ability,"Elemental Shield Mastery",6011,"You gain Elemental Shield Mastery when learning any Elemental Shield Spell.     This Mastery automatically unlocks additional Elemental Shield Spells when you reach their Class Point requirements at no additional ability essence cost.    Lightning Shield Surround the caster with balls of lightning, causing enemies who attack you to take nature damage.   Water Shield Surround yourself with globes of water, providing mana regen. When an enemy damages you, you gain additional mana.    Earth Shield Protects a targeted ally with earth. When enemies attack the targeted ally, the ally receives healing. Also reduces pushback while active.",4,0,0,0,0,0,0,0
Shaman,Enhancement,Ability,"Feral Spirit",51533,"Summons two Spirit Wolves under the command of the Shaman, lasting 45 sec.  This ability is usable while shapeshifted.",40,0,0,40,38,0,15,30
Shaman,Enhancement,Ability,"Fire Resistance Totem",8184,"Summons a Fire Resistance Totem with 5 health at the feet of the caster for 5 min that increases the fire resistance of party and raid members within 50 yards by 30.  This ability is usable while shapeshifted.",28,0,0,26,26,0,0,0
Shaman,Enhancement,Ability,"Flametongue Totem",8227,"Summons a Flametongue Totem with 5 health at the feet of the caster.  Party and raid members within 50 yards of the totem have their Intellect increased by 2 and spell power increased by 2.  Lasts 5 min.   Does not stack with other similar effects.  This ability is usable while shapeshifted.",10,0,0,8,8,0,0,0
Shaman,Enhancement,Ability,"Flametongue Weapon",8024,"Imbue your weapon with fire, increasing total Spell power by 7. Each auto attack and melee ability causes 4.2 to 13.0 additional fire damage, based on the speed of the weapon. Slower weapons cause more fire damage per swing. This effect lasts for 2 hours.",8,0,0,12,6,0,0,0
Shaman,Enhancement,Ability,"Frost Resistance Totem",8181,"Summons a Frost Resistance Totem with 5 health at the feet of the caster for 5 min. The totem increases party and raid members' frost resistance by 30, if within 50 yards.  This ability is usable while shapeshifted.",24,0,0,21,22,0,0,0
Shaman,Enhancement,Ability,"Frostbrand Weapon",8033,"Imbue your weapon with frost increasing your Frost spell power by 16. Each hit has a chance of causing 31 additional Frost damage and slowing the target's movement speed by 50% for 8 sec. This effect lasts for 2 hours.",20,0,0,20,18,0,0,0
Shaman,Enhancement,Ability,"Ghost Wolf",2645,"Turns the caster into a Ghost Wolf, increasing speed by 30%. As a Ghost Wolf, effects that reduce movement speed may not bring you below your normal movement speed. Only usable outdoors.",12,0,0,24,10,0,0,0
Shaman,Enhancement,Ability,"Grounding Totem",8177,"Summons a Grounding Totem with 5 health at the feet of the caster that will redirect one harmful spell from the caster to itself, destroying the totem. Will not redirect area of effect spells. Lasts 45 sec.  This ability is usable while shapeshifted.",30,0,0,40,28,0,0,0
Shaman,Enhancement,Ability,"Lava Lash",60103,"You charge your off-hand weapon with lava, instantly dealing 100% off-hand Weapon damage as Firestrike damage.     The damage increased by 25% if your off-hand weapon is enchanted with Flametongue.",1,0,0,0,0,0,0,0
Shaman,Enhancement,Ability,"Lightning Shield",324,"The caster is surrounded by 3 balls of lightning.  When a spell, melee or ranged attack hits the caster, the attacker will be struck for 13 Nature damage. This expends one lightning ball. Only one ball will fire every 3 seconds. Lasts 10 min.     Only one Elemental Shield can be active on the Hero at any one time.",4,0,0,0,2,0,0,0
Shaman,Enhancement,Ability,"Nature Resistance Totem",10595,"Summons a Nature Resistance Totem with 5 health at the feet of the caster for 5 min that increases the nature resistance of party and raid members within 50 yards by 30.  This ability is usable while shapeshifted.",30,0,0,26,28,0,0,0
Shaman,Enhancement,Ability,"Rockbiter Weapon",8017,"Imbue your weapon, increasing attack power by 20. The attack power granted is doubled for two-handed weapons. You only gain 33% of the attack power while your Primary Stat is Intellect or Spirit. This effect lasts for 2 hours.",6,0,0,4,4,0,0,0
Shaman,Enhancement,Ability,"Shamanistic Rage",30823,"Reduces all damage taken by 30% and gives your successful melee and ranged attacks a chance to regenerate mana equal to 15% of your attack power. This spell is usable while stunned. Lasts 15 sec.    This ability is usable while Shapeshifted.",36,0,0,32,34,0,12,27
Shaman,Enhancement,Ability,"Stoneskin Totem",8071,"Summons a Stoneskin Totem with 5 health at the feet of the caster. The totem protects party and raid members within 50 yards, increasing armor by 95. Lasts 5 min.   This ability is usable while shapeshifted.",1,0,0,0,0,0,0,0
Shaman,Enhancement,Ability,"Stormstrike",17364,"Instantly attack with both weapons for 100% weapon damage.  In addition, the next 4 sources of Nature damage dealt to the target from the Shaman are increased by 20%. Lasts 12 sec.",30,0,0,0,28,0,9,21
Shaman,Enhancement,Ability,"Strength of Earth Totem",8075,"Summons a Strength of Earth Totem with 5 health at the feet of the caster. The totem increases the Strength and Agility of all party and raid members within 50 yards by 8. Lasts 5 min.   Does not stack with other similar effects.  This ability is usable while shapeshifted.",10,0,0,12,8,0,0,0
Shaman,Enhancement,Ability,"Sundering",760121,"Shatters a line of earth in front of you, causing 111 Firestrike damage and Incapacitating any enemy hit for 3 sec. This effect does not break from periodic Fire damage. Also, resets the cooldown of Lava Burst.",34,0,0,40,32,0,0,0
Shaman,Enhancement,Ability,"Water Breathing",131,"Allows the target to breathe underwater for 30 min and increases swim speed by 20%.  This ability is usable while shapeshifted.",22,0,0,6,20,0,0,0
Shaman,Enhancement,Ability,"Water Walking",546,"Allows the friendly target to walk across water for 10 min. Any damage will cancel the effect.  This ability is usable while shapeshifted.",20,0,0,5,26,0,0,0
Shaman,Enhancement,Ability,"Weapon Enhancement Mastery",92158,"You gain Weapon Enhancement Mastery when learning any Weapon Enhancement Spell.     This Mastery automatically unlocks Weapon Enhancement Spells when you reach their Class Point requirements at no additional ability essence cost.    Rockbiter Weapon Imbue your weapon with earthen might, increasing attack power.    Flametongue Weapon Imbue your weapon with fire, increasing spell power and spell crit chance. Additionally your auto attacks apply Fire damage.    Frostbrand Weapon Imbue your weapon with frost, causing your attacks to deal Frost damage and slow the target.    Windfury Weapon Imbue your weapon with wind. Your attacks have a chance to cause another swing that deals more damage.    Earthliving Weapon Imbue your weapon with earthen life. Increasing healing done and each direct heal has a chance apply a healing over time effect.",6,0,0,4,0,0,0,0
Shaman,Enhancement,Ability,"Windfury Totem",8512,"Summons a Windfury Totem with 5 health at the feet of the caster. The totem provides 16% melee haste to all party and raid members within 50 yards.  Lasts 5 min.  This ability is usable while shapeshifted.",32,0,0,32,30,0,0,0
Shaman,Enhancement,Ability,"Windfury Weapon",8232,"Imbue your weapon with wind.  Each hit has a 20% chance of dealing additional damage equal to two extra attacks with 46 extra attack power.    This effect lasts for 2 hours.",30,0,0,26,28,0,0,0
Shaman,Enhancement,Ability,"Wrath of Air Totem",3738,"Summons a Wrath of Air Totem with 5 health at the feet of the caster. The totem provides 5% spell haste to all party and raid members within 50 yards. Lasts 5 min.   Does not stack with other similar effects.  This ability is usable while shapeshifted.",30,0,0,26,38,0,0,0
Shaman,Enhancement,Talent,"Ancestral Knowledge",17485,"Increases your Intellect by 6%.    Reduces the mana cost of your Shaman spells by 10%.",10,0,0,0,0,0,0,0
Shaman,Enhancement,Talent,"Anticipation",16254,"Increases your dodge chance by 3%.     Reduces the duration of all Disarm effects used against you by 50%. This does not stack with other Disarm duration reducing effects.",16,0,0,0,0,0,3,6
Shaman,Enhancement,Talent,"Dual Wield Specialization",30816,"Increases your hit chance while dual wielding by 3%.     Your off-hand auto attacks have a chance to increase your Fire, Frost, and Nature damage dealt by 6% for 8 sec.",30,0,0,0,0,0,9,21
Shaman,Enhancement,Talent,"Earth's Grasp",16043,"Increases the health of your Stoneclaw Totem by 50% and the radius of your Earthbind Totem by 20%, and reduces the cooldown of both totems by 30%.",10,0,0,0,0,0,0,0
Shaman,Enhancement,Talent,"Earthen Power",51523,"Using Earthbind Totem has a 100% chance to remove all slow effects from you and nearby friendly targets.    Your Earth Shock reduces enemy attack speed by an additional 10%.",36,0,0,0,0,0,12,27
Shaman,Enhancement,Talent,"Elemental Weapons",16266,"Increases the damage caused by your Windfury Weapon effect by 30%.    Increases the spell damage on your Flametongue Weapon by 60%.    Increases the Frost spell damage granted on your Frostbrand Weapon by 100%.    Increases the bonus healing on your Earthliving Weapon by 100%.",16,0,0,0,0,0,3,6
Shaman,Enhancement,Talent,"Empowered Stormstrike",30798,"Your Stormstrike will deal an additional 25% weapon damage as Fire when you have a weapon imbued with Flametongue and an additional 25% weapon damage as Frost when you have a weapon imbued with Frostbrand.     After casting Stormstrike your auto-attacks will deal an additional 0 Nature damage for 8 sec.",34,0,0,0,0,0,9,24
Shaman,Enhancement,Talent,"Enhanced Weapon Mastery",29082,"Increases all damage done by 10%.",24,0,0,0,0,0,6,15
Shaman,Enhancement,Talent,"Enhancing Totems",16259,"Placing a totem increases your attack power by 1 and spell power by 0 for 5 minutes. This effect scales with your level.",10,0,0,0,0,0,0,0
Shaman,Enhancement,Talent,"Flurry",16256,"Increases your melee attack speed by 30% for your next 3 swings after dealing a melee critical strike.",18,0,0,0,0,0,3,9
Shaman,Enhancement,Talent,"Frozen Power",63373,"Increase your Frost, Fire and Nature damage done by 4% on targets affected by your Frostbrand.    Your Frost damage has a 20% chance to freeze the target for 5 sec when used on targets at or further than 15 yards from you. This effect can only occur once every 10 sec.",24,0,0,0,0,0,6,15
Shaman,Enhancement,Talent,"Guardian Totems",16258,"Increases the amount of armor increased by your Stoneskin Totem by 20%.    Reduces the cooldown of your Grounding Totem by 4 sec.",12,0,0,0,0,0,0,0
Shaman,Enhancement,Talent,"Improved Ghost Wolf",16262,"Increases movement speed and reduces damage taken in Ghost Wolf by 10%.   Capstone Bonus: Using Ghost Wolf removes all movement impairing effects and increases your speed by 60% for 2 sec. This can only occur once every 20 seconds.",12,0,0,0,0,0,0,0
Shaman,Enhancement,Talent,"Improved Shields",16261,"Increases the damage done by your Lightning Shield orbs by 15%.    Increases the amount of mana gained from your Water Shield orbs by 15%.    Increases the amount of healing done by your Earth Shield orbs by 15%.",12,0,0,0,0,0,0,0
Shaman,Enhancement,Talent,"Improved Stormstrike",51521,"When you Stormstrike, you have a 100% chance to immediately grant you 20% of your base mana.",34,0,0,0,0,0,9,24
Shaman,Enhancement,Talent,"Improved Windfury Totems",29192,"Increases the melee haste granted by your Windfury totem by 4%.",22,0,0,0,0,0,6,12
Shaman,Enhancement,Talent,"Maelstrom Weapon",51528,"When you deal damage with a melee weapon, you have a chance (greater than previous rank) to reduce the cast time of your next damaging or healing Fire, Frost or Nature spell by 20%. Stacks up to 5.    Reduces the cast time of Pyroblast by 0.5 sec per stack.",40,0,0,0,0,0,12,30
Shaman,Enhancement,Talent,"Mental Dexterity",51883,"Requires  Primary Stat: Agility or Duality Increases your hit rating by 15% of your Intellect.  Capstone Bonus: You gain an additional 10% of your Intellect as melee critical strike rating and 10% of your Agility as spell critical strike rating.",22,0,0,0,0,0,6,12
Shaman,Enhancement,Talent,"Mental Quickness",30812,"Dealing direct physical damage increases your magic damage done by 10% for 6 sec.  Dealing direct magic damage increases your physical damage done by 10% for 6 sec.  Only one damage bonus can be active at a time.",36,0,0,0,0,0,12,27
Shaman,Enhancement,Talent,"Shamanistic Focus",43338,"Reduces the mana cost of your Shaman Shock spells by 45%.",16,0,0,0,0,0,3,6
Shaman,Enhancement,Talent,"Spirit Weapons",16268,"Reduces all threat generated by 30%.    Increases damage done by your Windfury and Flametongue Weapon Enhancements by 5%.",22,0,0,0,0,0,6,12
Shaman,Enhancement,Talent,"Static Shock",51525,"Your Lightning Shield gains 6 additional charges and you have a 15% chance to hit your target with a Lightning Shield orb charge when you deal damage with melee attacks and abilities.",34,0,0,0,0,0,9,24
Shaman,Enhancement,Talent,"Thundering Strikes",16255,"Increases your chance to get a critical strike with all spells and attacks by 5%.  Capstone Bonus: Dealing damage with spell have a chance to increases your Agility by 1 (based on your level) for 12 seconds. This effect can only trigger once every 6 seconds.",12,0,0,0,0,0,0,0
Shaman,Enhancement,Talent,"Toughness",16252,"Increases your Stamina by 10%, and reduces the duration of movement slowing effects on you by 30%.",18,0,0,0,0,0,3,9
Shaman,Enhancement,Talent,"Unleashed Rage",30802,"Increases your Expertise by 9.    Fire, Frost and Nature damage done increased by 9% while under the effects of Shamanistic Rage.     Increases all party and raid members' attack power by 10%.    Does not stack with other similar effects.",24,0,0,0,0,0,6,15
Shaman,Restoration,Ability,"Ancestral Spirit",2008,"Returns the spirit to the body, restoring a dead target to life with 65 health and 120 mana.  Cannot be cast when in combat.",10,0,0,2,8,0,0,0
Shaman,Restoration,Ability,"Bind Elemental",954520,"Binds the target hostile elemental for up to 50 sec. The bound unit is unable to move, attack or cast spells. Any damage caused will release the target. Only one target can be bound at a time.",20,0,0,17,18,0,0,0
Shaman,Restoration,Ability,"Chain Heal",1064,"Heals the friendly target for 192 to 214, then jumps to heal additional nearby targets. If cast on a party member, the heal will only jump to other party members. Each jump reduces the effectiveness of the heal by 20%. Heals 3 total targets.",40,0,0,11,38,0,0,0
Shaman,Restoration,Ability,"Cleanse Spirit",51886,"Cleanse the spirit of a friendly target, removing 1 poison effect, 1 disease effect, and 1 curse effect.",30,0,0,26,28,0,9,21
Shaman,Restoration,Ability,"Cleansing Totem",8170,"Summons a Cleansing Totem with 5 health at the feet of the caster that attempts to remove 1 disease and 1 poison effect from party members within 30 yards every 3 seconds.  Lasts 5 min.  This ability is usable while shapeshifted.",34,0,0,40,32,0,0,0
Shaman,Restoration,Ability,"Cloudburst Totem",760009,"Summons a totem with 5 health for 15 sec that stores 30% of your Nature healing. When it expires or is recalled, it heals injured allies within 40 yards, divided evenly. Recasting the spell recalls the totem and releases the healing.",28,0,0,40,26,0,0,0
Shaman,Restoration,Ability,"Cure Toxins",526,"Cures 1 poison effect and 1 disease effect on a friendly target.",16,0,0,14,14,0,0,0
Shaman,Restoration,Ability,"Earth Shield",974,"Protects the target with an earthen shield. Lasts 10 min or 6 charges.     Attacks heal the shielded target for 53 (increased by 25% against monsters) and reduce casting or channel time lost when damaged by 34%.     This effect can only occur once every 3 seconds.    Earth Shield can only be placed on one target at a time.",36,0,0,32,34,0,12,27
Shaman,Restoration,Ability,"Earthliving Weapon",51730,"Imbue your weapon with earthen life. Increases healing done by 26 and each direct heal has a 20% chance to proc Earthliving on the target, healing an additional 64 over 12 sec. This effect lasts for 2 hours.",30,0,0,26,28,0,0,0
Shaman,Restoration,Ability,"Healing Rain",954861,"Calls forth healing rains to blanket the area, restoring health over time up to 5 party or raid members in a 10 yard area every 2 sec for 8 sec. This periodic effect can critically strike.",24,0,0,7,22,0,0,0
Shaman,Restoration,Ability,"Healing Stream Totem",5394,"Summons a Healing Stream Totem with 5 health at the feet of the caster for 5 min that heals group members within 30 yards for 6 every 2 seconds.  This ability is usable while shapeshifted.",16,0,0,14,14,0,0,0
Shaman,Restoration,Ability,"Healing Wave",331,"Heals a friendly target for 30 to 37.",1,0,0,0,0,0,0,0
Shaman,Restoration,Ability,"Lesser Healing Wave",8004,"Heals a friendly target for 103 to 116.",20,0,0,20,18,0,0,0
Shaman,Restoration,Ability,"Mana Spring Totem",5675,"Summons a Mana Spring Totem with 5 health at the feet of the caster for 5 min that restores 16 mana every 5 seconds to all party and raid members within 30 yards.   Does not stack with other similar effects.  This ability is usable while shapeshifted.",26,0,0,22,24,0,0,0
Shaman,Restoration,Ability,"Mana Tide Totem",16190,"Summons a Mana Tide Totem with 10% of the caster's health at the feet of the caster for 12 sec that restores 5% of total mana every 3 seconds to group members within 30 yards.  This ability is usable while shapeshifted.",30,0,0,30,28,0,9,21
Shaman,Restoration,Ability,"Nature's Swiftness",16188,"When activated, your next Shaman Nature spell with a base casting time less than 10 sec. becomes instant and increases your cast speed by 10% for 20 sec. Does not stack with other similar cast speed increasing effects.",22,0,0,32,20,0,6,12
Shaman,Restoration,Ability,"Reincarnation",20608,"Allows you to resurrect yourself upon death with 20% health and mana.    This has a 30 minute cooldown.",10,0,0,8,8,0,0,0
Shaman,Restoration,Ability,"Riptide",61295,"Heals a friendly target for 117 to 126 and another 205 over 15 sec.  Your next Chain Heal cast on that primary target within 15 sec will consume the healing over time effect and increase the amount of the Chain Heal by 25%.",40,0,0,0,38,0,15,30
Shaman,Restoration,Ability,"Shaman Healing Mastery",6014,"You gain Shaman Healing Mastery when learning any Shaman Healing Spell.     This Mastery automatically unlocks additional Shaman Healing Spells when you reach their Class Point requirements at no additional ability essence cost.   Healing Wave Heals a friendly target.   Lesser Healing Wave Heals a friendly target.",1,0,0,0,0,0,0,0
Shaman,Restoration,Ability,"Tidal Force",55198,"Call upon the power of the Tides to empower your heals for 10 sec.  Healing Wave: Heals the target again for 30% of the original amount healed after 1 second.  Lesser Healing Wave: Increases your healing on the target by 5% for 8 seconds, stacks up to 3 times.  Chain Heal: No longer diminishes in healing with each jump.  Healing Rain: Duration is increased by 50%.",16,0,0,23,14,0,3,6
Shaman,Restoration,Ability,"Totemic Recall",36936,"Returns your totems to the earth, giving you 50% of the mana required to cast each totem destroyed by Totemic Recall.  This ability is usable while shapeshifted.",30,0,0,8,28,0,0,0
Shaman,Restoration,Ability,"Tremor Totem",8143,"Summons a Tremor Totem with 5 health at the feet of the caster that shakes the ground around it, removing Fear, Charm and Sleep effects from party members within 30 yards.  Lasts 5 min.  This ability is usable while shapeshifted.",18,0,0,40,16,0,0,0
Shaman,Restoration,Ability,"Water Elemental Totem",2896,"Summons an elemental totem that calls forth a greater water elemental to rain destruction on the caster's enemies. Lasts 2 min.    This ability is usable while shapeshifted.  This uses Fire Elemental Totem modifiers.",36,0,0,40,38,0,0,0
Shaman,Restoration,Ability,"Water Shield",52127,"The caster is surrounded by 5 globes of water, granting 10 mana per 5 sec. When a spell, melee or ranged attack hits the caster, 40 mana is restored to the caster. This expends one water globe. Only one globe will activate every few seconds. Lasts 10 min.",20,0,0,17,18,0,0,0
Shaman,Restoration,Ability,"Water Totem Mastery",92161,"You gain Water Totem Mastery when learning any Water Totem.     This Mastery automatically unlocks additional Water Totems when you reach their Class Point requirements at no additional ability essence cost.   Healing Stream Totem Places a Totem that heals allies around it.    Mana Spring Totem Places a Totem that provides mana regeneration to allies around it.    Fire Resistance Totem Places a Totem that provides Fire Resistance to allies around it.    Cloudburst Totem Places a Totem that stores Nature healing done to allies and after it expires this healing is dispersed amongst allies around it.    Mana Tide Totem Places a Totem that restores total mana to allies around it.    Cleansing Totem Places a Totem that removes disease and poisons from allies around it.    Water Elemental Totem Summons a water elemental that rains destruction on your enemies.",16,0,0,14,0,0,0,0
Shaman,Restoration,Ability,"Windwalk Totem",954510,"Summons an Air Totem with 5 health at the feet of the caster for 6 sec, granting party members within 10 yards Windwalk. Their movement speed is increased by 20% and cannot go below 100% speed while affected.    This ability is usable while shapeshifted.",20,0,0,29,18,0,0,0
Shaman,Restoration,Talent,"Ancestral Awakening",51556,"When you critically heal with your Healing Wave, Lesser Healing Wave or Riptide you summon an Ancestral spirit to aid you, instantly healing the lowest percentage health friendly party or raid target within 40 yards for 30% of the amount healed.",36,0,0,0,0,0,12,27
Shaman,Restoration,Talent,"Ancestral Healing",16176,"Reduces your target's Physical damage taken by 10% for 15 sec after getting a critical effect from one of your direct healing spells.   Does not stack with other similar effects.",16,0,0,0,0,0,3,6
Shaman,Restoration,Talent,"Blessing of the Eternals",51554,"Increases your critical strike chance by 4%.    Increases the chance to apply the Earthliving heal over time effect on the target by 80% when they are at or under 50% total health.",34,0,0,0,0,0,9,24
Shaman,Restoration,Talent,"Focused Mind",30864,"Reduces the duration of any Silence or Interrupt effects used against you by 30%. This effect does not stack with other similar effects.",22,0,0,0,0,0,6,12
Shaman,Restoration,Talent,"Healing Grace",29187,"Increases your critical strike chance by 3%.    Reduces the chance your helpful Shaman spells and damage over time effects will be dispelled by 30%.    Capstone Bonus: All threat generated is reduced by 30%. This capstone effect does not stack with similar capstone effects.",16,0,0,0,0,0,3,6
Shaman,Restoration,Talent,"Healing Way",29206,"Increases the amount healed by your Chain Heal, Earth Shield, Healing Rain, Healing Wave and Riptide by 25%.",22,0,0,0,0,0,6,12
Shaman,Restoration,Talent,"Improved Chain Heal",30872,"Increases the amount healed by your Chain Heal spell by 20%.",34,0,0,0,0,0,9,24
Shaman,Restoration,Talent,"Improved Earth Shield",51560,"Increases the amount of charges for your Earth Shield by 3.    Increases the healing done by your Earth Shield by 15%.  Capstone Bonus: Healing with Earth Shield grants you one stack of Tidal Waves. This effect can occur once every 5 seconds. This requires the final rank of Tidal Waves.",36,0,0,32,0,0,12,27
Shaman,Restoration,Talent,"Improved Healing Wave",16182,"Increases the healing done by Healing Wave by 6% and critical strike chance by 3%.",10,0,0,0,0,0,0,0
Shaman,Restoration,Talent,"Improved Reincarnation",16184,"Reduces the cooldown of your Reincarnation spell by 15 min and increases the amount of health and mana recovered when reincarnating by an additional 20%.",12,0,0,0,0,0,0,0
Shaman,Restoration,Talent,"Improved Water Shield",16180,"Your Nature critical heals have a 30% and normal heals a 15% chance to restore mana as if you consumed a Water Shield Orb. This chance is doubled with Healing Wave.",16,0,0,0,0,0,3,6
Shaman,Restoration,Talent,"Natural Focus",16181,"Increases your critical strike chance by 2%.    Reduces the pushback suffered from damaging attacks while casting by 70%.",12,0,0,0,0,0,0,0
Shaman,Restoration,Talent,"Nature's Blessing",30867,"Increases your healing power by an amount equal to 12% of your Intellect.",24,0,0,0,0,0,6,15
Shaman,Restoration,Talent,"Nature's Guardian",30881,"Increases your haste by 3%.     Capstone Bonus: Whenever a damaging non-periodic attack brings you below 30% health you are healed for a small amount (increased by healing power) and your next Nature spell is guaranteed to critically strike. Has a 30 second cooldown.",30,0,0,0,0,0,9,21
Shaman,Restoration,Talent,"Purification",16178,"Increases the amount healed by your spells by 10%.",24,0,0,0,0,0,6,15
Shaman,Restoration,Talent,"Restorative Totems",16187,"Increases the effect of your Mana Spring Totem by 20%, and increases the amount healed by your Healing Stream Totem by 45%.",18,0,0,0,0,0,3,9
Shaman,Restoration,Talent,"Tidal Focus",16179,"Reduces the mana cost of your Shaman healing spells by 12%.",12,0,0,0,0,0,0,0
Shaman,Restoration,Talent,"Tidal Mastery",16194,"Increases the critical effect chance of your Shaman healing spells, Lightning Bolt and Chain Lightning by 3% and reduces the cooldown of your Tidal Force by 18 seconds.  Capstone Bonus: Healing Wave and Riptide direct criticals add 2 seconds, Lesser Healing Wave 1 second and Chain Heal criticals 0.5 sec to the duration of Tidal Force.",18,0,0,0,0,0,3,9
Shaman,Restoration,Talent,"Tidal Waves",51562,"Your Chain Heals and Riptides have a 100% chance to grant you Tidal Waves. reducing the cast time of your Healing Waves by 10% per charge and increases the critical effect chance of your Lesser Healing Waves by 10% per charge. Chain Heal grants three charges and Riptide grants two.   Your Healing Wave and Lesser Healing Wave spells gains an additional 12% of your bonus healing effects.",40,0,0,0,0,0,12,30
Shaman,Restoration,Talent,"Totemic Focus",16173,"Reduces the mana cost of your totems by 50% and for every totem active, you gain 1 Haste and Critical Strike Rating.  This effect can stack up to 4 times and is increased per totem active.",10,0,0,0,0,0,0,0
Warlock,Affliction,Ability,"Corruption",172,"Corrupts the target, causing 28 Shadow damage over 12 sec.",1,0,0,0,0,0,0,0
Warlock,Affliction,Ability,"Curse Mastery",6009,"You gain Curse Mastery when learning any Curse Spell.     This Mastery automatically unlocks additional Curse Spells when you reach their Class Point requirements at no additional ability essence cost.    Curse of Agony Curse an enemy, causing Shadow damage over time, this damage starts slowly and builds up over time.   Curse of Weakness Curse an enemy, reducing their attack power and armor.    Curse of Exhaustion Curse an enemy, reducing their movement speed.    Curse of Tongues Curse an enemy, reducing their casting speed.    Curse of the Elements Curse an enemy, reducing their magic resistance and increasing their magic damage taken.    Curse of Doom Curse an enemy, causing damage at the end of its duration, if the damage kills the target a Doomgaurd will be summoned.",1,0,0,0,0,0,0,0
Warlock,Affliction,Ability,"Curse of Agony",980,"Curses the target with agony, causing 36 Shadow damage over 24 sec.  This damage is dealt slowly at first, and builds up as the Curse reaches its full duration. Only one Curse per Warlock can be active on any one target.",1,0,0,0,0,0,0,0
Warlock,Affliction,Ability,"Curse of Doom",603,"Curses the target with impending doom, causing 1518 Shadow damage after 1 min. If the target yields experience or honor when it dies from this damage, a Doomguard will be summoned.      Cannot be cast on players.",40,0,0,30,38,0,0,0
Warlock,Affliction,Ability,"Curse of Exhaustion",18223,"Reduces the target's movement speed by 30% for 12 sec.",22,0,0,32,20,0,6,12
Warlock,Affliction,Ability,"Curse of the Elements",1490,"Curses the target for 5 min, reducing Arcane, Fire, Frost, Nature, and Shadow resistances by 45 and increasing magic damage taken by 8%.   Does not stack with other similar effects.",32,0,0,40,30,0,0,0
Warlock,Affliction,Ability,"Curse of Tongues",1714,"Forces the target to speak in Demonic, increasing the casting time of all spells by 25%. Lasts 30 sec.    Lasts 12 seconds on players.   Does not stack with other similar effects.",26,0,0,23,24,0,0,0
Warlock,Affliction,Ability,"Curse of Weakness",702,"Target's attack power is reduced by 21 and armor is reduced by 5% for 2 min. Only one Curse per Warlock can be active on any one target.  Does not stack with other similar effects.",4,0,0,0,2,0,0,0
Warlock,Affliction,Ability,"Dark Pact",18220,"Drains 221 of your summoned demon's mana, returning 100% to you.",30,0,0,26,28,0,9,21
Warlock,Affliction,Ability,"Death Coil",6789,"Causes the enemy target to run in horror for 3 sec and causes 244 Shadow damage. The caster gains 300% of the damage caused in health.",40,0,0,40,38,0,0,0
Warlock,Affliction,Ability,"Drain Life",689,"Transfers 10 health every 1 sec from the target to the caster.  Lasts 5 sec.",14,0,0,4,12,0,0,0
Warlock,Affliction,Ability,"Drain Mana",5138,"Transfers 3% of target's maximum mana every 1 sec from the target to the caster (up to a maximum of 6% of the caster's maximum mana every 1 sec).  Lasts 5 sec.",24,0,0,21,22,0,0,0
Warlock,Affliction,Ability,"Drain Soul",1120,"Drains the soul of the target dealing 55 Shadow damage over 15 sec. Deals Four times damage to targets at or below 25% health.    If the target dies while being drained, and yields experience or honor, the caster gains a Soul Shard.  Each time the Drain Soul damages the target, it also has a chance to generate a Soul Shard.  Soul Shards are required for other spells.    Deals three times damage to players.",10,0,0,2,8,0,0,0
Warlock,Affliction,Ability,"Fear",5782,"Strikes fear in the enemy, causing it to run in fear for up to 10 sec. (6 seconds on players). Damage caused may interrupt the effect. Only 1 target can be feared at a time.",8,0,0,9,6,0,0,0
Warlock,Affliction,Ability,"Haunt",48181,"You send a ghostly soul into the target, dealing 212 to 250 Shadow damage and increasing all damage done by your Shadow damage-over-time effects on the target by 20% for 12 sec.    When the Haunt spell ends or is dispelled, the soul returns to you, healing you for 100% of the damage. (up to 20% of your Maximum Health).",40,0,0,0,38,0,15,30
Warlock,Affliction,Ability,"Howl of Terror",5484,"Howl, causing 5 enemies within 10 yds to flee in terror for 6 sec. Damage caused may interrupt the effect.",30,0,0,40,28,0,0,0
Warlock,Affliction,Ability,"Life Tap",1454,"Converts 15 health into 15 mana.  Spell power increases the amount of mana returned.",4,0,0,4,2,0,0,0
Warlock,Affliction,Ability,"Seed of Corruption",27243,"Imbeds a demon seed in the enemy target, causing 480 Shadow damage over 18 sec.  When the target takes 0 total damage or dies, the seed will inflict 571 to 655 Shadow damage to all enemies within 15 yards of the target.",40,0,0,11,38,0,0,0
Warlock,Affliction,Ability,"Soul Swap",954614,"You copy your damage-over-time effects from the target, preserving their power and duration.  For 5 sec afterwards, the next target you cast Soul Swap: Exhale on will be afflicted by the copied damage-over-time effects.  You cannot Soul Swap to the same target.",28,0,0,40,26,0,0,0
Warlock,Affliction,Ability,"Unstable Affliction",30108,"Shadow energy slowly destroys the target, causing 550 damage over 15 sec.  In addition, if the Unstable Affliction is dispelled it will cause 990 damage to the dispeller and silence them for 5 sec. This spell benefits from haste.",36,0,0,0,34,0,12,27
Warlock,Affliction,Talent,"Amplify Curse",18288,"Reduces the global cooldown of your Curses by 0.5 sec.",16,0,0,0,0,0,3,6
Warlock,Affliction,Talent,"Contagion",30060,"Increases the damage of Curse of Agony, Corruption and Seed of Corruption by 6% and reduces the chance your helpful Affliction spells and damage over time effects  will be dispelled by an additional 30%.",30,0,0,0,0,0,9,21
Warlock,Affliction,Talent,"Death's Embrace",47198,"Increases the amount drained by your Drain Life by 30% while your health is at or below 20% health.    Increases the damage done by your spells and abilities by 12% when your target is at or below 35% health.",36,0,0,0,0,0,12,27
Warlock,Affliction,Talent,"Empowered Corruption",32381,"Increases the spell damage scaling of Corruption by 30%.",18,0,0,0,0,0,3,9
Warlock,Affliction,Talent,"Eradication",47195,"When you deal damage with Corruption, you have 15% chance to increase your haste by 20% for 10 sec.",30,0,0,0,0,0,9,21
Warlock,Affliction,Talent,"Everlasting Affliction",47201,"Increases the spell damage scaling of your Corruption and Unstable Affliction by 25%.    Direct shadow damage has a 100% chance to reset the duration of your Corruption spell on the target.",40,0,0,0,0,0,12,30
Warlock,Affliction,Talent,"Fel Concentration",17783,"Increases haste by 2%.    Reduces the pushback suffered from damaging attacks while casting by 70%    Capstone Bonus: Your periodic magic damage heals you for 20% of the damage done while casting any damaging spell. (This heal cannot exceed 5% of your maximum health)",16,0,0,0,0,0,3,6
Warlock,Affliction,Talent,"Grim Reach",18218,"Increases the range of your damaging spells with a channeling or cast time by 6 yards.     This does not stack with other similar effects.  Capstone Bonus: Dealing periodic Shadow damage to an enemy within melee range has a 33% chance to trigger a Grim Strike, dealing Shadow damage and reducing the target's melee attack power by 2 for 30 sec. Does not stack with other similar effects. This effect can only occur once every 15 sec.",18,0,0,0,0,0,3,9
Warlock,Affliction,Talent,"Improved Corruption",17810,"Increases the damage done by your Corruption by 9%.    Increases the critical strike chance of your Seed of Corruption by 3%.",10,0,0,0,0,0,0,0
Warlock,Affliction,Talent,"Improved Curse of Agony",18827,"Increases the damage done by your Curse of Agony by 10%.",10,0,0,0,0,0,0,0
Warlock,Affliction,Talent,"Improved Curse of Weakness",18179,"Increases the amount of attack power reduced by your Curse of Weakness by 20%.",12,0,0,0,0,0,0,0
Warlock,Affliction,Talent,"Improved Drain Soul",18213,"Returns 25% of your maximum mana if the target is killed by you while you drain its soul. The target must grant experience or honor.    Your Affliction spells generate 20% less threat.",12,0,0,0,0,0,0,0
Warlock,Affliction,Talent,"Improved Fear",53754,"Your Fear inflicts a Nightmare on the target when the fear effect ends. The Nightmare effect reduces the target's movement speed by 30% for 2 sec.",16,0,0,0,0,0,3,6
Warlock,Affliction,Talent,"Improved Felhunter",54037,"Your Felhunter regains 8% of its maximum mana each time it hits with its Shadow Bite ability and the cooldown on that ability is reduced by 4 sec.     In addition, the effect of your Felhunter's Fel Intelligence is increased by 10%.",24,0,0,0,0,0,6,15
Warlock,Affliction,Talent,"Improved Howl of Terror",30054,"Reduces the cast time of Howl of Terror by 1.5 sec.",34,0,0,0,0,0,9,24
Warlock,Affliction,Talent,"Improved Life Tap",18182,"Increases the effect of Life Tap by 20%.",12,0,0,0,0,0,0,0
Warlock,Affliction,Talent,"Malediction",32477,"Increases all damage done by 3%.    Increases the periodic critical strike chance of your Corruption and Unstable Affliction spells by 15%.",34,0,0,0,0,0,9,24
Warlock,Affliction,Talent,"Nightfall",18094,"Your shadow damage over time effects have a 8% chance for your next Shadow Bolt or Seed of Corruption spell becomes an instant cast and consumes 25% less mana.    This effect can only occur once every 5 sec.",18,0,0,0,0,0,3,9
Warlock,Affliction,Talent,"Pandemic",58435,"Grants the periodic damage from your Corruption and Unstable Affliction spells the ability to critically hit.    Increases the damage of your Corruption, Unstable Affliction and Haunt by 20%.",36,0,0,0,0,0,12,27
Warlock,Affliction,Talent,"Shadow Embrace",32385,"Direct damaging Shadow spells and abilities, Drain Life and Drain Soul apply Shadow Embrace, increasing all periodic Shadow damage you deal to the target by 5% and reducing all periodic healing and absorbs on the target by 5%. Lasts for 15 sec. Stacks up to 3 times.",22,0,0,0,0,0,6,12
Warlock,Affliction,Talent,"Shadow Mastery",18271,"Increases the damage dealt or life drained by your Shadow spells by 6% and your Felhunter's Shadow Bite ability by 9%.",24,0,0,0,0,0,6,15
Warlock,Affliction,Talent,"Siphon Life",63108,"When you deal damage with your Corruption spell, you are instantly healed for 20% of the damage done.     (Up to 5% of your Maximum Health).    Your Corruption, Seed of Corruption and Unstable Affliction damage over time effects are increased by 5%.",22,0,0,0,0,0,6,12
Warlock,Affliction,Talent,"Soul Siphon",17804,"Increases the amount drained by your Drain Life and Drain Soul spells by an additional 6% for each of your Affliction effects on the target, up to a maximum of 18% additional effect.",12,0,0,0,0,0,0,0
Warlock,Affliction,Talent,"Suppression",18174,"Increases your chance to hit with spells by 3%, and reduces the mana cost of your Affliction spells by 6%.",10,0,0,0,0,0,0,0
Warlock,Demonology,Ability,"Banish",710,"Banishes the enemy target, preventing all action but making it invulnerable for up to 20 sec. Only one target can be banished at a time. Casting Banish on a banished target will cancel the spell. Only works on Demons and Elementals.    Lasts 6 seconds on players.",28,0,0,24,26,0,0,0
Warlock,Demonology,Ability,"Blood Horror",954516,"While channeling, encases yourself in a barrier of blood, making you immune to interrupts, silences and stuns. Any time an enemy within 15 yards deals non-periodic damage to you, you drain their health and cause them to run in horror for 4 sec.",40,0,0,40,38,0,0,0
Warlock,Demonology,Ability,"Create Firestone",6366,"While applied to target weapon it increases damage dealt by spells by 1% and spell critical strike rating by 7. This effect lasts for 2 hours.     You can only benefit from one Warlock weapon enchant at a time.",28,0,0,24,26,0,0,0
Warlock,Demonology,Ability,"Create Healthstone",6201,"Creates a Minor Healthstone that can be used to instantly restore 100 health.  Conjured items disappear if logged out for more than 15 minutes.  This ability is usable while shapeshifted.",10,0,0,8,8,0,0,0
Warlock,Demonology,Ability,"Create Soulstone",693,"Creates a Minor Soulstone. The Soulstone can be used to store one target's soul.  If the target dies while his soul is stored, he will be able to resurrect with 400 health and 700 mana.  Conjured items disappear if logged out for more than 15 minutes.",18,0,0,15,16,0,0,0
Warlock,Demonology,Ability,"Create Spellstone",2362,"While applied to target weapon it increases damage dealt by periodic spells by 2% and spell haste rating by 7. This effect lasts for 2 hours.    You can only benefit from one Warlock weapon enchant at a time.",28,0,0,24,26,0,0,0
Warlock,Demonology,Ability,"Dark Apotheosis",275585,"Your threat generated is significantly increased.    Teaches you Challenging Howl and Demon Claws.    Dark Apotheosis cannot cower behind a shield. Shields cannot be equipped while transformed.      Demon Claws 15 Rage Requires  Dark Apotheosis Strike twice, dealing 8 Physical damage per strike.   Challenging Howl 30 yd range 8 sec cooldown Taunts the target to attack you, but has no effect if the target is already attacking you.    Shares a cooldown with other single target taunt abilities and Distracting Shot. Can only be cast while in Dark Apotheosis.    This spell cannot miss and is automatically learned and unlearned with Dark Apotheosis.",1,0,0,0,0,0,0,0
Warlock,Demonology,Ability,"Demon Mastery",954705,"You gain Demon Mastery when learning any Demon Spell.     This Mastery automatically unlocks additional Demon Spells when you reach their Class Point requirements at no additional ability essence cost.    Summon Imp Summons an Imp under the command of the Warlock.    Summon Voidwalker Summons a Voidwalker under the command of the Warlock.   Summon Succubus Summons a Succubus under the command of the Warlock.   Summon Felhunter Summons a Felhunter under the command of the Warlock.   Summon Felguard Summons a Felguard under the command of the Warlock.",1,0,0,0,0,0,0,0
Warlock,Demonology,Ability,"Demon Skin",687,"Protects the caster, increasing armor by 54, and healing received by 5%.    Does not stack with other similar effects.     Lasts until cancelled.",1,0,0,0,0,0,0,0
Warlock,Demonology,Ability,"Demonic Circle: Summon",48018,"You summon a Demonic Circle at your feet, lasting 6 min. You can only have one Demonic Circle active at a time.",40,0,0,40,48,0,0,0
Warlock,Demonology,Ability,"Demonic Empowerment",47193,"Grants the Warlock's summoned demon Empowerment.  Imp - Increases the Imp's spell critical strike chance by 20% for 30 sec.  Voidwalker - Increases the Voidwalker's health by 20%, and its threat generated from spells and attacks by 20% for 20 sec.  Succubus - Instantly vanishes, causing the Succubus to go into an improved Invisibility state. The vanish effect removes all stuns, snares and movement impairing effects from the Succubus.  Felhunter - Dispels all magical effects from the Felhunter.  Felguard - Increases the Felguard's attack speed by 20% and breaks all stun, snare and movement impairing effects and makes your Felguard immune to them for 15 sec.",30,0,0,26,28,0,9,21
Warlock,Demonology,Ability,"Demonic Leap",954521,"Leap into the air upon demonic wings, moving a short distance. If you reactivate it within 1 sec you will leap again.",30,0,0,40,28,0,0,0
Warlock,Demonology,Ability,"Detect Invisibility",132,"Allows the friendly target to detect lesser invisibility for 10 min.  This ability is usable while shapeshifted.",26,0,0,23,24,0,0,0
Warlock,Demonology,Ability,"Enslave Demon",890,"Teaches you the necessary abilities to Enslave a Demon companion.  Teaches you Enslave Demon, Summon Demon, Dismiss Demon, Revive Demon and Demon Lore.      Enslave Demon Begins enslaving a demon to be your companion.     Your armor is reduced by 100% while you focus on taming the demon for 20 sec.     If you lose the demon's attention for any reason, the enslaving process will fail. Each type of demon has unique abilities that you will be able to make use of.",10,0,0,14,8,0,0,0
Warlock,Demonology,Ability,"Eye of Kilrogg",126,"Summons an Eye of Kilrogg and binds your vision to it. The eye moves quickly but is very fragile.  This ability is usable while shapeshifted.",22,0,0,6,20,0,0,0
Warlock,Demonology,Ability,"Fel Armor",28176,"Surrounds you with fel energy, increasing spell power by 40 plus 30% of your Spirit.   Restores 2% of your max health every 5 sec.     Only one Armor spell can be active at a time. Lasts until cancelled.",40,0,0,40,38,0,0,0
Warlock,Demonology,Ability,"Fel Domination",18708,"Your next Imp, Voidwalker, Succubus, Felhunter or Felguard Summon spell has its casting time reduced by 5.5 sec and its Mana cost reduced by 50%.",22,0,0,32,20,0,6,12
Warlock,Demonology,Ability,"Health Funnel",755,"Gives 12 health to the caster's pet every second for 10 sec as long as the caster channels.",10,0,0,2,8,0,0,0
Warlock,Demonology,Ability,"Inferno",1122,"Summons a meteor from the Twisting Nether, causing 200 Fire damage and stunning all enemy targets in the area for 2 sec. An Infernal rises from the crater, under the command of the caster for 1 min.",34,0,0,40,32,0,0,0
Warlock,Demonology,Ability,"Metamorphosis",47241,"You transform into a Demon for 30 sec.     This form grants you some unique demon abilities in addition to your normal abilities.     You may only use spells and abilities that deal Fire or Shadow damage(and spells usable while shapeshifted) in this form.    This form increases your armor from cloth and leather by 130%.    Increases your damage by 20%.    Reduces the chance you'll be critically hit by melee attacks by 6% and reduces the duration of stun and snare effects by 50%.",40,0,0,40,38,0,15,30
Warlock,Demonology,Ability,"Reign of Dread",288912,"Surge into the air and scorch all enemies below with 95 to 115 Shadowflame damage over 2 sec.    Can be channeled while moving. While airborne, your movement speed is reduced by 25% and melee attacks against you have 60% increased chance to miss.",1,0,0,20,0,0,0,0
Warlock,Demonology,Ability,"Ritual of Doom",18540,"Begins a ritual that sacrifices a random participant's health to summon a doomguard. Requires the caster and 4 additional party members to complete the ritual. In order to participate, all players must right-click the portal and not move until the ritual is complete.",40,0,0,34,38,0,0,0
Warlock,Demonology,Ability,"Ritual of Souls",29890,"Begins a ritual that creates a Soulwell. Raid members can click the Soulwell to acquire a Major Healthstone. The Soulwell lasts for 3 min or 25 charges.     Requires the caster and 2 additional party members to complete the ritual. In order to participate, all players must right-click the soul portal and not move until the ritual is complete.",34,0,0,30,32,0,0,0
Warlock,Demonology,Ability,"Ritual of Summoning",698,"Begins a ritual that creates a summoning portal. The summoning portal can be used by 2 party or raid members to summon a targeted party or raid member.      The ritual portal requires the caster and 2 additional party or raid members to complete.     In order to participate, all players must be out of combat and right-click the portal and not move until the ritual is complete.     Cannot be used in High-Risk mode",20,0,0,5,18,0,0,0
Warlock,Demonology,Ability,"Shadow Ward",6229,"Absorbs 290 Shadow damage. Lasts 30 sec.  This ability is usable while shapeshifted.",32,0,0,12,30,0,0,0
Warlock,Demonology,Ability,"Soul Conjuring Mastery",954706,"You gain Conjuring Mastery when learning any Conjuring Spell.     This Mastery automatically unlocks additional Conjuring Spells when you reach their Class Point requirements at no additional ability essence cost.   Create Spellstone Creates a Spellstone that is can be applied to a weapon, increasing damage over time effects and provides spell haste rating.   Create Firestone Creates a Firestone that is can be applied to a weapon, increasing spell damage and provides spell critical strike rating.    Ritual of Summoning Begins a ritual that creates a summoning portal to summon a targeted party or raid member.",28,0,0,24,0,0,0,0
Warlock,Demonology,Ability,"Soul Harvest",86395,"Increases your magic damage and your pets' damage by 15%. Lasts 6 sec, increased by 3 sec for each target afflicted by your Corruption, Curse of Agony, Immolate, Shadow Word: Pain and Devouring Plague, up to a maximum of 24 sec.   Does not stack with other similar effects.  This ability is usable while shapeshifted.",36,0,0,40,34,0,0,0
Warlock,Demonology,Ability,"Soul Link",19028,"When active, 20% of all damage taken by the caster is taken by your Summoned or Enslaved Demon or your Ghoul summoned through Master of Ghouls. That damage cannot be prevented. Lasts as long as the linked pet is active, controlled and you are within 30 yards of it.",16,0,0,24,14,0,3,6
Warlock,Demonology,Ability,"Soulshatter",29858,"Reduces threat by 50% for all enemies within 50 yards.",32,0,0,28,30,0,0,0
Warlock,Demonology,Ability,"Soulwell Mastery",6010,"You gain Soulwell Mastery when learning any Soulwell Spell.     This Mastery automatically unlocks additional Soulwell Spells when you reach their Class Point requirements at no additional ability essence cost.    Create Healthstone Creates a Healthstone that can be used to restore health.   Ritual of Souls Begins a ritual that provides Healthstones to allies.",10,0,0,8,0,0,0,0
Warlock,Demonology,Ability,"Summon Felguard",30146,"Summons a Felguard under the command of the Warlock.",36,0,0,40,34,0,12,27
Warlock,Demonology,Ability,"Summon Felhunter",691,"Summons a Felhunter under the command of the Warlock.",30,0,0,40,28,0,0,0
Warlock,Demonology,Ability,"Summon Imp",688,"Summons an Imp under the command of the Warlock.",1,0,0,0,0,0,0,0
Warlock,Demonology,Ability,"Summon Succubus",712,"Summons a Succubus under the command of the Warlock.",20,0,0,29,18,0,0,0
Warlock,Demonology,Ability,"Summon Voidwalker",697,"Summons a Voidwalker under the command of the Warlock.",10,0,0,14,8,0,0,0
Warlock,Demonology,Ability,"Summoner's Armor",701521,"Empowers your tamed beast, tamed dragonkin, dominated undead, enslaved demon, summoned demon, wild imp or tethered elemental, increasing their critical strike chance with spells and abilities by 2% and their spell damage done by 3%.  Only one type of Warlock Armor spell can be active at any time.",1,0,0,0,0,0,0,0
Warlock,Demonology,Ability,"Temporary Enslaved Demon",1098,"Enslaves the target demon, up to level 32, forcing it to do your bidding. While enslaved, the time between the demon's attacks is increased by 30% and its casting speed is slowed by 20%. Lasts up to 5 min.",30,0,0,26,28,0,0,0
Warlock,Demonology,Ability,"Unending Breath",5697,"Allows the target to breathe underwater for 30 min.  This ability is usable while shapeshifted.",16,0,0,4,14,0,0,0
Warlock,Demonology,Ability,"Unending Resolve",954512,"Hardens your skin, reducing all damage taken by 30% and preventing your spells from being interrupted or silenced for 6 sec.",40,0,0,40,38,0,0,0
Warlock,Demonology,Ability,"Warlock Armor Mastery",92166,"You gain Warlock Armor Mastery when learning any Warlock Armor Spell.     This Mastery automatically unlocks additional Warlock Armor Spells when you reach their Class Point requirements at no additional ability essence cost.   Demon Skin Protects the caster, increasing armor and healing received.   Summoner's Armor Empowers your pet and wild imps, increasing their critical strike chance and their spell damage.    Fel Armor Surrounds you with fel energy, increasing spell damage and restores health over time.",1,0,0,0,0,0,0,0
Warlock,Demonology,Talent,"Burning Resolve",901314,"Increases your Parry chance by 3% and Stamina by 3%.",40,0,0,0,0,0,12,30
Warlock,Demonology,Talent,"Decimation",63156,"Dealing direct damage with Fire or Shadow spells to targets below 35% health reduces the cast time of Soul Fire by 40% and increases number of Wild Imps spawned by your Hand of Gul'dan is by 2 for 10 sec.    Soul Fires cast under the effect of Decimation cost no shard.",34,0,0,0,0,0,9,24
Warlock,Demonology,Talent,"Demon Hide",915929,"Increases your maximum health while in Dark Apotheosis by 25%.",12,0,0,0,0,0,0,0
Warlock,Demonology,Talent,"Demonic Aegis",30143,"Increases the effectiveness of your Demon Skin by 30%.    Increases the effectiveness of your Fel Armor by 30%.    Increases the armor contribution from cloth items while in Dark Apotheosis by 200%.",16,0,0,0,0,0,3,6
Warlock,Demonology,Talent,"Demonic Brutality",18705,"Increases the effectiveness of your Voidwalker's Torment, Consume Shadows, Sacrifice and Suffering spells by 30%.    Increases the attack power bonus on your Felguard's Demonic Frenzy effect by 3%.",12,0,0,0,0,0,0,0
Warlock,Demonology,Talent,"Demonic Embrace",18697,"Increases your total Stamina by 6%.",18,0,0,0,0,0,3,9
Warlock,Demonology,Talent,"Demonic Knowledge",35691,"Increases your spell damage by an amount equal to 12% of the total of your active demon's Stamina plus Intellect.",30,0,0,0,0,0,9,21
Warlock,Demonology,Talent,"Demonic Pact",47236,"Increases your spell damage done by 10%.    Your Summoned Demon's spell criticals increase spell power of yourself, party and raid members by 5% of your Spell Damage for 45 sec.    This effect has a 20 sec cooldown. Does not work on Enslaved demons.",40,0,0,0,0,0,12,30
Warlock,Demonology,Talent,"Demonic Resilience",30319,"Reduces the chance you'll be critically hit by melee and spells by 6%.    Reduces all damage your summoned demon and dominated demon takes by 15%.",30,0,0,0,0,0,9,21
Warlock,Demonology,Talent,"Demonic Tactics",30242,"Increases melee and spell critical strike chance for you, your tamed pet, and your Wild Imps by 10%.    Tamed Pet includes Summoned Demon, Enslave Demon, Dominate Undead, Tame Dragonkin, Tether Elemental, Summoned Ghoul, and Tame Beast.",34,0,0,0,0,0,9,24
Warlock,Demonology,Talent,"Fel Synergy",47230,"You have a 100% chance to heal your pet for 15% of the amount of spell damage done by you.",10,0,0,0,0,0,0,0
Warlock,Demonology,Talent,"Fel Vitality",18731,"Increases the Stamina and Intellect of your Imp, Voidwalker, Succubus, Felhunter and Felguard by 30%.    Increases your maximum health and mana by 3%.",12,0,0,0,0,0,0,0
Warlock,Demonology,Talent,"Improved Demon Skin",101465,"Increases the healing received by Demon Skin by 5%.    Increases the armor given by your Demon Skin by 60%.",10,0,0,16,0,0,0,0
Warlock,Demonology,Talent,"Improved Demonic Tactics",54347,"Increases your Wild Imps and tamed pet's critical strike chance equal to 30% of your spell critical strike chance.    Tamed Pet includes Summoned Demon, Enslave Demon, Dominate Undead, Tame Dragonkin, Tether Elemental, Summoned Ghoul, and Tame Beast.",36,0,0,0,0,0,12,27
Warlock,Demonology,Talent,"Improved Health Funnel",18703,"Increases the amount of health transferred by your Health Funnel spell by 20%. and reduces the health cost by 20%.     Your summoned Demon takes 30% less damage while under the effect of your Health Funnel.",12,0,0,0,0,0,0,0
Warlock,Demonology,Talent,"Improved Healthstone",18692,"Increases your stamina by 2%.    Increases the healing you take from healthstones by 20%.",10,0,0,0,0,0,0,0
Warlock,Demonology,Talent,"Improved Imp",18694,"Increases the damage dealt by your Imp and Wild Imps by 30% and the effect of Fire Shield and Blood Pact by 20%.",10,0,0,0,0,0,0,0
Warlock,Demonology,Talent,"Improved Succubus",18754,"Reduces the cast time of your Succubus' Seduction by 66%, and increases the duration of your Succubus' Seduction and Lesser Invisibility spells by 30%.",22,0,0,0,0,0,6,12
Warlock,Demonology,Talent,"Inner Demons",101435,"Increases the healing received by Demon Skin by an additional 10%.    Increases the Stamina benefit of Demonic Embrace by 100%.",10,0,0,30,0,0,0,0
Warlock,Demonology,Talent,"Mana Feed",30326,"When you gain mana from Drain Mana or Life Tap spells, your tamed pet gains 150% of the mana you gain.    Your tamed pet regenerates 6% of its missing mana every 5 sec.    Tamed Pet includes Summoned Demon, Enslave Demon, Dominate Undead, Tame Dragonkin, Tether Elemental, Summoned Ghoul, and Tame Beast.",16,0,0,0,0,0,3,6
Warlock,Demonology,Talent,"Master Conjuror",18767,"Increases the combat ratings gained from your conjured Firestone and Spellstone by 300%.",22,0,0,0,0,0,6,12
Warlock,Demonology,Talent,"Master Demonologist",23785,"Grants both the Warlock and the summoned demon an effect as long as that demon is active.  Imp - Increases your Fire damage by 5%, and increases the critical effect chance of your Fire spells by 5%.  Voidwalker - Reduces Physical damage taken by 10%.  Succubus - Increases your Shadow damage by 5%, and increases the critical effect chance of your Shadow spells by 5%.  Felhunter - Reduces all spell damage taken by 10%.  Felguard - Increases all damage done by 5%, and reduces all damage taken by 5%.  Enslaved Demons - Increases all damage done by 5%, and reduces all damage taken by 5%.",24,0,0,0,0,0,6,15
Warlock,Demonology,Talent,"Master Summoner",18709,"Reduces the casting time of your Imp, Voidwalker, Succubus, Felhunter and Fel Guard Summoning spells by 4 sec and the Mana cost by 40%.    Increases the duration of your Infernal and Doomguard summons by 6 min and your Wild Imps from Hand of Gul'Dan by 5 sec.",18,0,0,0,0,0,3,9
Warlock,Demonology,Talent,"Molten Core",47245,"Increases the duration of your Immolate by 9 sec. Dealing damage with Corruption has a 12% chance to grant you Molten Core.    Molten Core empowers your next 3 spells cast within 15 sec:    Incinerate - Increases damage done by 18% and reduces cast time by 30%.    Soul Fire - Increases damage done by 18% and increases critical strike chance by 15%.",24,0,0,0,0,0,6,15
Warlock,Demonology,Talent,"Nemesis",63117,"Reduces the cooldown of your Demonic Empowerment, Metamorphosis, Inferno, Ritual of Doom, and Fel Domination spells by 30%, and the cooldown of your Demonic Leap by 15 seconds.  Capstone Bonus: While in Metamorphosis, your Hand of Gul'dan can be cast twice within 6 sec before going on cooldown.",36,0,0,0,0,0,12,27
Warlock,Demonology,Talent,"Shadowflame Claws",915932,"While in Dark Apotheosis, your Shadow, Fire, and Physical spells and abilities deal 9% more damage and generate 30% more threat.",30,0,0,0,0,0,9,21
Warlock,Demonology,Talent,"Unholy Power",18769,"Increases the damage done by your Voidwalker, Succubus, Felhunter and Felguard's melee attacks, your Imp's Firebolt and the Firebolt of your Wild Imps by 35%.     Increases the critical strike chance of your Hand of Gul'dan by 15%.",18,0,0,24,0,0,3,9
Warlock,Destruction,Ability,"Burning Rush",954806,"Drains 5% of your maximum health every 2 seconds to increase your movement speed by 50%. This damage does not break crowd control effects.     Allows you to cast Fire spells while moving, and movement-impairing effects may not reduce you below 100% of normal movement speed. Lasts for 6 sec.",40,0,0,40,38,0,0,0
Warlock,Destruction,Ability,"Chaos Bolt",50796,"Sends a bolt of chaotic fire at the enemy, dealing 518 Shadowflame damage. Chaos Bolt cannot be resisted, and pierces through all absorption, deflection, and reflection effects.",40,0,0,0,38,0,15,30
Warlock,Destruction,Ability,"Conflagrate",17962,"Consumes an Immolate or Shadowflame effect on the enemy target to instantly deal damage equal to 60% of your Immolate or Shadowflame, and causes an additional 40% damage over 6 sec. This periodic damage may critically strike.",30,0,0,0,28,0,9,21
Warlock,Destruction,Ability,"Hand of Gul'dan",954611,"Calls down a demonic meteor dealing Shadowflame damage to enemies within 5 yards and summons 4 Wild Imps which burst forth to attack the target for 10 sec.",32,0,0,9,30,0,0,0
Warlock,Destruction,Ability,"Hellfire",1949,"Ignites the area surrounding the caster, causing 83 periodic Fire damage to herself and 83 periodic Fire damage to all nearby enemies every 1 sec. Lasts 15 sec.",30,0,0,8,28,0,0,0
Warlock,Destruction,Ability,"Immolate",348,"Burns the enemy for 8 Fire damage and then an additional 20 Fire damage over 15 sec.",1,0,0,0,0,0,0,0
Warlock,Destruction,Ability,"Incinerate",29722,"Deals 100 to 118 Fire damage to your target and an additional 25 to 30 Fire damage if the target is affected by an Immolate spell.",18,0,0,5,16,0,0,0
Warlock,Destruction,Ability,"Rain of Fire",5740,"Calls down a fiery rain to burn enemies in the area of effect for 480 Fire damage over 8 sec.",20,0,0,5,18,0,0,0
Warlock,Destruction,Ability,"Searing Pain",5676,"Inflict searing pain on the enemy target, causing 30 to 37 Fire damage. Causes a high amount of threat.",16,0,0,4,14,0,0,0
Warlock,Destruction,Ability,"Shadow Bolt",686,"Sends a shadowy bolt at the enemy, causing 16 to 21 Shadow damage.",1,0,0,0,0,0,0,0
Warlock,Destruction,Ability,"Shadowburn",17877,"Instantly blasts the target for 102 Shadowflame damage.     If the target dies within 5 sec of Shadowburn, and yields experience or honor, the caster gains a Soul Shard.",22,0,0,0,20,0,6,12
Warlock,Destruction,Ability,"Shadowflame",47897,"Targets in a cone in front of the caster take 61 to 66 Shadowflame damage and an additional 64 Shadowflame damage over 8 sec.",36,0,0,10,34,0,0,0
Warlock,Destruction,Ability,"Shadowfury",30283,"Shadowfury is unleashed, causing 208 to 245 Shadow damage and stunning all enemies within 8 yds for 3 sec.",36,0,0,40,34,0,12,27
Warlock,Destruction,Ability,"Soul Fire",6353,"Burn the enemy's soul, causing 265 Fire damage.",26,0,0,7,24,0,0,0
Warlock,Destruction,Talent,"Abyssal Insight",17806,"Increases your Spell penetration by 1, scaling with your level.",10,0,0,0,0,0,0,0
Warlock,Destruction,Talent,"Aftermath",18119,"Increases the periodic damage done by your Immolate by 6%.    Your Conflagrate has a 100% chance to daze the target, reducing movement speed by 50% for 5 sec.",12,0,0,0,0,0,0,0
Warlock,Destruction,Talent,"Backdraft",47258,"When you cast Conflagrate, Mind Blast, Shadowfury or Shadowburn, the cast or channel time of  your next 3 Shadow or Fire spells is reduced by 30%. Lasts 15 sec.     Increases the damage of your Shadowburn by 20%.",34,0,0,0,0,0,9,24
Warlock,Destruction,Talent,"Backlash",34935,"Increases your critical strike chance by 3%.    You have a 25% chance when hit by a physical attack to reduce the cast time of your next Shadow Bolt or Incinerate spell by 100%. This effect lasts 12 sec.    Cannot occur more than once every 8 seconds.",22,0,0,0,0,0,6,12
Warlock,Destruction,Talent,"Bane",17788,"Increases the critical strike chance of Shadow Bolt, Chaos Bolt, Immolate, Hand of Gul'dan, Soul Fire and Shadowflame by 6% and reduces the mana cost of these spells by 15%.",10,0,0,0,0,0,0,0
Warlock,Destruction,Talent,"Cataclysm",17778,"Increases the damage of your Rain of Fire, Hellfire, Inferno, Hand of Gul'dan and Shadowfury by 18%.",24,0,0,0,0,0,6,15
Warlock,Destruction,Talent,"Demonic Power",18126,"Reduces the cooldown of your Succubus' Lash of Pain spell by 6 sec.    Reduces the cast time of your Imp's Firebolt and the Firebolt of your Wild Imps by 0.5 sec, and increases their damage by 14%.",16,0,0,0,0,0,3,6
Warlock,Destruction,Talent,"Destructive Reach",17917,"Increases the range of your damaging spells with a channeling or cast time by 6 yards.   This does not stack with other similar effects.  Capstone Bonus: Your spell critical strike chance is increased against enemies further than 20 yards from you by 4%.",18,0,0,0,0,0,3,9
Warlock,Destruction,Talent,"Devastation",18130,"Increases the critical strike chance of your Destruction spells by 5%.",22,0,0,0,0,0,6,12
Warlock,Destruction,Talent,"Emberstorm",17954,"Increases the damage done by your Fire and Shadow spells by 5%.",24,0,0,0,0,0,6,15
Warlock,Destruction,Talent,"Empowered Imp",47220,"Increases the damage done by your Summoned Imp's Firebolt by 30% and critical strike damage bonus by 100%.    Your Imp's Firebolt critical strikes have a 100% chance to increase the spell critical strike chance of your next Warlock Destruction direct spell by 100%. This effect lasts 8 sec.",36,0,0,0,0,0,12,27
Warlock,Destruction,Talent,"Fire and Brimstone",47266,"Increases the damage done by your direct fire spells with a cast time to targets afflicted by your Immolate by 10%.    Increases the critical strike chance of your Conflagrate spell by 25%.",40,0,0,0,0,0,12,30
Warlock,Destruction,Talent,"Improved Immolate",17815,"Increases the damage done by your Immolate spell by 30%.",12,0,0,0,0,0,0,0
Warlock,Destruction,Talent,"Improved Searing Pain",17927,"Increases the critical strike chance of your Searing Pain spell by 10%.",16,0,0,0,0,0,3,6
Warlock,Destruction,Talent,"Improved Shadow Bolt",17793,"Increases the damage done by your Shadow Bolt spell by 15%.    Your Shadow Bolt has a 100% chance to cause your target to be vulnerable to spell damage, increasing spell critical strike chance against that target by 5%. Effect lasts 30 sec.   Does not stack with other similar effects.",10,0,0,0,0,0,0,0
Warlock,Destruction,Talent,"Improved Shadowburn",17931,"Dealing damage with direct Shadow spells or abilities has a 30% chance to make your next Shadowburn not consume a Soul Shard and have 50% reduced cooldown.",22,0,0,0,0,0,6,12
Warlock,Destruction,Talent,"Improved Soul Leech",54117,"Your Soul Leech effect also restores mana to you and your summoned demon equal to 4% of your missing mana, and has a 100% chance to grant Replenishment.    Replenishment Replenishes 1% of maximum mana per 5 sec on up to 10 party members for 15 sec.",34,0,0,0,0,0,9,24
Warlock,Destruction,Talent,"Intensity",18135,"Increases all damage done by 2%.    Reduces spell pushback suffered from damaging attacks by 70%.",12,0,0,0,0,0,0,0
Warlock,Destruction,Talent,"Molten Skin",63349,"When hit by a melee or ranged attack you have a 9% chance of increasing your Fire damage done by 10% for 10 sec.    Reduces all damage taken by your Hellfire by 30%.",18,0,0,0,0,0,3,9
Warlock,Destruction,Talent,"Nether Protection",30299,"Gives you a 30% chance when being hit with a spell or taking periodic spell damage to gain Nether Protection, reducing all damage by that spell school by 10% for 6 sec. This effect can only occur once every 4 sec.",24,0,0,0,0,0,6,15
Warlock,Destruction,Talent,"Pyroclasm",18096,"When you critically strike with Searing Pain, Scorch, or Conflagrate, your Fire and Shadow spell damage is increased by 6% for 10 sec.",30,0,0,0,0,0,9,21
Warlock,Destruction,Talent,"Ruin",17959,"Your spell critical strikes now deal 200% damage.     This does not stack with other similar effects.  Capstone Bonus: Increases your Fire and Shadow damage done by 2%. This effect is quadrupled against targets above 75% health.",16,0,0,0,0,0,3,6
Warlock,Destruction,Talent,"Shadow and Flame",30288,"Increases the spell damage scaling of your Shadow Bolt, Shadowburn, Chaos Bolt, Shadowfury, Soul Fire, Hand of Gul'dan, Incinerate and Shadowflame by 20%.",34,0,0,0,0,0,9,24
Warlock,Destruction,Talent,"Soul Leech",30293,"Your direct Shadow damage and your Soul Fire, Incinerate, Searing Pain and Conflagrate spells have a 30% chance to heal you for 20% of the damage caused.    Returns up to a maximum of 15% of your health.",30,0,0,0,0,0,9,21
Warrior,Arms,Ability,"Avatar",886380,"Transform into an unstoppable colossus for 12 sec, causing you to deal 15% increased Physical damage and take 20% less damage.    While in this state you move at 80% speed which cannot be reduced or increased. You are also immune to immobilizing effects.",36,0,0,40,38,0,0,0
Warrior,Arms,Ability,"Battle Stance",2457,"A balanced combat stance that increases the armor penetration of all of physical attacks by 10%.",1,0,0,0,0,0,0,0
Warrior,Arms,Ability,"Bladestorm",46924,"Instantly Whirlwind up to 4 nearby targets and for the next 6 sec you will perform a whirlwind attack every 1 sec.  While under the effects of Bladestorm, you can move but cannot perform any other abilities but you do not feel pity or remorse or fear and you cannot be stopped unless disarmed or killed.",40,0,0,40,38,0,15,30
Warrior,Arms,Ability,"Charge",100,"Charge an enemy, generate 12 rage, and root it for 1.50 sec.  This ability is usable while shapeshifted.",4,0,0,6,2,0,0,0
Warrior,Arms,Ability,"Colossus Smash",86361,"Smashes a target for 150% weapon damage, which ignores armor, to weaken their defenses, allowing your attacks to bypass 30% of their armor for 6 sec.",30,0,0,26,28,0,0,0
Warrior,Arms,Ability,"Demoralizing Banner",955062,"Throw down a war banner that decreases the armor of all enemies within 30 yards by 20% and their critical strike chance by 10%. Lasts 15 sec. Does not stack with other similar effects.  You can Intervene to your war banner.  This ability can be used while shapeshifted.",32,0,0,40,30,0,0,0
Warrior,Arms,Ability,"Hamstring",1715,"Attack the enemy for 3 damage and maims the enemy, reducing movement speed by 50% for 15 sec. Lasts 10sec vs players.",8,0,0,5,6,0,0,0
Warrior,Arms,Ability,"Heroic Leap",86358,"Leap through the air toward a target location, slamming down with destructive force to deal Physical damage and slow all enemies within 8 yards by 50% for 2 sec. While in the air you are immune to crowd control effects.  Usable while shapeshifted.",30,0,0,40,28,0,0,0
Warrior,Arms,Ability,"Heroic Strike",78,"A strong attack that increases melee damage by 11 and causes a high amount of threat.",1,0,0,0,0,0,0,0
Warrior,Arms,Ability,"Heroic Throw",57755,"Throws your weapon at the enemy causing 18 damage (based on attack power).  This ability causes high threat.",40,0,0,11,48,0,0,0
Warrior,Arms,Ability,"Mocking Blow",694,"A mocking attack, dealing weapon damage, that causes a moderate amount of threat and forces the target to focus attacks on you for 6 sec.",16,0,0,14,14,0,0,0
Warrior,Arms,Ability,"Mortal Strike",12294,"A vicious strike that deals 100% weapon damage plus 55 and wounds the target, reducing the effectiveness of any healing by 50% for 10 sec.   Does not stack with other similar effects.",30,0,0,32,28,0,9,21
Warrior,Arms,Ability,"Overpower",7384,"Instantly overpower the enemy, causing 100% weapon damage. Only usable after the target dodges. The Overpower cannot be blocked, dodged or parried.",8,0,0,1,6,0,0,0
Warrior,Arms,Ability,"Rend",772,"Wounds the target causing them to bleed for 25 damage plus an additional 2 (based on weapon damage) over 15 sec.    While wielding a single Two-Handed weapon, this periodic damage can critically strike.",1,0,0,0,0,0,0,0
Warrior,Arms,Ability,"Retaliation",20230,"Instantly counterattack any enemy that strikes you in melee for 12 sec.  Melee attacks made from behind cannot be counterattacked.  A maximum of 20 attacks will cause retaliation.",20,0,0,29,18,0,0,0
Warrior,Arms,Ability,"Shattering Throw",64382,"Throws your weapon at the enemy causing 18 damage (based on attack power) and removing any invulnerabilities.     If no invulnerability is removed, you lower the target's armor by 20% for 10 seconds and reduce the cooldown of your next Shattering Throw by 30 seconds.",30,0,0,40,38,0,0,0
Warrior,Arms,Ability,"Skull Banner",954514,"Throw down a war banner at your feet that increases the melee and ranged critical strike chance of party or raid members within 40 yards of the banner by 20%. Lasts 10 sec.  Allies receiving this effect will become Fatigued and unable to benefit from Skull Banner for 3 min.  You can Intervene to your war banner.  This ability is usable while shapeshifted.",36,0,0,40,38,0,0,0
Warrior,Arms,Ability,"Stance Mastery",954704,"You gain Stance Mastery when learning any Stance Spell.     This Mastery automatically unlocks additional Stance Spells when you reach their Class Point requirements at no additional ability essence cost.    Battle Stance A balanced combat state that increases armor penetration while active.    Defensive Stance Increases armor, reduces damage taken and increases threat generation. Damage done and Healing done reduced.    Berserker Stance An aggressive stance that increases your Critical hit chance and increases damage taken.    Taunt Taunts an enemy target, forcing them to attack you.",1,0,0,0,0,0,0,0
Warrior,Arms,Ability,"Sweeping Strikes",12328,"While active, casting a melee ability that deals damage will cause a Sweeping Strike, dealing 40% weapon damage to 5 nearby enemies, further increased by attack power. Lasts 10 sec.    Can't be active at the same time as Blade Flurry.    This ability is usable while shapeshifted.",22,0,0,32,20,0,6,12
Warrior,Arms,Ability,"Thunder Clap",6343,"Blasts nearby enemies dealing 15 damage and increasing the time between their attacks by 10% for 10 sec. This ability causes additional threat.",1,0,0,0,0,0,0,0
Warrior,Arms,Talent,"Anger Management",12296,"Generates 6 rage per 3 seconds.",16,0,0,0,0,0,3,6
Warrior,Arms,Talent,"Blood Frenzy",29836,"Increases your melee attack speed by 10%.      Rend and Deep Wounds increase all Physical damage caused to that target by 4%.   Does not stack with similar effects.",36,0,0,0,0,0,12,27
Warrior,Arms,Talent,"Deep Wounds",12834,"Your melee critical strikes cause the opponent to bleed, dealing 48% of your melee weapon's average damage over 6 sec.    While wielding a single Two-Handed weapon, the periodic damage from Deep Wounds can critically strike.",24,0,0,0,0,0,6,15
Warrior,Arms,Talent,"Deflection",16462,"Increases your Parry chance by 3%.    Does not stack with other Deflection talents.",10,0,0,0,0,0,0,0
Warrior,Arms,Talent,"Impale",16493,"Increases the critical strike damage bonus of your Warrior abilities by 20%.",16,0,0,0,0,0,3,6
Warrior,Arms,Talent,"Improved Charge",12285,"Increases the amount of rage generated by your Charge ability by 10.",12,0,0,0,0,0,0,0
Warrior,Arms,Talent,"Improved Hamstring",12289,"Increases the damage of your Hamstring by 15%.  Capstone Bonus: Your Hamstring ability will immobilize the target for 3 sec. This effect cannot occur more than once every 10 sec.",16,0,0,0,0,0,3,6
Warrior,Arms,Talent,"Improved Heroic Strike",12282,"Increases the damage of your Heroic Strike by 9% and reduces the rage cost by 6.",10,0,0,0,0,0,0,0
Warrior,Arms,Talent,"Improved Mortal Strike",35446,"Increases the damage caused by your Mortal Strike ability by 10%, reduces the cooldown by 2 sec, and increases the healing reduction effect by 10%.",34,0,0,32,0,0,9,24
Warrior,Arms,Talent,"Improved Overpower",12290,"Increases the critical strike chance of your Overpower ability by 50%.",16,0,0,0,0,0,3,6
Warrior,Arms,Talent,"Improved Rend",12286,"Increases the bleed damage done by your Rend ability by 20%.",10,0,0,0,0,0,0,0
Warrior,Arms,Talent,"Improved Slam",12862,"Increases the damage of Slam by 20% and reduces its swing time by 1 sec.",30,0,0,0,0,0,9,21
Warrior,Arms,Talent,"Iron Will",12300,"Reduces the duration of all Stun and Charm effects used against you by 20%.  This does not stack with other Stun reduction effects.",12,0,0,0,0,0,0,0
Warrior,Arms,Talent,"Juggernaut",64976,"Following a Charge or Heroic Leap, you have a 100% chance for your next Slam to critically hit and your next Mortal Strike to apply Rend. (If learned)     Reduces the cooldown of Heroic Leap by 4 sec.",34,0,0,0,0,0,9,24
Warrior,Arms,Talent,"Mace Specialization",12284,"Increases your armor penetration by 30% while a mace is equipped.",22,0,0,0,0,0,6,12
Warrior,Arms,Talent,"Poleaxe Specialization",12700,"Increases your physical critical damage and melee physical critical strike chance while an Axe or Polearm is equipped in your main hand by 5%.",22,0,0,0,0,0,6,12
Warrior,Arms,Talent,"Second Wind",29834,"Whenever you are struck by a Stun or Immobilize effect you will generate 20 rage and 10% of your total health over 10 sec.",30,0,0,0,0,0,9,21
Warrior,Arms,Talent,"Strength of Arms",46865,"Increases your total Strength by 4%, Stamina by 2% and Expertise by 2.    After using Overpower, Slam or Execute your next Mortal Strike causes 10% extra damage and cost 5 less rage. Stacks up to 2 times.",30,0,0,0,0,0,9,21
Warrior,Arms,Talent,"Sudden Death",29723,"Your direct damaging attacks have a chance (greater than previous rank) of allowing the use of Execute regardless of the target's health state.    You keep at least 3 rage after using Execute.",36,0,0,0,0,0,12,27
Warrior,Arms,Talent,"Sword Specialization",12281,"Increases your chance to hit with spells and abilities by 5%.    Gives you a 10% chance to get an extra attack on the same target after hitting your target with your Sword dealing 120% weapon damage.     This damage is increased by 40% while wielding a single Two-Handed Weapon.",22,0,0,0,0,0,6,12
Warrior,Arms,Talent,"Tactical Mastery",12295,"Requires a Single Two-Handed or One-Handed Weapon.  Increases armor contribution from armor by 40% and increases the damage of Devastate by 25%.  Capstone Bonus: Stagger 30% of damage taken from attacks, distributing it over 10 seconds. This staggered damage does not break crowd control effects.  Does not work with Titan's Grip, Touched by the Light, or when Primary Stat is Spirit. Stagger is half as effective against players",12,0,0,0,0,0,0,0
Warrior,Arms,Talent,"Taste for Blood",56636,"Whenever your Rend ability causes damage, you have a 100% chance of allowing the use of your Overpower ability for 9 sec.     This effect will not occur more than once every 6 sec.",18,0,0,0,0,0,3,9
Warrior,Arms,Talent,"Trauma",46854,"Your melee critical strikes increase the effectiveness of Bleed effects on the target by 30% for 1 min.   Does not stack with other similar effects.",24,0,0,0,0,0,6,15
Warrior,Arms,Talent,"Two-Handed Weapon Mastery",29623,"You generate 25% more rage from damage dealt.  This effect is only active while wielding a single Two-Handed Weapon. (Does not work with Titan's Grip.)",36,0,0,0,0,0,12,27
Warrior,Arms,Talent,"Two-Handed Weapon Specialization",12163,"Increases the physical damage you deal with two-handed melee weapons by 6%.",18,0,0,0,0,0,3,9
Warrior,Arms,Talent,"Unrelenting Assault",46859,"Reduces the cooldown of your Overpower and Revenge abilities by 4 sec and increases the damage done by both abilities by 20%.    If you strike a player with Overpower while they are casting, their magical damage and healing will be reduced by 50% for 6 sec.",34,0,0,0,0,0,9,24
Warrior,Arms,Talent,"Weapon Mastery",20504,"Whenever one of your attacks is dodged or blocked you have a 50% chance to gain 2% critical strike chance for 8 sec, stacks up to 3 times.     Reduces the duration of all Disarm effects used against you by 30%.      This does not stack with other Disarm duration reducing effects.",24,0,0,0,0,0,6,15
Warrior,Arms,Talent,"Wrecking Crew",46867,"Your melee critical hits enrage you, increasing all damage caused by 10% for 12 sec.  This effect does not stack with Enrage or trigger Enrage effects.",40,0,0,0,0,0,12,30
Warrior,Fury,Ability,"Battle Shout",6673,"Increases the Strength and Agility of all raid and party members within 30 yards by 2. Lasts 30 min.   Does not stack with other similar effects.  This ability is usable while shapeshifted.",1,0,0,0,0,0,0,0
Warrior,Fury,Ability,"Berserker Rage",18499,"The warrior enters a berserker rage, removing and granting immunity to Fear, Sap and Incapacitate effects and generating extra rage when taking damage.  Lasts 10 sec.  This ability is usable while shapeshifted.",32,0,0,40,30,0,0,0
Warrior,Fury,Ability,"Berserker Stance",2458,"An aggressive stance. Critical hit chance is increased by 3% and all damage taken is increased by 5%.",30,0,0,26,28,0,0,0
Warrior,Fury,Ability,"Bloodbath",954814,"For the next 5 sec, causes your Physical melee abilities to deal 50 bleed damage over 5 sec and reduces the movement speed of the target by 30% for 3 sec.    This ability can be used while shapeshifted.",40,0,0,40,38,0,0,0
Warrior,Fury,Ability,"Bloodthirst",23881,"Instantly attack the target causing 7 damage. Each bleed applied by you increases the damage of Bloodthirst by 8%, up to a maximum of 40%. In addition, the next 3 successful melee attacks will restore 1% of max health. This effect lasts 8 sec. Damage is based on your attack power.  This ability is usable while shapeshifted.",30,0,0,32,28,0,9,21
Warrior,Fury,Ability,"Challenging Shout",1161,"Forces all enemies within 10 yards to focus attacks on you for 6 sec.",26,0,0,7,24,0,0,0
Warrior,Fury,Ability,"Cleave",845,"A sweeping attack that does your weapon damage plus 13 to the target and his nearest ally.",16,0,0,4,14,0,0,0
Warrior,Fury,Ability,"Commanding Shout",469,"Increases maximum health of all party and raid members within 30 yards by 266. Lasts 30 min.   Does not stack with other similar effects.  This ability is usable while shapeshifted.",40,0,0,34,58,0,0,0
Warrior,Fury,Ability,"Death Wish",812292,"When activated you become enraged, increasing your physical damage by 15% but increasing all damage taken by 5%. Lasts 30 sec.  This ability is usable while shapeshifted.",22,0,0,32,20,0,6,12
Warrior,Fury,Ability,"Demoralizing Shout",1160,"Reduces the attack power of all enemies within 10 yards by 35 for 30 sec.   Does not stack with other similar effects.  This ability is usable while shapeshifted.",10,0,0,8,8,0,0,0
Warrior,Fury,Ability,"Enraged Regeneration",55694,"You regenerate 30% of your total health over 10 sec.  This ability requires an Enrage effect, consumes all Enrage effects and prevents any from affecting you for the full duration.",40,0,0,40,48,0,0,0
Warrior,Fury,Ability,"Execute",5308,"Attempt to finish off a wounded foe, causing 65 damage and converting each extra point of rage into 2 additional damage (up to a maximum cost of 30 rage). Only usable on enemies that have less than 20% health.",16,0,0,4,14,0,0,0
Warrior,Fury,Ability,"Heroic Fury",60970,"Removes any movement impairing effects and refreshes the cooldown of your Intercept and Siegebreaker abilities.  This ability is usable while shapeshifted.",36,0,0,40,34,0,12,27
Warrior,Fury,Ability,"Intercept",20252,"Charge an enemy, causing 1 damage (based on attack power) and stunning it for 3 sec.    This ability is usable while shapeshifted.",20,0,0,29,18,0,0,0
Warrior,Fury,Ability,"Intimidating Shout",5246,"The caster shouts, causing up to 5 enemies within 8 yards to cower in fear for 8 seconds. The targeted enemy will be unable to move while cowering.  This ability is usable while shapeshifted.",22,0,0,32,20,0,0,0
Warrior,Fury,Ability,"Piercing Howl",12323,"Causes all enemies within 10 yards to be Dazed, reducing movement speed by 50% for 6 sec.  This ability is usable while shapeshifted.",16,0,0,14,14,0,3,6
Warrior,Fury,Ability,"Pummel",6552,"Pummel the target, interrupting spellcasting and preventing spells of that school from being cast for 4 sec.    This ability shares a cooldown with other interrupts.",30,0,0,40,28,0,0,0
Warrior,Fury,Ability,"Raging Blow",954836,"A mighty blow that deals 125% weapon damage from both melee weapons. Requires a weapon in the mainhand and off-hand to use.  Becoming Enraged enables one use of Raging Blow. You can store up to 2 charges.    Multiple Raging Blow! charges cannot be gained within the same global cooldown. Does not receive a charge from Wrecking Crew.",28,0,0,8,26,0,0,0
Warrior,Fury,Ability,"Rampage",29801,"Increases ranged and melee critical strike chance of all party and raid members within 100 yds by 5%.    Does not stack with other similar effects.",36,0,0,32,34,0,12,27
Warrior,Fury,Ability,"Recklessness",1719,"Your attack speed is increased by 30%, but all damage taken is increased by 10%. Your next 3 non-periodic Warrior abilities have an additional 100% to critically hit, 3 yards extra range and will cause you to charge toward your enemy if not in melee range already. Lasts for 8 sec.    Charges are not consumed versus monsters.    While active, the duration of stun and movement impairing effects on you is reduced by 50%.",34,0,0,40,32,0,0,0
Warrior,Fury,Ability,"Shout Mastery",954709,"You gain Shout Mastery when learning any Shout Spell.     This Mastery automatically unlocks Shout Spells when you reach their Class Point requirements at no additional ability essence cost.    Battle Shout Increases the Strength and Agility of allies.   Demoralizing Shout Reduces the attack power of enemies around you.   Commanding Shout Increasex Maximun health of your allies.",1,0,0,0,0,0,0,0
Warrior,Fury,Ability,"Siegebreaker",954876,"Use your full strength to slam the target with your weapon, dealing 150% weapon damage to up to 5 nearby enemies in a conal attack.  If the target is a player, it also knocks them back. Enemies the target collides with are knocked back slightly and take 150% weapon damage.",36,0,0,40,38,0,0,0
Warrior,Fury,Ability,"Single-Minded Fury",988256,"While a one-handed weapon is equipped in both hands, your Mortal Strike, Overpower and Slam deal 5% less damage but will trigger an additional attack with your off-hand weapon.   Cannot be used with daggers.",40,0,0,34,38,0,15,30
Warrior,Fury,Ability,"Slam",1464,"Slams the opponent, causing 100% weapon damage plus 9.",1,0,0,0,0,0,0,0
Warrior,Fury,Ability,"Titan's Grip",46917,"Allows you to wield a Two-Handed Axe, Mace, or Sword in each hand.    Also allows for a weapon or shield to be held in the off-hand while a Staff is equipped.    Physical damage dealt is reduced by 10%.    While a Staff is equipped in your main hand, your Magic damage and healing done are reduced by 10%.",40,0,0,34,38,0,15,30
Warrior,Fury,Ability,"Victory Rush",34428,"Instantly attack the target causing 5 damage.  Can only be used within 20 sec after you kill an enemy that yields experience or honor. Damage is based on your attack power.",6,0,0,1,4,0,0,0
Warrior,Fury,Ability,"Warrior Strike Mastery",6021,"You gain Warrior Strike Mastery when learning any Warrior Strike Spell.     This Mastery automatically unlocks Warrior Strike Spells when you reach their Class Point requirements at no additional ability essence cost.    Heroic Strike A strong attack that increases melee damage and causes extra threat.   Cleave A sweeping attack that attacks your target and their nearest ally.",1,0,0,0,0,0,0,0
Warrior,Fury,Ability,"Whirlwind",1680,"In a whirlwind of steel you attack up to 4 enemies within 8 yards, causing 100% weapon damag from both melee weapons to each enemy.",14,0,0,4,12,0,0,0
Warrior,Fury,Talent,"Armored to the Teeth",61216,"Increases your melee attack power by 3 for every 150 armor value you have.",10,0,0,0,0,0,0,0
Warrior,Fury,Talent,"Blood Craze",16487,"Regenerates 6% of your total Health over 6 sec after being the victim of a critical strike.",30,0,0,0,0,0,9,21
Warrior,Fury,Talent,"Bloodsurge",46913,"Increases the duration of Bloodbath by 3 sec.     Damaging spells and abilities have a 100% chance of making your next Bloodthirst cost no rage, trigger no cooldown, ignore 50% of the target's armor and refresh Bloodbath on the target.     This effect can only occur once every 6 sec.",34,0,0,32,0,0,9,24
Warrior,Fury,Talent,"Booming Voice",12321,"Increases the duration of your Battle Shout, Demoralizing Shout and Commanding Shout by 50% and increases their area of effect by 50%.     Increases the melee attack power reduction of your Demoralizing Shout by 20%.",10,0,0,0,0,0,0,0
Warrior,Fury,Talent,"Brutal Pummel",32512,"Pummel applies two stacks of Sunder Armor to the target. If used when you are below 35% health, Pummel also Pacifies the target for 1 sec, preventing them from attacking.     Capstone Bonus: Successfully interrupting an enemy with Pummel now also deals 4 damage (increased by attack power).    Sunder Armor Sunders the target's armor, reducing it by 4%. Stacks up to 5 times and lasts for 30 sec. Does not stack with other similar effects.",24,0,0,0,0,0,6,15
Warrior,Fury,Talent,"Commanding Presence",12318,"Battle Shout increases your Strength by 0 and Commanding Shout increases your Stamina by 0 for 1 |4hour:hrs;. These effects scale with your level.",16,0,0,0,0,0,3,6
Warrior,Fury,Talent,"Cruelty",12320,"Increases your melee and ranged critical strike chance by 5%.    Increases your total Strength by 5%.",10,0,0,0,0,0,0,0
Warrior,Fury,Talent,"Dance of Death",954192,"Increases your critical strike chance by 6% when your health is below 75%.    Capstone Bonus: Killing an enemy that grants experience or honor or using Siegebreaker will heal you for 205, increased by attack power and reset your Intercept cooldown.    This effect can only occur once every 5 sec.",22,0,0,0,0,0,6,12
Warrior,Fury,Talent,"Dual Wield Mastery",813715,"Increases your melee attack speed by 10%.    Increases the damage done by your off-hand weapon by 33%.  Does not stack with Dual Wield Specialization",10,0,0,0,0,0,0,0
Warrior,Fury,Talent,"Enrage",12317,"Increases your Physical damage by 10% and haste by 10% for 12 sec after using Bloodrage, Berserker Rage or Recklessness.  Capstone Bonus: This effect also trigger from being struck by a damaging attack while below 50% health. This effect can occur once every 5 seconds.",18,0,0,0,0,0,3,9
Warrior,Fury,Talent,"Fervor",29590,"Increases your hit chance by 3%.     Increases your critical strike chance by 3% while in Berserker Stance.",22,0,0,0,0,0,6,12
Warrior,Fury,Talent,"Furious Attacks",46910,"Your melee attacks have a chance to reduce all healing done to the target by 25% for 10 sec. This can stack up to 2 times. This occurs more often than Furious Attacks (Rank 1).  Does not stack with other similar effects.",34,0,0,0,0,0,9,24
Warrior,Fury,Talent,"Improved Berserker Stance",29759,"Berserker Stance now also increases your damage against targets below 35% health by 9%. This effect is doubled while Enrage is active.  Capstone Bonus: Raging Blow increases the duration of your Recklessness by 1 second.",34,0,0,0,0,0,9,24
Warrior,Fury,Talent,"Improved Cleave",12329,"Increases the bonus damage done by your Cleave ability by 120%.",16,0,0,0,0,0,3,6
Warrior,Fury,Talent,"Improved Execute",20502,"Reduces the rage cost of your Execute ability by 6.",18,0,0,0,0,0,3,9
Warrior,Fury,Talent,"Improved Intercept",29888,"Reduces the cooldown of your Intercept ability by 10 sec.",22,0,0,0,0,0,6,12
Warrior,Fury,Talent,"Improved Victory Rush",12324,"Increases the critical strike chance of your Victory Rush by 60% and gives you a 100% when you parry to allow the use of Victory Rush for 10 sec.     This effect may only occur once every 12 seconds.",12,0,0,0,0,0,0,0
Warrior,Fury,Talent,"Improved Whirlwind",29721,"Increases the damage of your Whirlwind ability by 20%.",16,0,0,0,0,0,3,6
Warrior,Fury,Talent,"Intensify Rage",46908,"Reduces the cooldown of your Bloodrage, Recklessness and Death Wish abilities by 33%.",30,0,0,0,0,0,9,21
Warrior,Fury,Talent,"Raging Berserker",20500,"Using Berserker Rage or Heroic Fury will generate 50 rage. If used while below 50% health, your melee abilities are empowered for 5 sec, causing them to drain life from targets hit.",24,0,0,0,0,0,6,15
Warrior,Fury,Talent,"Sharpened Edges",101434,"Armored to the Teeth now increases attack power for every 108 armor instead of every 150.",10,0,0,30,0,0,0,0
Warrior,Fury,Talent,"Shredding Blows",12319,"Direct melee and ranged critical strikes increase your armor penetration by 24% for your next 3 attacks.",24,0,0,0,0,0,6,15
Warrior,Fury,Talent,"Sidearm Specialization",23584,"Increases your armor penetration by 18% and your hit chance by 3%.  Capstone Bonus: All threat generated is reduced by 30%. This capstone effect does not stack with similar capstone effects",18,0,0,0,0,0,3,9
Warrior,Fury,Talent,"Unbridled Wrath",12322,"Gives you a chance to generate 2 additional rage points when you deal melee damage with a weapon.",12,0,0,0,0,0,0,0
Warrior,Fury,Talent,"Unending Fury",56927,"Increases your damage done by 9%.  Capstone Bonus: While Bloodrage is active Fear effect durations are reduced by 30%.",40,0,0,0,0,0,12,30
Warrior,Protection,Ability,"Bloodrage",2687,"Generates 20 rage at the cost of health, and then generates an additional 10 rage over 10 sec.    This ability is usable while shapeshifted.",10,0,0,8,8,0,0,0
Warrior,Protection,Ability,"Concussion Blow",12809,"Stuns the opponent for 5 sec and deals 5 damage. (based on attack power).     Causes a High amount of threat.",22,0,0,32,20,0,6,12
Warrior,Protection,Ability,"Defensive Stance",71,"Significantly Increases your threat generation.    Increases your armor by 10% and decreases damage taken by 10%.    Your damage and healing done is decreased by 5%.     Teaches you Taunt.",10,0,0,16,8,0,0,0
Warrior,Protection,Ability,"Devastate",20243,"Sunder the target's armor causing the Sunder Armor effect. In addition, causes 120% weapon damage (96% if a two-handed weapon is equipped) plus 4 for each application of Sunder Armor on the target. The Sunder Armor effect can stack up to 5 times.    Sunder Armor Sunders the target's armor, reducing it by 4%. Stacks up to 5 times and lasts for 30 sec. Does not stack with other similar effects.",1,0,0,0,0,0,0,0
Warrior,Protection,Ability,"Disarm",676,"Disarm the enemy, removing their weapons, shields, or other equipment for 6 sec.",16,0,0,23,14,0,0,0
Warrior,Protection,Ability,"Intervene",3411,"Run at high speed towards a party or raid member, intercepting the next melee or ranged attack made against them and taunts up to 3 enemies attacking the target to attack you instead.",30,0,0,40,28,0,0,0
Warrior,Protection,Ability,"Last Stand",12975,"When activated, this ability temporarily grants you 30% of your maximum health for 20 sec.  After the effect expires, the health is lost.    This ability is usable while shapeshifted.",16,0,0,23,14,0,3,6
Warrior,Protection,Ability,"Revenge",6572,"Instantly counterattack an enemy for 88 to 107 damage.  Revenge is only usable after the warrior blocks, dodges or parries an attack.",12,0,0,3,10,0,0,0
Warrior,Protection,Ability,"Shield Bash",72,"Bash the target with your shield dazing them and interrupting spellcasting, which prevents spells of that school from being cast for 6 sec.     This ability shares a cooldown with other interrupts.",12,0,0,17,10,0,0,0
Warrior,Protection,Ability,"Shield Block",2565,"Increases your chance to block and block value by 100% for 10 sec.",6,0,0,4,4,0,0,0
Warrior,Protection,Ability,"Shield Slam",23922,"Slam the target with your shield, causing 294 to 307 damage, modified by your shield block value, and dispels 1 magic effect on the target. Causes a high amount of threat.",40,0,0,11,38,0,0,0
Warrior,Protection,Ability,"Shield Wall",871,"Reduces all damage taken by 60% for 12 sec.",28,0,0,40,26,0,0,0
Warrior,Protection,Ability,"Shockwave",46968,"Sends a wave of force in front of the caster, causing 6 damage (based on attack power) and stunning all enemy targets in a frontal cone for 4 sec.",40,0,0,40,38,0,15,30
Warrior,Protection,Ability,"Spell Reflection",23920,"Raise your shield, reflecting the next spell cast on you. Lasts 5 sec.",32,0,0,40,48,0,0,0
Warrior,Protection,Ability,"Vigilance",50720,"Focus your protective gaze on a group or raid target to reduce their damage taken by 3% and transfer 15% of the threat they cause to you.    Each time they are hit by an attack your Taunt and Growl cooldown is refreshed. Lasts 30 min. This effect can only be on one target at a time.",30,0,0,26,28,0,9,21
Warrior,Protection,Talent,"Anticipation",12297,"Increases your dodge chance by 5%.    Does not stack with other Anticipation talents.",12,0,0,0,0,0,0,0
Warrior,Protection,Talent,"Critical Block",47294,"Your successful blocks now further reduce the damage you take from the blocked hit by 25%. This effect does not work against players.     Increases your chance to critically hit with your Shield Slam ability by 10%.  Does not work with Touched by the Light.",36,0,0,0,0,0,12,27
Warrior,Protection,Talent,"Damage Shield",58872,"Whenever you take direct damage from or block a melee attack you cause damage equal to 20% of your block value.",40,0,0,0,0,0,12,30
Warrior,Protection,Talent,"Defensive Mindset",101436,"Leaving Defensive Stance no longer applies the Defensive Mindset debuff.",10,0,0,40,0,0,0,0
Warrior,Protection,Talent,"Firm Grip",12299,"Increases your armor value from your equipped Shield by 30%.    Increases your Stamina by 3%.    Increases your block value by 6%.",16,0,0,0,0,0,3,6
Warrior,Protection,Talent,"Focused Rage",29787,"Reduces the rage cost of your abilities by 3.  Capstone Bonus: You gain 5 Rage every time the target of your Vigilance takes damage. This effect can only occur once every second.|r",30,0,0,0,0,0,9,21
Warrior,Protection,Talent,"Gag Order",12311,"Gives your Shield Bash and Heroic Throw a 100% chance to silence the target for 3 sec.     Increases the damage of your Shield Slam ability by 10%.",22,0,0,0,0,0,6,12
Warrior,Protection,Talent,"Improved Bloodrage",12301,"Increases the rage generated by your Bloodrage ability by 50%.    While in Defensive Stance your Bloodrage reduces your damage taken by 4%.",10,0,0,0,0,0,0,0
Warrior,Protection,Talent,"Improved Defensive Stance",29593,"Reduces the chance you'll be critically hit by melee and spells by 6%.    When you Block, Parry or Dodge an attack you have a 100% chance to become Enraged, increasing Physical damage caused by 6% for 12 sec.",24,0,0,0,0,0,6,15
Warrior,Protection,Talent,"Improved Disarm",12313,"Reduces the cooldown of your Disarm ability by 20 sec and causes the target to take an additional 10% damage while disarmed.",18,0,0,0,0,0,3,9
Warrior,Protection,Talent,"Improved Disciplines",12312,"Reduces the cooldown of your Shield Wall, Retaliation, Avatar, and Recklessness abilities by 60 sec.",22,0,0,0,0,0,6,12
Warrior,Protection,Talent,"Improved Revenge",12797,"Increases damage of your Revenge ability by 30% and causes Revenge to strike an additional 2 target.     After using Revenge your next Devastate within 8 sec will strike an additional target.",16,0,0,0,0,0,3,6
Warrior,Protection,Talent,"Improved Spell Reflection",59088,"Reduces the chance you'll be hit by spells by 4% and when the ability is used it will reflect the first spell cast against the 4 closest party members within 20 yards.",18,0,0,0,0,0,3,9
Warrior,Protection,Talent,"Improved Thunder Clap",12287,"Reduces the cost of your Thunder Clap ability by 12 rage points and increases the damage by 30% and the slowing effect by an additional 10%.",10,0,0,0,0,0,0,0
Warrior,Protection,Talent,"Incite",50685,"Increases the critical strike chance of your Heroic Strike, Thunder Clap and Cleave abilities by 15%.",12,0,0,0,0,0,0,0
Warrior,Protection,Talent,"One-Handed Weapon Specialization",16538,"Increases Physical damage you deal when a one-handed melee weapon is equipped by 10%.",24,0,0,0,0,0,6,15
Warrior,Protection,Talent,"Puncture",12308,"Reduces the rage cost of your Devastate ability by 3.    Your attacks ignore an additional 12% of your target's armor.",18,0,0,0,0,0,3,9
Warrior,Protection,Talent,"Resolve",29140,"Increases your Strength by 6%, Stamina by 9% and your Expertise by 6.",34,0,0,0,0,0,9,24
Warrior,Protection,Talent,"Safeguard",46945,"Reduces damage taken by the target of your Intervene ability by 30% for 6 sec.",34,0,0,0,0,0,9,24
Warrior,Protection,Talent,"Shield Mastery",29598,"Increases your block value by 30% and reduces the cooldown of your Shield Block ability by 20 sec.",16,0,0,0,0,0,3,6
Warrior,Protection,Talent,"Shield Specialization",12298,"Increases your chance to block attacks with a shield by 10%.    You have a 100% chance to generate 5 rage when a block, dodge, or parry occurs.",10,0,0,0,0,0,0,0
Warrior,Protection,Talent,"Sword and Board",46951,"Increases the critical strike chance of Devastate by 15%.    Casting an ability that costs rage has a 30% chance to reset the cooldown of Shield Slam, make it cost no rage and increase its damage by 10%.",40,0,0,0,0,0,12,30
Warrior,Protection,Talent,"Thunderstruck",954195,"Increases the damage of Shockwave and Thunder Clap by 36%.",40,0,0,0,0,0,12,30
Warrior,Protection,Talent,"Warbringer",57499,"Your Charge, Intercept, and Intervene abilities have a 100% chance to remove all slowing effects when used.",36,0,0,0,0,0,12,27