Class,Tab,Type,Name,ID,Description,RequiredLevel,RequiredClassAEInvestment,RequiredTabAEInvestment,RequiredClassPoints,RequiredAEInvestment,RequiredClassTEInvestment,RequiredTabTEInvestment,RequiredTEInvestment
DeathKnight,Blood,Ability,"Blood Boil",48721,"Boils the blood of all enemies within 10 yards, dealing 42 to 51 Shadow damage.  Deals additional damage to targets infected with Blood Plague or Frost Fever.",16,0,0,12,14,0,0,0
DeathKnight,Blood,Ability,"Blood Presence",48266,"Strengthens you with the presence of blood, increasing damage by 2% and heals you for 2% of your damage dealt.    Only one Presence may be active at a time.    Heals up to a maximum of 5% of your health per hit.",1,0,0,0,0,0,0,0
DeathKnight,Blood,Ability,"Blood Strike",45902,"Instantly strike the enemy, causing 40% weapon damage plus 12, total damage increased by 12.5% for each of your diseases on the target.",1,0,0,0,0,0,0,0
DeathKnight,Blood,Ability,"Blood Tap",45529,"Immediately activates a Blood Rune and converts it into a Death Rune for the next 20 sec.  Death Runes count as a Blood, Frost or Unholy Rune.",18,0,0,26,16,0,0,0
DeathKnight,Blood,Ability,"Dancing Rune Weapon",49028,"Summons a second rune weapon that fights on its own for 8 sec, doing the same attacks as you but for 75% reduced damage.",40,0,0,40,38,0,15,30
DeathKnight,Blood,Ability,"Death Pact",48743,"Sacrifices an undead minion, healing you for 20% of its maximum health.",22,0,0,32,20,0,0,0
DeathKnight,Blood,Ability,"Heart Strike",55050,"Instantly strike the target and his nearest ally, causing 50% weapon damage plus 69 on the primary target, and 25% weapon damage plus 35 on the secondary target.  Each target takes 10% additional damage for each of your diseases active on that target.",36,0,0,0,34,0,12,27
DeathKnight,Blood,Ability,"Hysteria",49016,"Induces a friendly unit into a killing frenzy for 30 sec. The target is Enraged, which increases their physical damage by 15%, but causes them to lose health equal to 1% of their maximum health every second.",30,0,0,40,28,0,9,21
DeathKnight,Blood,Ability,"Mark of Blood",49005,"Place a Mark of Blood on an enemy.  Whenever the marked enemy deals damage to a target, that target is healed for 4% of its maximum health.  Lasts for 20 sec or up to 20 hits.",22,0,0,32,20,0,6,12
DeathKnight,Blood,Ability,"Pestilence",50842,"Spreads existing Blood Plague and Frost Fever infections from your target to all other enemies within 10 yards.",10,0,0,2,8,0,0,0
DeathKnight,Blood,Ability,"Rune of Cinderglacier",53341,"Affixes your rune weapon with a rune that has a chance to cause your target to take 20% increased Frost and Shadow damage from you.  Requires a Rune Forge.",20,0,0,32,18,0,0,0
DeathKnight,Blood,Ability,"Rune of Lichbane",53331,"Affixes your rune weapon with a rune that adds 2% extra weapon damage as Fire damage or 4% versus Undead targets.     Requires a Rune Forge.",20,0,0,32,18,0,0,0
DeathKnight,Blood,Ability,"Rune of Razorice",53343,"Affixes your weapon with a rune that causes 2% extra weapon damage as Frost damage and increases enemies' vulnerability to your Frost attacks.    Requires a Rune Forge.",20,0,0,32,18,0,0,0
DeathKnight,Blood,Ability,"Rune of Spellbreaking",54447,"Affixes your one-handed rune weapon with a rune that deflects 2% of all spell damage and reduces the duration of Silence effects by 50% (not cumulative with additional Silence duration reduction).    Requires a Rune Forge.",20,0,0,32,18,0,0,0
DeathKnight,Blood,Ability,"Rune of Spellshattering",53342,"Affixes your two-handed rune weapon with a rune that deflects 4% of all spell damage and reduces the duration of Silence effects by 50%.     Requires a Rune Forge.",20,0,0,32,18,0,0,0
DeathKnight,Blood,Ability,"Rune of Swordbreaking",54446,"Affixes your one-handed rune weapon with a rune that increases Parry chance by 2% and reduces the duration of Disarm effects by 50%.  Modifying your rune weapon requires a Rune Forge in Ebon Hold.",20,0,0,32,18,0,0,0
DeathKnight,Blood,Ability,"Rune of Swordshattering",53323,"Affixes your two-handed rune weapon with a rune that increases Parry chance by 4% and reduces the duration of Disarm effects by 50%.      Requires a Rune Forge.",20,0,0,32,18,0,0,0
DeathKnight,Blood,Ability,"Rune of the Fallen Crusader",53344,"Affixes your rune weapon with a rune that has a chance to heal you for 3% of your maximum health and increase total Strength by 15% for 15 sec.    Requires a Rune Forge.",20,0,0,32,18,0,0,0
DeathKnight,Blood,Ability,"Rune of the Nerubian Carapace",70164,"Affixes your rune weapon with a rune that increases Defense by 13 and total Stamina by 1%.    Requires a Rune Forge.",20,0,0,32,18,0,0,0
DeathKnight,Blood,Ability,"Rune of the Stoneskin Gargoyle",62158,"Affixes your two-handed rune weapon with a rune that increases Defense by 25 and total Stamina by 2%.    Requires a Rune Forge.",20,0,0,32,18,0,0,0
DeathKnight,Blood,Ability,"Rune Tap",48982,"Converts 1 Blood Rune into 10% of your maximum health.",16,0,0,14,14,0,3,6
DeathKnight,Blood,Ability,"Runeforging Mastery",53428,"You gain Runeforging Mastery when learning any Runeforge Spell.     This Mastery automatically unlocks Runeforge Spells when you reach their Class Point requirements at no additional ability essence cost.      Rune of Swordshattering Affixes your two-handed weapon with a rune that increases parry chance and reduces the duration of disarms.    Rune of Lichbane Affixes your weapon with a rune that causes you to deal Fire damage with your attacks, increased versus undead.    Rune of Cinderglacier Affixes your weapon with a rune that has a chance to increase the damage of your next 2 attacks that deal Frost or Shadow damage.    Rune of Spellshattering Affixes your two-handed weapon with a rune that deflects spell damage and reduces the duration of silence efffects.    Rune of Razorice Affixes your weapon with a rune that causes extra Frost damage when you attack and causes them to be more vulnerable to your Frost attacks.    Rune of the Fallen Crusader Affixes your weapon with a rune that has a chance to heal you and increase your Strength.    Rune of the Stoneskin Gargoyle Affixes your two-handed weapon with a rune that increases your defense and Stamina.    Rune of the Nerubian Carapace Affixes your weapon with a rune that increases your defense and Stamina.",20,0,0,17,42,0,0,0
DeathKnight,Blood,Ability,"Strangulate",47476,"Strangulates an enemy, silencing them for 5 sec.  Non-player victim spellcasting is also interrupted for 3 sec.",22,0,0,32,20,0,0,0
DeathKnight,Blood,Ability,"Vampiric Blood",55233,"Temporarily grants you 15% of your maximum health and increases the amount of health generated through your Death Knight spells and effects by 35% for 10 sec. After the effect expires, the health is lost.",34,0,0,40,32,0,9,24
DeathKnight,Frost,Ability,"Chains of Ice",45524,"Shackles the target with frozen chains, reducing their movement by 45%, and infects them with Frost Fever. The target regains 4% of their movement each second for 10 sec.",14,0,0,18,12,0,0,0
DeathKnight,Frost,Ability,"Deathchill",49796,"When activated, makes your next Icy Touch, Howling Blast, Frost Strike or Obliterate a critical hit if used within 30 sec.",22,0,0,32,20,0,6,12
DeathKnight,Frost,Ability,"Empower Rune Weapon",47568,"Empower your rune weapon, immediately activating all your runes and generating 25 rage.",30,0,0,40,28,0,0,0
DeathKnight,Frost,Ability,"Frost Presence",48263,"Increases Stamina by 4% and significantly increases threat generated.   Increases the Armor contribution Cloth, Leather, Mail and Plate items by 30%   Reduces damage taken by 2%.    Only one Presence may be active at a time.",1,0,0,8,8,0,0,0
DeathKnight,Frost,Ability,"Frost Strike",49143,"Instantly strike the enemy, causing 55% weapon damage plus 31 as Frost damage.",36,0,0,0,34,0,12,27
DeathKnight,Frost,Ability,"Horn of Winter",57330,"Increases the Strength and Agility of all party or raid members within 30 yards by 2 and generates 10 rage. Lasts 30 min.",1,0,0,4,0,0,0,0
DeathKnight,Frost,Ability,"Howling Blast",49184,"Blast the target with a frigid wind dealing 119 to 129 Frost damage to all enemies within 10 yards.",40,0,0,0,38,0,15,30
DeathKnight,Frost,Ability,"Hungering Cold",49203,"Purges the earth around the you of all heat. Enemies within 10 yards are trapped in ice, preventing them from performing any action for 10 sec and infecting them with Frost Fever. Enemies are considered Frozen, but any damage other than diseases will break the ice.",30,0,0,40,28,0,9,21
DeathKnight,Frost,Ability,"Icebound Fortitude",48792,"Freeze your blood to become immune to Stun effects and reduce all damage taken by 30% plus additional damage reduction based on Defense for 12 sec.",34,0,0,40,32,0,0,0
DeathKnight,Frost,Ability,"Icy Touch",45477,"Chills the target for 11 to 12 Frost damage and infects them with Frost Fever, a disease that deals periodic damage and reduces melee and ranged attack speed by 14% for 15 sec. Generates very high threat while in a Tank Stance.",1,0,0,0,0,0,0,0
DeathKnight,Frost,Ability,"Improved Icy Talons",55610,"Increases the melee haste of all party and raid members within 100 yds by 20%.    Increases your melee and ranged haste by an additional 5%.",24,0,0,0,22,0,6,15
DeathKnight,Frost,Ability,"Lichborne",49039,"Draw upon unholy energy to become undead for 10 sec.  While undead, you are immune to Charm, Fear and Sleep effects.",16,0,0,23,14,0,3,6
DeathKnight,Frost,Ability,"Mind Freeze",47528,"Smash the target's mind with cold, interrupting spellcasting and preventing any spell in that school from being cast for 4 sec.    This ability shares a cooldown with other interrupts.",14,0,0,20,12,0,0,0
DeathKnight,Frost,Ability,"Obliterate",49020,"A brutal instant attack that deals 120% weapon damage plus 42, total damage increased 12.5% per each of your diseases on the target, but consumes the diseases.",20,0,0,5,18,0,0,0
DeathKnight,Frost,Ability,"Path of Frost",3714,"Surrounds the caster with a freezing aura beneath her feet, allowing her and her party or raid to walk on water for 10 min. Works while mounted. Any damage will cancel the effect.",30,0,0,8,28,0,0,0
DeathKnight,Frost,Ability,"Rune Strike",56815,"Strike the target for 150% weapon damage plus 2. Only usable after you dodge or parry an attack. Can't be dodged, blocked, or parried. This attack causes a high amount of threat.",32,0,0,9,30,0,0,0
DeathKnight,Frost,Ability,"Threat of Thassarian",65661,"When dual-wielding your, Plague Strike, Death Strike, Blood Strike, Frost Strike, Obliterate and Rune Strike hits also strike with your off-hand weapon.",10,0,0,32,0,0,9,24
DeathKnight,Frost,Ability,"Unbreakable Armor",51271,"Reinforces your armor with a thick coat of ice, increasing your armor by 25% and increasing your Strength by 20% for 20 sec.",34,0,0,40,32,0,9,24
DeathKnight,Unholy,Ability,"Anti-Magic Shell",48707,"Surrounds you in an Anti-Magic Shell, absorbing 75% of the damage dealt by harmful spells (up to a maximum of 50% of your health) and preventing application of harmful magical effects.      20% of the absorbed damage by Anti-Magic Shell is granted as additional rage. Lasts 5 sec.",22,0,0,32,20,0,0,0
DeathKnight,Unholy,Ability,"Anti-Magic Zone",51052,"Places a large, stationary Anti-Magic Zone that reduces spell damage done to party or raid members inside it by 75%. The Anti-Magic Zone lasts for 10 sec or until it absorbs 10024 spell damage.",30,0,0,40,28,0,9,21
DeathKnight,Unholy,Ability,"Army of the Dead",42650,"Summons an entire legion of Ghouls to fight for you over 4 sec. The Ghouls will swarm the area, taunting and fighting anything they can.  While channeling Army of the Dead, you take less damage equal to your Dodge plus Parry chance.",34,0,0,40,32,0,0,0
DeathKnight,Unholy,Ability,"Bone Shield",49222,"Your are surrounded by 3 whirling bones.  While at least 1 bone remains, you take 20% less damage from all sources and deals 2% more damage with all attacks, spells and abilities.  Each damaging attack that lands consumes 1 bone.  Lasts 5 min.",34,0,0,40,32,0,9,24
DeathKnight,Unholy,Ability,"Corpse Explosion",49158,"Cause a corpse to explode for 166 Shadow damage to all enemies within 10 yards.  Will use a nearby corpse if the target is not a corpse.  Does not affect mechanical or elemental corpses.",16,0,0,0,14,0,3,6
DeathKnight,Unholy,Ability,"Death and Decay",43265,"Corrupts the ground at the targeted area, causing 14 Shadow damage every sec that targets remain in the area for 10 sec. This ability produces a high amount of threat.",20,0,0,16,18,0,0,0
DeathKnight,Unholy,Ability,"Death Grip",49576,"Harness the unholy energy that surrounds and binds all matter, drawing the target towards you and forces them to attack you for 3 sec.",20,0,0,29,18,0,0,0
DeathKnight,Unholy,Ability,"Death Strike",49998,"A deadly attack that deals 75% weapon damage plus 23 and heals you for 5% of your maximum health for each of your diseases on the target.",14,0,0,12,12,0,0,0
DeathKnight,Unholy,Ability,"Dominate Undead",891,"Teaches you the necessary abilities to Dominate an Undead companion.  Teaches you Dominate Undead, Raise Undead, Dismiss Undead, Revive Undead and Undead Lore.      Dominate Undead Begins dominating an undead to be your companion.     Your armor is reduced by 100% while you focus on dominating the undead for 20 sec.     If you lose the undead's attention for any reason, the domination process will fail. Each type of undead has unique abilities that you will be able to make use of.",1,0,0,5,8,0,0,0
DeathKnight,Unholy,Ability,"Ghoul Frenzy",63560,"Grants your Ghoul pet 25% haste for 30 sec and heals it for 60% of its health over the duration.",30,0,0,22,28,0,9,21
DeathKnight,Unholy,Ability,"Grave Coil",47541,"Fire a blast of unholy energy, causing 26 Shadow damage to an enemy target or healing 39 damage from a friendly Undead target.    Ancient Death Knights remember this dark spell as Death Coil",12,0,0,5,10,0,0,0
DeathKnight,Unholy,Ability,"Master of Ghouls",52143,"Reduces the cooldown on Raise Dead by 60 sec, and the Ghoul summoned by your Raise Dead spell is considered a pet under your control.  Unlike normal Death Knight Ghouls, your pet does not have a limited duration.    While your Ghoul is active and within 100 yards, it increases your Strength by 5% and reduces damage taken by 5%.",24,0,0,21,22,0,6,15
DeathKnight,Unholy,Ability,"Plague Strike",45462,"A vicious strike that deals 50% weapon damage plus 8 and infects the target with Blood Plague, a disease dealing 3 Shadow damage over time.",1,0,0,0,0,0,0,0
DeathKnight,Unholy,Ability,"Raise Ally",61999,"Raises the corpse of a raid or party member to fight by your side. The player will have control over the Ghoul for 5 min.",24,0,0,21,22,0,0,0
DeathKnight,Unholy,Ability,"Raise Dead",46584,"Raises a Ghoul to fight by your side. You can have a maximum of one Ghoul at a time.  Lasts 1 min.",18,0,0,26,16,0,0,0
DeathKnight,Unholy,Ability,"Scourge Strike",55090,"An unholy strike that deals 70% of weapon damage as Physical damage plus 102.  In addition, for each of your diseases on your target, you deal an additional 12% of the Physical damage done as Shadow damage.    When wielding a two-handed weapon, Scourge Strike deals 25% increased damage.",36,0,0,0,34,0,12,27
DeathKnight,Unholy,Ability,"Summon Gargoyle",49206,"A Gargoyle flies into the area and bombards the target with Nature damage, increased by 33% of the higher of your attack power or spell power. The Gargoyle inherits your spell penetration, hit chance, and 30% of your stamina. Persists for 30 sec.",40,0,0,0,38,0,15,30
DeathKnight,Unholy,Ability,"Unholy Frenzy",91232,"Increases the attack rate of your Demon or Undead pet by 50% but drains 2% of its health every 1 seconds. Lasts 30 sec.",26,0,0,24,24,0,0,0
DeathKnight,Unholy,Ability,"Unholy Presence",48265,"Infuses you with unholy fury, increasing attack speed by 5%, movement speed by 15%, and reducing the global cooldown of all Death Knight abilities by 0.5 sec.     Only one Presence can be active at a time.",28,0,0,24,26,0,0,0
Druid,Balance,Ability,"Barkskin",22812,"The caster's skin becomes as tough as bark.  All damage taken is reduced by 20%.  While protected, damaging attacks will not cause spellcasting delays. Lasts 12 sec.    This spell is usable while stunned, frozen, incapacitated, feared or asleep.     This ability is usable while shapeshifted.",36,0,0,40,34,0,0,0
Druid,Balance,Ability,"Cyclone",33786,"Tosses the enemy target into the air, preventing all action but making them invulnerable for up to 6 sec. Only one target can be affected by your Cyclone at a time.",50,0,0,40,48,0,0,0
Druid,Balance,Ability,"Entangling Roots",339,"Roots the target in place and causes 24 Nature damage over 12 sec. (8 seconds on players).     Damage caused may interrupt the effect.",10,0,0,9,6,0,0,0
Druid,Balance,Ability,"Faerie Fire",770,"Decrease the armor of the target by 5% for 40 sec (20 seconds on players). While affected, the target cannot stealth or turn invisible.   Does not stack with other similar effects.",14,0,0,12,12,0,0,0
Druid,Balance,Ability,"Feline Grace",20719,"Reduces damage from falling.",40,0,0,5,38,0,0,0
Druid,Balance,Ability,"Force of Nature",33831,"Summons 3 treants to attack enemy targets for 30 sec. Shares a cooldown with other Force of Nature spells.  Can't be used while having an active pet.    This ability is usable while shapeshifted.",36,0,0,40,34,0,12,27
Druid,Balance,Ability,"Hibernate",2637,"Forces the enemy target to sleep for up to 20 sec.  Any damage will awaken the target. Only one target can be forced to hibernate at a time. Only works on Beasts and Dragonkin.",18,0,0,15,16,0,0,0
Druid,Balance,Ability,"Hurricane",16914,"Creates a violent storm in the target area causing 112 Nature damage to enemies every 1 sec, and increasing the time between attacks of enemies by 20%.    Does not stack with other similar effects.    Lasts 10 sec.",40,0,0,11,38,0,0,0
Druid,Balance,Ability,"Hypnosis",955072,"Forces the enemy target to sleep for 30 sec (6 sec versus players). Any damage taken will be increased by 10%, but will awaken the target. Only one target can be forced to sleep at a time.     This spell is castable while moving.",30,0,0,40,28,0,0,0
Druid,Balance,Ability,"Innervate",29166,"Causes the target to regenerate mana equal to 225% of the caster's base mana pool over 10 sec.",40,0,0,26,38,0,0,0
Druid,Balance,Ability,"Insect Swarm",5570,"The enemy target is swarmed by insects, decreasing their chance to hit by 3% and causing 156 Nature damage over 12 sec.",22,0,0,0,20,0,6,12
Druid,Balance,Ability,"Mass Entanglement",954507,"Roots the target and all enemies within 8 yards in place for 8 sec. 6 sec versus players. Damage may interrupt the effect.  When the effect breaks, the target is slowed by 30% for 3 sec.  Usable while shapeshifted.  This spell cannot miss.",18,0,0,26,16,0,0,0
Druid,Balance,Ability,"Moonfire",8921,"Burns the enemy for 5 to 7 Arcane damage and then an additional 9 Arcane damage over 9 sec.",1,0,0,0,0,0,0,0
Druid,Balance,Ability,"Moonkin Form",24858,"Increases armor from cloth and leather by 150%, damage taken while stunned is reduced by 15%. Your direct damaging spells have a 33% chance to regenerate 2% of your total mana.   All party and raid members gain 5% increased spell critical effect chance. Does not stack with similar effects.  Casting any healing spell will take you out of Moonkin Form.",30,0,0,40,28,0,9,21
Druid,Balance,Ability,"Nature's Grasp",16689,"For 45 sec, any time an enemy within 15 yards hits the caster they have a 100% chance to become afflicted by Entangling Roots which roots them in place for 5 sec.     Does not trigger on enemies already affected by a root effect.",10,0,0,14,8,0,0,0
Druid,Balance,Ability,"Solar Beam",954523,"You summon a beam of solar light, silencing all enemies under the beam while it is active. Solar Beam lasts for 6 sec.  This ability is usable while shapeshifted.",34,0,0,40,32,0,0,0
Druid,Balance,Ability,"Soothe Animal",2908,"Soothes the target beast, reducing the range at which it will attack you by 10 yards and reducing its attack speed by 20%. Only affects Beast and Dragonkin targets level 40 or lower. Lasts 30 sec.",22,0,0,4,20,0,0,0
Druid,Balance,Ability,"Starfall",48505,"You summon a flurry of stars from the sky on all targets within 20 yards of the caster, each dealing 66 to 75 Arcane damage. Also causes 12 Arcane damage to all other enemies within 5 yards of the enemy target. Maximum 20 stars. Lasts 10 sec.      Shapeshifting into an animal form or mounting cancels the effect. Any effect which causes you to lose control of your character will suppress the starfall effect.",40,0,0,40,38,0,15,30
Druid,Balance,Ability,"Starfire",2912,"Causes 121 to 149 Arcane damage to the target.",20,0,0,5,18,0,0,0
Druid,Balance,Ability,"Starsurge",954800,"Deals 199 to 241 Spellstorm damage to the target.",28,0,0,7,26,0,0,0
Druid,Balance,Ability,"Teleport: Moonglade",18960,"Teleports the caster to the Moonglade.",10,0,0,2,8,0,0,0
Druid,Balance,Ability,"Thorns",467,"Thorns sprout from the friendly target causing 3 Nature damage to attackers when hit.  Lasts 30 min.",1,0,0,4,6,0,0,0
Druid,Balance,Ability,"Typhoon",50516,"You summon a violent Typhoon that does 351 Nature damage when in contact with hostile targets, knocking them back and dazing them for 6 sec.",36,0,0,40,34,0,12,27
Druid,Balance,Ability,"Ursol's Vortex",954504,"Conjures a vortex of wind for 8 sec around yourself, reducing the movement speed of all enemies within 5 yards by 30%. When an enemy leaves the vortex, winds will pull that enemy back to its center.     Enemies can only get pulled from any vortex once every 8 seconds.  This ability is usable while shapeshifted.",40,0,0,40,38,0,0,0
Druid,Balance,Ability,"Wrath",5176,"Causes 17 to 19 Nature damage to the target.",1,0,0,0,0,0,0,0
Druid,Feral,Ability,"Aquatic Form",1066,"Shapeshift into aquatic form, increasing swim speed by 50% and allowing the druid to breathe underwater. Also protects the caster from Polymorph effects.",16,0,0,4,14,0,0,0
Druid,Feral,Ability,"Bash",5211,"Stuns the target for 2 sec and interrupts non-player spellcasting for 3 sec.",12,0,0,17,10,0,0,0
Druid,Feral,Ability,"Bear Form",5487,"Shapeshift into Bear Form.    Increasing melee attack power by 30, armor contribution from cloth and leather items by 65%, and Stamina by 15%.     Teaches you Growl.",1,0,0,0,0,0,0,0
Druid,Feral,Ability,"Berserk",50334,"When activated, this ability causes your Mangle abilities to hit up to 3 targets and have no cooldown for 15 sec.    Reduces the cost of all your Cat Form and Bear Form abilities by 50%.     While active your Savage Defense absorb effect is doubled.",40,0,0,40,38,0,15,30
Druid,Feral,Ability,"Cat Form",768,"Shapeshift into cat form, increasing melee attack power by 1 plus 25% of Agility. Allows the use of various cat abilities.",1,0,0,0,0,0,0,0
Druid,Feral,Ability,"Challenging Roar",5209,"Forces all nearby enemies within 10 yards to focus attacks on you for 6 sec.",28,0,0,8,26,0,0,0
Druid,Feral,Ability,"Cower",8998,"Cower, causing no damage but lowering your threat a large amount, making enemies less likely to attack you.",28,0,0,8,26,0,0,0
Druid,Feral,Ability,"Dash",1850,"Increases movement speed by 50% while in Cat Form for 15 sec. Does not break prowling.",12,0,0,24,10,0,0,0
Druid,Feral,Ability,"Demoralizing Roar",99,"The druid roars, decreasing nearby enemies' attack power by 31.  Lasts 30 sec.   Does not stack with other similar effects.",10,0,0,8,8,0,0,0
Druid,Feral,Ability,"Enrage",5229,"Generates 20 rage, and then generates an additional 10 rage over 10 sec, but reduces base armor by 27% in Bear Form and 16% in Dire Bear Form.",10,0,0,4,2,0,0,0
Druid,Feral,Ability,"Faerie Fire (Feral)",16857,"Decrease the armor of the target by 5% for 40 sec(20 seconds on players) While affected, the target cannot stealth or turn invisible. Deals 3 damage and additional threat when used in Bear Form or Dire Bear Form.   Does not stack with other similar effects.",14,0,0,4,12,0,0,0
Druid,Feral,Ability,"Feral Charge",49377,"Teaches Feral Charge (Bear) and Feral Charge (Cat).       Feral Charge - Bear Causes you to charge an enemy gaining 15 rage, immobilizing them for 3 sec and interrupting any spell being cast for 4 sec.    This shares a cooldown with other Feral Charges.    Feral Charge - Cat Causes you to leap behind an enemy, dazing them for 3 sec.  This shares a cooldown with other Feral Charges.",22,0,0,32,20,0,6,12
Druid,Feral,Ability,"Ferocious Bite",22568,"Finishing move that causes damage per combo point and converts each extra point of energy (up to a maximum of 30 extra energy) into 0.7 additional damage.    1 point  : 18-23 damage    2 points: 31-36 damage    3 points: 44-49 damage    4 points: 56-61 damage    5 points: 69-74 damage",10,0,0,4,8,0,0,0
Druid,Feral,Ability,"Frenzied Regeneration",22842,"Converts up to 10 rage per second into health for 10 sec.  Each point of rage is converted into 0.3% of max health.",36,0,0,32,34,0,0,0
Druid,Feral,Ability,"Ironfur",760100,"Reduces damage taken by 4% plus an additional 4% per active application for 6 sec. Each application has an individual duration.  Max 3 charges. 10 second recharge timer.",40,0,0,40,38,0,0,0
Druid,Feral,Ability,"Lacerate",33745,"Lacerates the enemy target, dealing 7 damage and making them bleed for 35 damage over 15 sec and causing a high amount of threat.  Damage increased by attack power.      Stacks up to 3 times on the same target.",10,0,0,4,8,0,0,0
Druid,Feral,Ability,"Leader of the Pack",17007,"While in Cat, Bear or Dire Bear Form, the Leader of the Pack increases ranged and melee critical strike chance of all party and raid members by 5%.    Does not stack with other similar effects.",30,0,0,26,28,0,9,21
Druid,Feral,Ability,"Maim",22570,"Finishing move that causes damage and incapacitates the target. Causes more damage and lasts longer per combo point:    1 point  : 131-133 damage, 1 sec    2 points: 215-217 damage, 2 sec    3 points: 299-301 damage, 3 sec    4 points: 383-385 damage, 4 sec    5 points: 467-469 damage, 5 sec    Non-player victim spellcasting is also interrupted for 3 sec.     Any damage caused will interrupt the incapacitating effect.    Does not break from periodic damage.",44,0,0,40,42,0,0,0
Druid,Feral,Ability,"Mangle",33917,"Mangle the target, inflicting damage and causing the target to take 30% additional damage from bleeds for 1 min.   Does not stack with similar effects.  This ability can be used in Cat Form or Dire Bear Form.",36,0,0,0,34,0,12,27
Druid,Feral,Ability,"Maul",6807,"A strong attack that increases melee damage by 18 and causes a high amount of threat. Effects which increase Bleed damage also increase Maul damage.",1,0,0,4,0,0,0,0
Druid,Feral,Ability,"Pounce",9005,"Pounce, stunning the target for 3.50 sec and causing 270 damage over 18 sec. Must be prowling. Awards 1 combo point.",36,0,0,32,34,0,0,0
Druid,Feral,Ability,"Prowl",5215,"Allows the Druid to prowl around, but reduces your movement speed by 30%. Lasts until cancelled.",10,0,0,14,8,0,0,0
Druid,Feral,Ability,"Rake",1822,"Rake the target for 12 bleed damage and an additional 65 damage over 9 sec. Awards 1 combo point.",18,0,0,5,16,0,0,0
Druid,Feral,Ability,"Ravage",6785,"Ravage the target, causing 385% damage plus 77 to the target. Must be prowling and behind the target. Awards 1 combo point.",32,0,0,18,30,0,0,0
Druid,Feral,Ability,"Rip",1079,"Finishing move that causes damage over time.  Damage increases per combo point:     1 point  : 16 damage over 12 sec     2 points: 26 damage over 12 sec     3 points: 36 damage over 12 sec     4 points: 46 damage over 12 sec     5 points: 56 damage over 12 sec",1,0,0,4,0,0,0,0
Druid,Feral,Ability,"Shred",5221,"Shred the target, causing 225% damage plus 15 to the target. Must be behind the target. Awards 1 combo point.  Effects which increase Bleed damage also increase Shred damage.",10,0,0,2,8,0,0,0
Druid,Feral,Ability,"Stampeding Roar",954508,"You roar, increasing the movement speed of all party members within 10 yards by 60% for 6 sec. Does not break prowling.",28,0,0,38,26,0,0,0
Druid,Feral,Ability,"Survival Instincts",61336,"Increases your maximum health by 20% and triples effectiveness of Nurturing Instinct's increased healing received effect for 20 sec. Only usable while in Cat, Bear or Dire Bear Form. After the effect expires, the health is lost.",16,0,0,23,14,0,3,6
Druid,Feral,Ability,"Swipe (Cat)",62078,"Swipe nearby enemies, inflicting 140% weapon damage.",1,0,0,4,4,0,0,0
Druid,Feral,Ability,"Tiger's Fury",5217,"Adds 10 damage to your attacks and increases damage by 5% for 6 sec.",24,0,0,15,22,0,0,0
Druid,Feral,Ability,"Track Humanoids (Cat Form)",5225,"Shows the location of all nearby humanoids on the minimap. Only one form of tracking can be active at a time.",32,0,0,5,30,0,0,0
Druid,Feral,Ability,"Travel Form",783,"Shapeshift into travel form, increasing movement speed by 40%.  Also protects the caster from Polymorph effects. Only usable outdoors.  The act of shapeshifting frees the caster of movement impairing and Polymorph effects.",16,0,0,32,14,0,0,0
Druid,Restoration,Ability,"Abolish Poison",2893,"Attempts to cure 1 poison effect on the target, and 1 more poison effect every 3 seconds for 12 sec.",26,0,0,15,24,0,0,0
Druid,Restoration,Ability,"Cure Poison",8946,"Cures 1 poison effect on the target.",14,0,0,12,12,0,0,0
Druid,Restoration,Ability,"Efflorescence",86382,"Restores health to allies within 15 yards of the initial target every 2 sec and increases the caster's healing on affected targets by 18% for 6 sec.",44,0,0,40,42,0,0,0
Druid,Restoration,Ability,"Flourish",760107,"Heals a friendly target for 198 to 246 and increases all healing done by your Nature healing over time effects on the target by 100% for 4 sec.",32,0,0,9,30,0,0,0
Druid,Restoration,Ability,"Healing Touch",5185,"Heals a friendly target for 23 to 32.",1,0,0,0,0,0,0,0
Druid,Restoration,Ability,"Lifebloom",33763,"Heals the target for 98 over 7 sec.      When Lifebloom completes its duration or is dispelled, the target instantly heals themself for 228 to 229 and the Druid regains half the cost of the spell.      This effect can stack up to 3 times on the target.",36,0,0,10,34,0,0,0
Druid,Restoration,Ability,"Mark of the Wild",1126,"Increases the friendly target's armor by 25 for 30 min.   Does not stack with other similar effects.",1,0,0,4,0,0,0,0
Druid,Restoration,Ability,"Natural Alacrity",17116,"When activated, your next Druid Nature spell with a base casting time less than 10 sec. becomes instant. In addition, the effectiveness of your Nature healing spells are increased by 10% for 20 sec.",22,0,0,32,20,0,6,12
Druid,Restoration,Ability,"Nature Ward",760210,"Absorbs 290 Nature damage.  Lasts 30 sec.  This ability is usable while shapeshifted.",20,0,0,10,18,0,0,0
Druid,Restoration,Ability,"Nourish",50464,"Heals a friendly target for 351 to 415. Heals for an additional 50% if you have a Rejuvenation, Regrowth, Lifebloom, or Wild Growth effect active on the target.",44,0,0,11,42,0,0,0
Druid,Restoration,Ability,"Rebirth",20484,"Returns the spirit to the body, restoring a dead target to life with 400 health and 700 mana.",20,0,0,17,18,0,0,0
Druid,Restoration,Ability,"Regrowth",8936,"Heals a friendly target for 44 to 51 and another 63 over 21 sec.",12,0,0,12,10,0,0,0
Druid,Restoration,Ability,"Rejuvenation",774,"Heals the target for 25 over 15 sec.",1,0,0,1,2,0,0,0
Druid,Restoration,Ability,"Remove Curse",2782,"Dispels 1 Curse from a friendly target.",24,0,0,17,22,0,0,0
Druid,Restoration,Ability,"Revive",50769,"Returns the spirit to the body, restoring a dead target to life with 65 health and 120 mana.  Cannot be cast when in combat.",12,0,0,3,10,0,0,0
Druid,Restoration,Ability,"Swiftmend",18562,"Consumes a Rejuvenation or Regrowth effect on a friendly target to instantly heal them an amount equal to 12 sec. of Rejuvenation or 18 sec. of Regrowth.",30,0,0,0,28,0,9,21
Druid,Restoration,Ability,"Tranquility",740,"Heals all nearby group members for 131 every 2 seconds for 8 sec.  Caster must channel to maintain the spell.",20,0,0,29,18,0,0,0
Druid,Restoration,Ability,"Tree of Life",65139,"Shapeshift into the Tree of Life.   While in this form you increase healing received by 6% for all party and raid members.  Does not stack with similar effects.  Tree of Life reduces the mana cost of your healing over time spells by 20%.   While in this form, you can only cast healing spells in addition to Innervate, Barkskin, Nature's Grasp, Thorns spells, and non-offensive spells usable while shapeshifted.  If your Primary Stat is Spirit, shapeshifting into Tree of Life will free you from all movement impairing effects.",36,0,0,40,34,0,12,27
Druid,Restoration,Ability,"Wild Growth",48438,"Heals up to 5 friendly party or raid members within 15 yards of the target for 126 over 7 sec. The amount healed is applied quickly at first, and slows down as the Wild Growth reaches its full duration.",40,0,0,0,38,0,15,30
General,General1,Ability,"'Stealth'",284579,"You turn into a crate, hidden to all but the most observant adventurers, also prevents movement since you have no legs.    This uses crate modifiers. Perfect for board players.",20,0,0,0,0,0,0,0
General,General1,Ability,"Abomination's Limb",288830,"Command your undead pet or summoned ghoul to grip nearby enemy monsters to itself.",60,0,0,0,0,0,0,0
General,General1,Ability,"Absolute Zero",285148,"Unleash Absolute Zero around you, dealing 29 Frost damage every 2 seconds and afflicting enemies with Absolute Zero, reducing their movement speed by 20%. Stacks 5 times and stuns for 3 sec at max stacks.    Scales with Frost Nova modifiers.",10,0,0,0,0,0,0,0
General,General1,Ability,"Abyssal Ward",280785,"This spell belongs to Cultist    Coalesce an Abyssal Ward reducing your damage taken by 50% for 10 sec or 5 attacks. For the duration, each attack received will decrease the value by 10%.    Usable while stunned.",10,0,0,0,0,0,0,0
General,General1,Ability,"Aether Counter",911840,"A strike that becomes active after parrying an opponent's attack. This attack deals 32 Spellstrike damage and immobilizes the target for 5 sec.  This uses Counterattack modifiers. Aether Counter cannot be blocked, dodged, or parried.",22,0,0,6,20,0,0,0
General,General1,Ability,"Aether Mangle",939000,"Mangle the target, inflicting Spellstrike damage and causing the target to take 30% additional damage from bleeds for 1 min.   Does not stack with other similar effects.  This ability can be used in Cat Form or Dire Bear Form. This uses Mangle modifiers.",36,0,0,0,0,0,0,0
General,General1,Ability,"Aether Rake",904120,"Rake the target for 7 Spellstrike damage and an additional 65 Spellstrike damage over 9 sec. Awards 1 combo point.    This uses Rake modifiers.",18,0,0,0,0,0,0,0
General,General1,Ability,"Aether Revenge",910880,"Instantly counterattack an enemy for 58 to 70 Spellstrike damage. Arcane Vengeance is only usable after the warrior blocks, dodges or parries an attack.  This uses Revenge modifiers.",12,0,0,3,10,0,0,0
General,General1,Ability,"Aether Rupture",904960,"Finishing move that causes Spellstrike damage over time. Lasts longer per combo point:     1 point  : 40 Spellstrike damage over 8 sec     2 points: 61 Spellstrike damage over 10 sec     3 points: 87 Spellstrike damage over 12 sec     4 points: 117 Spellstrike damage over 14 sec     5 points: 153 Spellstrike damage over 16 sec    This uses Rupture modifiers.",20,0,0,0,0,0,0,0
General,General1,Ability,"Aether Sever",913297,"A vicious strike that deals 65% weapon damage as Spellstrike plus 36 and wounds the target, reducing the effectiveness of any healing by 50% for 10 sec.  This uses Mortal Strike modifiers. Does not stack with other similar effects.",30,0,0,26,28,0,0,0
General,General1,Ability,"Aether Siphon",913242,"A deadly attack that deals 50% weapon damage as Spellstrike plus 11 and heals you for 5% of your maximum health for each of your diseases on the target.  This uses Death Strike modifiers.",14,0,0,28,12,0,0,0
General,General1,Ability,"Aether Smash",907380,"Blasts nearby enemies dealing 10 Spellstrike damage and increasing the time between their attacks by 10% for 10 sec. This ability causes additional threat.    This uses Thunder Clap modifiers.",1,0,0,0,0,0,0,0
General,General1,Ability,"Aether Spree",913465,"Step through the shadows from enemy to enemy within 10 yards, attacking an enemy for 85% weapon damage as Spellstrike every 0.5 sec with both weapons until 5 assaults are made. Can hit the same target multiple times. Cannot hit invisible or stealthed targets.  This uses Killing Spree modifiers.",40,0,0,40,38,0,0,0
General,General1,Ability,"Aether Strike",903000,"An instant arcane-infused strike that causes 3 Spellstrike damage in addition to 65% of your normal weapon damage (55% if a two-handed weapon is equipped). Awards 1 combo point.    This uses Sinister Strike modifiers.",1,0,0,0,0,0,0,0
General,General1,Ability,"Aetherpierce",913402,"Pierce the target, causing 100% weapon damage as Spellstrike plus 7 to the target. Must be behind the target. Requires a dagger in the main hand. Awards 1 combo point.  This uses Backstab modifiers.",1,0,0,0,0,0,0,0
General,General1,Ability,"Aethershred",904240,"Shred the target, causing 145% weapon damage plus 15 as Spellstrike damage to the target. Must be behind the target. Awards 1 combo point. Effects which increase bleed damage also increase Aethershred damage.    This uses Shred modifiers.",10,0,0,0,0,0,0,0
General,General1,Ability,"Aethersinger Shot",910760,"You attempt to finish the wounded target off, firing a ranged attack dealing 150% weapon damage plus 48 Spellstrike damage. Aethersinger Shot can only be used on enemies that have 20% or less health.  This uses Kill Shot modifiers.",32,0,0,9,30,0,0,0
General,General1,Ability,"Air Strike",289365,"This spell belongs to Tinker    Mark the target location for an Air Strike. After 7 sec, it deals 221 Fire damage to enemies caught within the blast.    This ability always critically strikes.",40,0,0,0,0,0,0,0
General,General1,Ability,"Align",276343,"Heals your target for 77 and applies Aligned for 8 sec. Aligning Time-bound allies causes additional Temporal Distortion.    Casting Align consumes 10 energy, if Temporal Distortion or Eternity is known.    Align can trigger Missile Barrage.    This uses Moonfire modifiers.",10,0,0,0,0,0,0,0
General,General1,Ability,"Amphibimorph",280140,"This spell belongs to Witch Doctor    Transform enemies at target location into a frog, making them unable to attack or cast spells, and slowing their movement speed by 25% for 40 sec. While transformed into a frog the enemy is considered a Beast.    Damage caused may interrupt the effect.",10,0,0,0,0,0,0,0
General,General1,Ability,"Ancient Curse",289120,"This spell belongs to Cultist    Curse an enemy, dealing 140 Shadow damage and increasing all Shadow damage they take from you by 10% for 10 sec.",25,0,0,0,0,0,0,0
General,General1,Ability,"Ancient of Lore",281260,"This spell belongs to Primalist    Funnel nature's energies into yourself, transforming into an Ancient of Lore for 20 sec.    While active, your stats are increased by 10% and nearby party members have their costs reduced by 30%.    While transformed, your movement speed is reduced by 50%.    Applies |CffffffffAncient Weariness|r to nearby party members, preventing them from benefiting from another Ancient form for 10 min.",40,0,0,0,0,0,0,0
General,General1,Ability,"Ancient of War",281261,"This spell belongs to Primalist    Funnel nature's fury into yourself, transforming into an Ancient of War for 20 sec.    While active, nearby party members have their critical strike chance increased by 20%.    While transformed, your movement speed is reduced by 50%.    Applies |CffffffffAncient Weariness|r to nearby party members, preventing them from benefiting from another Ancient form for 10 min.",40,0,0,0,0,0,0,0
General,General1,Ability,"Apotheosis",280365,"This spell belongs to Bloodmage    Enter a blood trance for 10 sec, healing for 100% of all damage dealt.    While active, you suffer 10% of your maximum health as damage every sec.",10,0,0,0,0,0,0,0
General,General1,Ability,"Arcane Bullet",904720,"An aimed shot that deals 100% weapon damage plus 12 as Spellstrike damage and reduces healing done to that target by 50%. Lasts 10 sec.   Does not stack with other similar effects.  This uses Aimed Shot modifiers.",16,0,0,0,0,0,0,0
General,General1,Ability,"Arcane Execution",913110,"Attempt to finish off a wounded foe, causing 65% of 65 Spellstrike damage and converting each extra point of rage into 65% of 2 additional Spellstrike damage (up to a maximum cost of 30 rage). Only usable on enemies that have less than 20% health.  This uses Execute modifiers.",16,0,0,4,14,0,0,0
General,General1,Ability,"Arcane Finish",904840,"Finishing move that causes Spellstrike damage per combo point:     1 point  : 5-7 Spellstrike damage     2 points: 9-11 Spellstrike damage     3 points: 14-16 Spellstrike damage     4 points: 19-21 Spellstrike damage     5 points: 24-26 Spellstrike damage    This uses Eviscerate modifiers.",1,0,0,0,0,0,0,0
General,General1,Ability,"Arcane Slam",903100,"Slams the opponent with arcane force, causing 65% weapon damage plus 6 Spellstrike damage.    This uses Slam modifiers.",1,0,0,0,0,0,0,0
General,General1,Ability,"Arcane Slash",907140,"A strong attack that increases melee damage by 11 as Spellstrike damage and causes a high amount of threat.    This uses Heroic Strike modifiers.",1,0,0,0,0,0,0,0
General,General1,Ability,"Arcane Swipe (Bear)",912081,"Swipe nearby enemies, inflicting 12 Spellstrike damage plus 1 Spellstrike damage.  This uses Swipe modifiers.",1,0,0,4,0,0,0,0
General,General1,Ability,"Arcane Swipe (Cat)",912080,"Swipe nearby enemies, inflicting 90% weapon damage as Spellstrike.  This uses Swipe modifiers.",1,0,0,4,4,0,0,0
General,General1,Ability,"Arcanist's Explosion",284697,"Causes an explosion of arcane magic around the caster, causing 68 Arcane damage to all targets within 15 yards.    This uses Arcane Explosion modifiers.",12,0,0,0,0,0,0,0
General,General1,Ability,"Arctis",276743,"Unleash frostfire that deals 110 Frostfire damage and an additional 41 Frostfire damage over 12 seconds.    This uses Pyroblast modifiers.",16,0,0,0,0,0,0,0
General,General1,Ability,"Arrow of the Goddess",280640,"This spell belongs to Starcaller    Fire a star-infused arrow in a line, dealing 250% Ranged Weapon Damage as Arcane to enemies struck.",25,0,0,0,0,0,0,0
General,General1,Ability,"Arrows of Fire",281674,"Your ranged attacks also fire Arrows of Fire and consume 2% of your maximum mana.    Arrows of Fire Deals 4 Fire damage every second for 5 sec. Stacks up to 5.",10,0,0,0,0,0,0,0
General,General1,Ability,"Arrows of Frost",281667,"Your ranged attacks now shoot Arrows of Frost and consume 2% of your maximum mana.    Arrows of Frost Deals 6 Frost damage and slows enemy movement speed by 6%. Stacks up to 5 and lasts 4 sec.",10,0,0,0,0,0,0,0
General,General1,Ability,"Arterial Bind",280850,"This spell belongs to Bloodmage    Place a pool of blood on the ground beneath enemies and allies, healing allies for 100 every 1 sec and silencing all enemies for 4 sec.",25,0,0,0,0,0,0,0
General,General1,Ability,"Astral Flare",274977,"Deals 90 to 110 Spellfire damage to the target.    This uses Starfire modifiers.",20,0,0,0,0,0,0,0
General,General1,Ability,"Astral Plasma",274986,"Deals 147 to 177 Spellfire damage to the target.    This uses Starsurge modifiers.",28,0,0,0,0,0,0,0
General,General1,Ability,"Astral Reconstitution",280225,"This spell belongs to Starcaller    Surround yourself with lunar light, causing 30% of damage taken to be converted into mana. Holds 5 charges. Lasts 20 sec.",25,0,0,0,0,0,0,0
General,General1,Ability,"Astral Storm",271626,"You call down spiritual ancestors, dealing 569 to 650 Spellstorm damage to the target. Castable while moving.    This uses Thunderstorm modifiers.",40,0,0,0,0,0,0,0
General,General1,Ability,"Atal'ai Totem",282905,"Summons an Atal'ai Totem with 5 health at your feet for 1.25 min that repeatedly attacks an enemy within 20 yards, dealing 11 to 14 Nature damage.    This ability is usable while shapeshifted.  This uses Searing Totem modifiers and benefits from the Call of Flame talent.",10,0,0,0,0,0,0,0
General,General1,Ability,"Backtrack",280080,"This spell belongs to Chronomancer    Marks an enemy's location, yanking them back to the location after 3.50 sec.",24,0,0,0,0,0,0,0
General,General1,Ability,"Battle Charge",270697,"Battle charge the enemy, dealing 70% weapon damage and generating 9 rage.    This ability is usable while shapeshifted.    This uses Charge modifiers. Usable in melee range.",10,0,0,0,0,0,0,0
General,General1,Ability,"Beacon of Shadow",276960,"Requires  Path of Healing  Dealing damage with Mind Flay or healing another target with Shadow Mend now triggers a 211 heal on your Beacon of Shadow ally.    Only one target can be the Beacon of Shadow at a time. Cannot be cast on self. Lasts 30 min.",40,0,0,0,0,0,0,0
General,General1,Ability,"Beacon of Virtue",277680,"Applies Beacon of Virtue to your target and 4 injured allies within 60 yds for 10 sec.    While active, your Holy heals with a cast time will also heal those affected by your Beacon of Virtue for 25% of the original amount    This has reduced global cooldown.",30,0,0,0,0,0,0,0
General,General1,Ability,"Beam of Hatred",278000,"Deals 50 Shadowflame damage every 0.5 sec over 5 sec.    Casting Soul Fire reduces its cooldown by 3 second.",28,0,0,0,0,0,0,0
General,General1,Ability,"Big Game Shot",284517,"Fires an opening shot dealing 263% weapon damage plus 2. Only usable on enemies above 80% health.    Big Game Shot increases the damage of your next Hunter Trap by 100%.    Scales with Aimed Shot modifiers.",16,0,0,0,0,0,0,0
General,General1,Ability,"Black Widow Strike",286387,"A poisonous strike increasing all damage done by you to the target by 6% and dealing 39 Physical damage and an additional 7 Plague damage every 3 seconds for 15 sec.     This uses Black Arrow modifiers.",36,0,0,0,0,0,0,0
General,General1,Ability,"Blades of Flame",913432,"Instantly Whirlwind up to 4 nearby targets for 65% weapon damage as Firestrike and for the next 6 sec you will perform a whirlwind attack every 1 sec. While under the effects of Blades of Flame, you can move but cannot perform any other abilities and you cannot be stopped unless disarmed or killed.  This uses Bladestorm modifiers.",40,0,0,40,38,0,0,0
General,General1,Ability,"Blades of Frost",913435,"Instantly Whirlwind up to 4 nearby targets for 65% weapon damage as Froststrike and for the next 6 sec you will perform a whirlwind attack every 1 sec. While under the effects of Blades of Frost, you can move but cannot perform any other abilities and you cannot be stopped unless disarmed or killed.  This uses Bladestorm modifiers.",40,0,0,40,38,0,0,0
General,General1,Ability,"Blades of Light",913444,"Instantly Whirlwind up to 4 nearby targets for 65% weapon damage as Holystrike and for the next 6 sec you will perform a whirlwind attack every 1 sec. While under the effects of Blades of Light, you can move but cannot perform any other abilities and you cannot be stopped unless disarmed or killed.  This uses Bladestorm modifiers.",40,0,0,40,38,0,0,0
General,General1,Ability,"Blades of Lightning",913438,"Instantly Whirlwind up to 4 nearby targets for 65% weapon damage as Stormstrike and for the next 6 sec you will perform a whirlwind attack every 1 sec. While under the effects of Blades of Lightning, you can move but cannot perform any other abilities and you cannot be stopped unless disarmed or killed.  This uses Bladestorm modifiers.",40,0,0,40,38,0,0,0
General,General1,Ability,"Blades of Magic",913447,"Instantly Whirlwind up to 4 nearby targets for 65% weapon damage as Spellstrike and for the next 6 sec you will perform a whirlwind attack every 1 sec. While under the effects of Blades of Magic, you can move but cannot perform any other abilities and you cannot be stopped unless disarmed or killed.  This uses Bladestorm modifiers.",40,0,0,40,38,0,0,0
General,General1,Ability,"Blades of Shadow",913441,"Instantly Whirlwind up to 4 nearby targets for 65% weapon damage as Shadowstrike and for the next 6 sec you will perform a whirlwind attack every 1 sec. While under the effects of Blades of Shadow, you can move but cannot perform any other abilities and you cannot be stopped unless disarmed or killed.  This uses Bladestorm modifiers.",40,0,0,40,38,0,0,0
General,General1,Ability,"Blazing Barrier",283392,"Instantly shields you, absorbing 347 damage and making you immune to pushback. Lasts 20 sec. If the shield breaks, a Blast Nova slows enemies for 3 sec.",40,0,0,0,0,0,0,0
General,General1,Ability,"Blazing Bloodstrike",913120,"Instantly strike the enemy, causing 25% weapon damage as Firestrike plus 8, total damage increased by 12.5% for each of your diseases on the target.  This uses Blood Strike modifiers.",1,0,0,0,0,0,0,0
General,General1,Ability,"Blazing Finish",904900,"Finishing move that causes Firestrike damage per combo point:     1 point  : 5-7 Firestrike damage     2 points: 9-11 Firestrike damage     3 points: 14-16 Firestrike damage     4 points: 19-21 Firestrike damage     5 points: 24-26 Firestrike damage    This uses Eviscerate modifiers.",1,0,0,0,0,0,0,0
General,General1,Ability,"Blazing Flourish",280925,"This spell belongs to Witch Hunter    Perform an advanced flourish every 4 sec for 20 sec, dealing 81 Fire damage to nearby enemies.",10,0,0,0,0,0,0,0
General,General1,Ability,"Blazing Multi-Shot",910540,"Fires several missiles, hitting 3 targets for 65% weapon damage as Firestrike.  This uses Multi-Shot modifiers.",18,0,0,5,16,0,0,0
General,General1,Ability,"Blazing Shield Slam",910900,"Slam the target with your shield, causing 191 to 199 Firestrike damage, modified by your shield block value, and dispels 1 magic effect on the target. Causes a high amount of threat.  This uses Shield Slam modifiers.",40,0,0,11,38,0,0,0
General,General1,Ability,"Blind Revenge",276394,"A finishing move that deals damage to the target and two additional enemies.        1 point  : 11-17 damage     2 points: 20-26 damage     3 points: 28-34 damage     4 points: 36-42 damage     5 points: 44-50 damage    This uses Revenge modifiers.",12,0,0,0,0,0,0,0
General,General1,Ability,"Blood Arrow",276810,"A magical attack that deals 100% ranged weapon damage as Shadow and deals 10 damage every 1 sec and heals you for 10% of the damage for 5 sec.    This uses Drain Life modifiers.",10,0,0,0,0,0,0,0
General,General1,Ability,"Bloom",273348,"Heals all allies within 40 yards affected by your Seed of Life, consuming Seed of Life in the process.",10,0,0,0,0,0,0,0
General,General1,Ability,"Blooming Shot",276884,"Launches a blooming shot that deals 10 Spellstorm damage to enemies, heals 5 allies for 9.    Requires 20 sec seconds to fully bloom another shot after firing, which increases its healing and damage by 400% and reduces its mana cost by 40%. Casting Hunter Shot reduces this time by 4 sec.     This uses Arcane Shot modifiers.",10,0,0,0,0,0,0,0
General,General1,Ability,"Blurred Blade",277020,"Requires  Duelist's Glove  A Duelist's Glove is an off-hand item that enables Swashbuckling. It is granted whenever you learn a talent or ability that requires it. Requires a one-handed weapon and does not work while shapeshifted.    While active, your parries cause an immediate follow-up attack.    Finishing move that increases melee attack speed by 10% and decreases all damage taken by 4%. Lasts longer per combo point:     1 point  : 9 seconds     2 points: 12 seconds     3 points: 15 seconds     4 points: 18 seconds     5 points: 21 seconds    Uses Slice and Dice modifiers.",10,0,0,0,0,0,0,0
General,General1,Ability,"Boltripper",904100,"Finishing move that causes Stormstrike damage over time.  Damage increases per combo point:     1 point  : 16 Stormstrike damage over 12 sec     2 points: 26 Stormstrike damage over 12 sec     3 points: 36 Stormstrike damage over 12 sec     4 points: 46 Stormstrike damage over 12 sec     5 points: 56 Stormstrike damage over 12 sec    This uses Rip modifiers.",1,0,0,0,0,0,0,0
General,General1,Ability,"Boltsinger Shot",910700,"You attempt to finish the wounded target off, firing a ranged attack dealing 150% weapon damage plus 48 Stormstrike damage. Boltsinger Shot can only be used on enemies that have 20% or less health.  This uses Kill Shot modifiers.",32,0,0,9,30,0,0,0
General,General1,Ability,"Bomb Toss",281270,"This spell belongs to Tinker    Lob a bomb at an enemy, dealing 46 Fire damage and reducing their armor by 5% for 15 sec, stacking 4 times.",10,0,0,0,0,0,0,0
General,General1,Ability,"Bonds of Justice",280100,"This spell belongs to Starcaller  Send forth bonds of justice to an enemy, tethering them to you for 8 sec.  If the tether is broken through expiration or the target runs at least 10 yds from you, they are gripped back towards you, taking 33 Arcane damage.",25,0,0,0,0,0,0,0
General,General1,Ability,"Bone Arrow",284879,"Fire a bone arrow that deals 38 Physical damage and causes the target to bleed for 13 damage every 3 seconds with a chance to trigger your Rapid Killing talent. Lasts for 21 sec.    Max 2 charges. 30 second recharge timer. Hunter ranged and melee ability casts have a chance to restore a charge.    Rapid Killing can only trigger this way once every 6 sec.",10,0,0,0,0,0,0,0
General,General1,Ability,"Bone Spear",284890,"Throw a Bone Spear that pierces through armor and resistances, dealing 13 Shadow damage and an additional 15 damage every 3 over 9 seconds.",10,0,0,0,0,0,0,0
General,General1,Ability,"Bone Toss",284920,"Throw a bone that bounces to 2 nearby enemies, dealing 14 Shadow damage. This ability causes high threat.",10,0,0,0,0,0,0,0
General,General1,Ability,"Boulder Dash",281160,"This spell belongs to Primalist    Raise a boulder out of the ground and encase yourself within it, preventing you from attacking or casting spells.  For 10 sec, you roll forward at 70% increased movement speed, dealing 8 Physical damage to enemies you roll over, and you are immune to crowd control effects.",10,0,0,0,0,0,0,0
General,General1,Ability,"Breath of Neltharion",280595,"This spell belongs to Pyromancer    Breathe superheated flames in a cone in front of you, melting the weapons of affected enemies and disarming their melee and ranged weapons for 6 sec.",25,0,0,0,0,0,0,0
General,General1,Ability,"Breath of Sindragosa",288819,"Targets in a cone in front of the caster take 362 Frost damage every second for 5 seconds.    Castable while moving but reduces your movement speed by 70%.",60,0,0,0,0,0,0,0
General,General1,Ability,"Brilliant Bloodstrike",913168,"Instantly strike the enemy, causing 25% weapon damage as Holystrike plus 8, total damage increased by 12.5% for each of your diseases on the target.  This uses Blood Strike modifiers.",1,0,0,0,0,0,0,0
General,General1,Ability,"Brilliant Slam",907906,"Slams the opponent with holy force, causing 65% weapon damage plus 6 Holystrike damage.    This uses Slam modifiers.",1,0,0,0,0,0,0,0
General,General1,Ability,"Build: Firepot Drone",289190,"This spell belongs to Tinker    3 Charges, 10 sec recharge  Build a Firepot Drone that flies towards your target, dropping a bomb along its path and exploding upon landing, dealing 12 Fire damage in a 5 yd radius, leaving oil on the ground for 6 sec that slows enemies within by 30%.",10,0,0,0,0,0,0,0
General,General1,Ability,"Build: Noise Box",280310,"This spell belongs to Tinker    Build a Noise Box for 15 sec that periodically unleashes screeching noise on nearby enemies, interrupting spellcasts and preventing spells of that school from being cast for 3 sec.",10,0,0,0,0,0,0,0
General,General1,Ability,"Build: Oil-Spill Pylon",289010,"This spell belongs to Tinker    Build an Oil-Spill Pylon at target location for 10 sec, spilling oil in an 8 yd radius that reduces enemies movement speed by 60% and increases their Fire damage taken by you by 5%.",25,0,0,0,0,0,0,0
General,General1,Ability,"Build: Repulsion Unit",280300,"This spell belongs to Tinker    Build a Repulsion Unit that periodically knocks back enemies within 6 yds every 5 sec for 20 sec.",10,0,0,0,0,0,0,0
General,General1,Ability,"Build: Spider Bomb Factory",289200,"This spell belongs to Tinker    Build a Spider Bomb Factory in front of you for 20 sec.    For the duration, using damaging spells and abilities will summon 2 Spider Bombs that immediately run towards your target and detonate, dealing Fire damage.    This can not occur more than once every 4 seconds.",40,0,0,0,0,0,0,0
General,General1,Ability,"Build: Spider Bomb",289180,"This spell belongs to Tinker    Build a Spider Bomb that will immediately run towards your target and detonate, dealing 63 Fire damage in an 8 yd radius.",10,0,0,0,0,0,0,0
General,General1,Ability,"Bulwark",275166,"Raise a mighty bulwark for 6 sec, granting 60% block chance and causing you to deal Physical damage to enemies in front of you every second, modified by your shield block value. Movement speed reduced by 25%.  Bulwark's damage scales from Shield Slam modifiers.",10,0,0,0,0,0,0,0
General,General1,Ability,"Burning Execution",913060,"Attempt to finish off a wounded foe, causing 65% of 65 Firestrike damage and converting each extra point of rage into 65% of 2 additional Firestrike damage (up to a maximum cost of 30 rage). Only usable on enemies that have less than 20% health.  This uses Execute modifiers.",16,0,0,4,14,0,0,0
General,General1,Ability,"Burning Slam",903120,"Slams the opponent with fire force, causing 65% weapon damage plus 6 Firestrike damage.    This uses Slam modifiers.",1,0,0,0,0,0,0,0
General,General1,Ability,"Burst of Thorns",282195,"Thorns emerge from your ally's armor for 15 sec, damaging nearby enemies and granting Thornscale when struck.    This ability is usable while shapeshifted.    Thornscale can only occur once every 8 sec, and the damage effect can only occur once every 1 sec.      Thornscale Increases armor by 22 and increases mana regeneration by 2. Lasts 5 sec.",10,0,0,0,0,0,0,0
General,General1,Ability,"Bushcraft",280984,"This spell belongs to Ranger    Gain the ability to craft Crude Leather from the Leather obtained from Skinning, gives you a chance to find it when Skinning beasts, and increases your Skinning speed.    Allows you to craft items that require Crude Leather.",8,0,0,0,0,0,0,0
General,General1,Ability,"Buy Time",280840,"This spell belongs to Chronomancer    Put all enemies and allies in an 8 yd radius in target area into a stasis, banishing them for 6 sec, making them invulnerable to all effects but unable to move.",30,0,0,0,0,0,0,0
General,General1,Ability,"Call Fungarians",281618,"Summons 3 Fungarians to assault enemies for 30 sec, emitting a Cloud of Rot that suffocates nearby enemies.    Cannot be used while having an active pet.    This uses Force of Nature modifiers.    Cloud of Rot Inflicts 20 Nature damage to nearby enemies every 2 sec for 30 sec.",50,0,0,0,0,0,0,0
General,General1,Ability,"Caltrops",280745,"This spell belongs to Witch Hunter    Throw caltrops over a 5 yd area, lasting for 12 sec.    Enemies that walk over the caltrops suffer 14 Physical damage and 50% reduced movement speed for 2 sec.",25,0,0,0,0,0,0,0
General,General1,Ability,"Carnage Incarnate",276203,"Encases you in blood and bones. Healing you for 18 and dealing 18 to 27 damage to nearby enemies every second.    Lasts for 5 sec. Duration is doubled in Bear Form.    Damage is split among targets hit.",10,0,0,0,0,0,0,0
General,General1,Ability,"Carnage Rend",276204,"Wounds the target causing them to bleed for 9 every 3 over 15 sec.    This uses Rend modifiers.    While wielding a single Two-Handed weapon, this periodic damage can critically strike.",10,0,0,0,0,0,0,0
General,General1,Ability,"Carrion Swarm",282993,"Deals 6 Shadow damage to enemies in a cone in front of you and reduces their healing received by 25% for 10 sec.    This ability is usable while shapeshifted.",10,0,0,0,0,0,0,0
General,General1,Ability,"Cat-a-clysm",274356,"Deals 53 Fire damage to 6 enemies within 8 yards, increasing your Fire damage dealt to them by 20% for 10 sec.",10,0,0,0,0,0,0,0
General,General1,Ability,"Cauterize",280330,"This spell belongs to Pyromancer    Cauterize an ally's wound, removing 1 bleed effect from them.",24,0,0,0,0,0,0,0
General,General1,Ability,"Cauterizing Fire",271205,"Requires  Path of Healing  Hurls a fiery ball that deals 14 to 22 Fire damage and an additional 2 Fire damage over 8 sec to enemies or 23 to 30 Radiant healing and an additional 4 Radiant healing over 8 sec to allies.    This uses Fireball modifiers. Immunity spells prevent this healing, and this effect does not benefit from range-increasing effects.",1,0,0,0,0,0,0,0
General,General1,Ability,"Cavalry Charge",280255,"This spell belongs to Guardian    Increases mounted movement speed of all party and raid members within 40 yds by 50% and makes them immune to movement impairing effects for 10 sec.   Can be used while mounted. Does not stack with other similar effects.",10,0,0,0,0,0,0,0
General,General1,Ability,"Champion of the Sun",280375,"This spell belongs to Sun Cleric    Become a champion of An'she, causing your melee auto attacks to deal an additional 50% of the damage dealt as Holy damage. Lasts 20 sec.",25,0,0,0,0,0,0,0
General,General1,Ability,"Champion's Spear",291180,"Throw a spear at the target location, dealing 150% weapon damage and rooting enemies hit for 4 sec, then dealing 50% weapon damage every second for 8 sec.",40,0,0,0,0,0,0,0
General,General1,Ability,"Chaos Rush",280350,"This spell belongs to Felsworn    2 Charges, 10 sec recharge  Engulf yourself in fel energy and dash forward in the direction you are running.",30,0,0,0,0,0,0,0
General,General1,Ability,"Charred Bite",274359,"Finishing move that deals Firestrike damage per combo point and converts each extra point of energy (up to a maximum of 30 extra energy) into 0.7 additional damage:      1 point  : 13-16 damage      2 points: 21-24 damage      3 points: 30-33 damage      4 points: 38-41 damage      5 points: 47-50 damage    This uses Ferocious Bite modifiers.",10,0,0,0,0,0,0,0
General,General1,Ability,"Chosen of Elune",278075,"Requires  Eclipse (Rank 1)    Reduces the cooldown of Starsurge and Eclipse Blast by 60% for 15 sec and activates both Lunar Eclipse and Solar Eclipse.     This does not incur any cooldown on the Eclipse effects.",35,0,0,0,0,0,0,0
General,General1,Ability,"Cinder Rupture",907020,"Finishing move that causes Firestrike damage over time. Lasts longer per combo point:     1 point  : 40 Firestrike damage over 8 sec     2 points: 61 Firestrike damage over 10 sec     3 points: 87 Firestrike damage over 12 sec     4 points: 117 Firestrike damage over 14 sec     5 points: 153 Firestrike damage over 16 sec    This uses Rupture modifiers.",20,0,0,0,0,0,0,0
General,General1,Ability,"Cinder Strike",903024,"An instant fire-infused strike that causes 3 Firestrike damage in addition to 65% of your normal weapon damage (55% if a two-handed weapon is equipped). Awards 1 combo point.    This uses Sinister Strike modifiers.",1,0,0,0,0,0,0,0
General,General1,Ability,"Circle of Fire",280390,"This spell belongs to Pyromancer    Creates a circle of fire at the target location for 10 sec, dealing 18 Fire damage and incapacitating all enemies inside for 6 sec.    Entering the circle also damages and disorients enemies.",10,0,0,0,0,0,0,0
General,General1,Ability,"Circle of Life",271484,"Create an empowered Halo, forming a potent ring of Holy energy around you that rapidly expands, healing 10 party and raid members within 30 yards for 141 to 163. Heals with greater effect the closer the target is.     This uses Halo modifiers.",36,0,0,0,0,0,0,0
General,General1,Ability,"Circle of Valor",280905,"This spell belongs to Sun Cleric    Place a 10 yd holy circle at target location for 15 sec. Allies that stand inside of it will divert 30% of all damage taken to the caster, and will be healed for 52 every 1.50 sec.    Damage which reduces the caster below 10% maximum health will break the effect.",30,0,0,0,0,0,0,0
General,General1,Ability,"Clasp of Infinity",280385,"This spell belongs to Chronomancer    Conjure a magical binding upon an enemy that bounces to nearby enemies, rooting them in place for 4 sec.",10,0,0,0,0,0,0,0
General,General1,Ability,"Cleric's Light",285309,"Emits sanctified light in all directions, healing 5 allies within 30 yards for 27.  Does not heal self.",36,0,0,0,0,0,0,0
General,General1,Ability,"Cold Sever",913261,"A vicious strike that deals 65% weapon damage as Froststrike plus 36 and wounds the target, reducing the effectiveness of any healing by 50% for 10 sec.  This uses Mortal Strike modifiers. Does not stack with other similar effects.",30,0,0,26,28,0,0,0
General,General1,Ability,"Compound Shot",275320,"Finishing move that reduces healing done to that target by 40% for 6 seconds and deals ranged weapon damage:     1 point  : 115% weapon damage plus 31     2 points: 155% weapon damage plus 35     3 points: 195% weapon damage plus 39     4 points: 235% weapon damage plus 43     5 points: 275% weapon damage plus 47    This ability can be recast within 6 seconds to fire a Combo Shot.      Combo Shot 60 Energy Combo Shot harnesses the damage dealt by your Compound Shot to pierce through enemies causing them to bleed over 15 seconds.  This uses Aimed Shot modifiers.",20,0,0,0,0,0,0,0
General,General1,Ability,"Conduit",278408,"Consume your Lightning Shield to create a charged zone around you, dealing 20 Nature damage every 1 sec. Lasts 2 sec plus one second for every Lightning Shield charge consumed.    This uses Lightning Shield modifiers. Usable in Bear Form. This does not trigger any other effects.",10,0,0,0,0,0,0,0
General,General1,Ability,"Consecrated Weapon",200809,"Imbue your weapon with holy, increasing Holy Spell power by 11 and your attack power by 19 Each auto attack and melee ability causes 5.3 to 16.4 additional Holy damage, based on the speed of the weapon. Slower weapons cause more Holy damage per swing. This effect lasts for 1 hour.",15,0,0,0,0,0,0,0
General,General1,Ability,"Controlled Blast",283714,"A wave of flame radiates outward from the caster, damaging all enemies caught within the blast for 177 to 214 Fire damage and dazing them for 10 sec.    This uses Blast Wave modifiers.",30,0,0,0,0,0,0,0
General,General1,Ability,"Corrupt Mind",289473,"This spell belongs to Cultist    Corrupt the mind of an enemy and spread madness, fearing them in place for 40 sec (8 sec vs players), bouncing to up to 2 nearby enemies and applying Mind Rot to them.    Damage dealt may end this effect.   Mind Rot Increases the chance for spells to hit this target by 3%. If dispelled, the caster gains 30% spell critical strike chance for 5 sec.",10,0,0,0,0,0,0,0
General,General1,Ability,"Cremation",278067,"Consumes Fireball, Pyroblast, Living Bomb, or Searing Brand, dealing seven times the total remaining periodic damage and an additional 35 to 37 Fire damage over 10 seconds.    Can only consume the spells specified above.",10,0,0,0,0,0,0,0
General,General1,Ability,"Crippling Shot",289325,"This spell belongs to Ranger    Fire a crippling shot at an enemy slowing movement speed by 50% and knocking them off their mounts, making them unable to mount again for 5 sec.",10,0,0,0,0,0,0,0
General,General1,Ability,"Crusade Against all Evil",278410,"Force the ground to shatter in holy energy in a line in front of you, dealing 2 Holy damage every 1 sec for 4 sec.    Applies Sunder Armor to all targets hit.      Sunder Armor Sunders the target's armor, reducing it by 4%. Stacks up to 5 times and lasts for 30 sec. Does not stack with other similar effects.",20,0,0,0,0,0,0,0
General,General1,Ability,"Crusader's Hammer",286212,"Slams the ground with a holy hammer, stunning all enemies within 20 yards for 4 sec.  Uses Hammer of Justice modifiers.",10,0,0,0,0,0,0,0
General,General1,Ability,"Crushing Dissonance",280105,"This spell belongs to Cultist    Unleash a wave of maddening resonance, interrupting the current spell cast of all enemies around you and preventing any spell in that school from being cast for 2 sec.",10,0,0,0,0,0,0,0
General,General1,Ability,"Curse of the Swamp Witch",285641,"Deals 117 Plague damage every 2 sec and slows the target's movement speed by 35% for 10 sec.  This uses Curse of Exhaustion modifiers.",36,0,0,0,0,0,0,0
General,General1,Ability,"Cursed Effigy",280915,"This spell belongs to Witch Doctor    Drop a Cursed Effigy near you for 15 sec.    Enemies within 15 yds are unable to critically strike.",25,0,0,0,0,0,0,0
General,General1,Ability,"Daring Escape",289263,"This spell belongs to Witch Hunter    Jump backwards, causing all ranged attacks to miss you for 2 sec.",25,0,0,0,0,0,0,0
General,General1,Ability,"Dark Domination",285158,"Increases the damage of your Demon Pet by 30% and Wild Imps by 15% and causes them to regenerate 100 mana and 100 health every 2 seconds for 15 sec.    This uses Fel Domination modifiers.",30,0,0,0,0,0,0,0
General,General1,Ability,"Dark Iron Land Mine",282942,"Places a Dark Iron Land Mine on the ground. The next hostile creature to pass near the mine causes it to explode. Mines are unstable and only last 30 sec.       Detonation Deals 59 to 66 Fire damage to nearby enemies, and knocks them up.",34,0,0,0,0,0,0,0
General,General1,Ability,"Dark Tonic",289270,"This spell belongs to Witch Hunter    Drink a dark tonic, healing you for 124, scaling with your Stamina, and increasing your maximum health by 15% for 15 sec.    Shares a cooldown with other Tonics.",20,0,0,0,0,0,0,0
General,General1,Ability,"Dark Transfusion",274210,"Requires  Path of Healing  Restores 10 energy and awards 1 combo point if an enemy is within 30 yards.    Causes an explosion of holy light, dealing 47 Holy damage to enemies within 10 yards and healing up to 6 allies within 30 yards for 68.    Max 3 charges. 10 second recharge timer.    This uses Holy Nova modifiers.",14,0,0,0,0,0,0,0
General,General1,Ability,"Dawn Counter",911820,"A strike that becomes active after parrying an opponent's attack. This attack deals 32 Holystrike damage and immobilizes the target for 5 sec.  This uses Counterattack modifiers. Dawn Counter cannot be blocked, dodged, or parried.",22,0,0,6,20,0,0,0
General,General1,Ability,"Dawn Mangle",939120,"Mangle the target, inflicting Holystrike damage and causing the target to take 30% additional damage from bleeds for 1 min.   Does not stack with other similar effects.  This ability can be used in Cat Form or Dire Bear Form. This uses Mangle modifiers.",36,0,0,0,0,0,0,0
General,General1,Ability,"Dawn Rake",904160,"Rake the target for 7 Holystrike damage and an additional 65 Holystrike damage over 9 sec. Awards 1 combo point.    This uses Rake modifiers.",18,0,0,0,0,0,0,0
General,General1,Ability,"Dawn Revenge",910860,"Instantly counterattack an enemy for 58 to 70 Holystrike damage. Righteous Vengeance is only usable after the warrior blocks, dodges or parries an attack.  This uses Revenge modifiers.",12,0,0,3,10,0,0,0
General,General1,Ability,"Dawn Rupture",907000,"Finishing move that causes Holystrike damage over time. Lasts longer per combo point:     1 point  : 40 Holystrike damage over 8 sec     2 points: 61 Holystrike damage over 10 sec     3 points: 87 Holystrike damage over 12 sec     4 points: 117 Holystrike damage over 14 sec     5 points: 153 Holystrike damage over 16 sec    This uses Rupture modifiers.",20,0,0,0,0,0,0,0
General,General1,Ability,"Dawn Sever",913288,"A vicious strike that deals 65% weapon damage as Holystrike plus 36 and wounds the target, reducing the effectiveness of any healing by 50% for 10 sec.  This uses Mortal Strike modifiers. Does not stack with other similar effects.",30,0,0,26,28,0,0,0
General,General1,Ability,"Dawn Smash",907420,"Blasts nearby enemies dealing 10 Holystrike damage and increasing the time between their attacks by 10% for 10 sec. This ability causes additional threat.    This uses Thunder Clap modifiers.",1,0,0,0,0,0,0,0
General,General1,Ability,"Dawn Spike",913330,"An instant strike that deals 65% weapon damage as Holystrike and applies Hemorrhage, increasing Physical damage taken by up to 9. Lasts 10 charges or 15 sec. Awards 1 combo point.  Deals 114% weapon damage as Holystrike if a dagger is equipped and 55% if a two-hander is equipped.  This uses Hemorrhage modifiers.",22,0,0,22,20,0,0,0
General,General1,Ability,"Dawn Spree",913462,"Step through the shadows from enemy to enemy within 10 yards, attacking an enemy for 85% weapon damage as Holystrike every 0.5 sec with both weapons until 5 assaults are made. Can hit the same target multiple times. Cannot hit invisible or stealthed targets.  This uses Killing Spree modifiers.",40,0,0,40,38,0,0,0
General,General1,Ability,"Dawn Strike",907894,"An instant holy-infused strike that causes 3 Holystrike damage in addition to 65% of your normal weapon damage (55% if a two-handed weapon is equipped). Awards 1 combo point.    This uses Sinister Strike modifiers.",1,0,0,0,0,0,0,0
General,General1,Ability,"Dawnchaser",907660,"Instantly strike the enemy, causing 65% weapon damage as Holystrike damage. Only usable after the target dodges. Dawnchaser cannot be blocked, dodged, or parried.    This uses Overpower modifiers.",10,0,0,0,0,0,0,0
General,General1,Ability,"Dawnfang Bite",913502,"Finishing move that deals Holy damage per combo point and converts each extra point of energy (up to a maximum of 30 extra energy) into 0.7 additional damage:      1 point  : 13-16 damage      2 points: 21-24 damage      3 points: 30-33 damage      4 points: 38-41 damage      5 points: 47-50 damage    This uses Ferocious Bite modifiers.",10,0,0,0,0,0,0,0
General,General1,Ability,"Dawning Riposte",910500,"A strike that becomes active after parrying an opponent's attack. This attack deals 100% weapon damage as Holystrike and slows their melee attack speed by 20% for 30 sec. Awards 1 combo point.  This uses Riposte modifiers.",16,0,0,4,14,0,0,0
General,General1,Ability,"Dawnpierce",913390,"Pierce the target, causing 100% weapon damage as Holystrike plus 7 to the target. Must be behind the target. Requires a dagger in the main hand. Awards 1 combo point.  This uses Backstab modifiers.",1,0,0,0,0,0,0,0
General,General1,Ability,"Dawnreaver",903158,"An instant holy strike that causes 50% weapon damage as Holystrike damage.    This uses Crusader Strike modifiers.",1,0,0,0,0,0,0,0
General,General1,Ability,"Dawnripper",904040,"Finishing move that causes Holystrike damage over time.  Damage increases per combo point:     1 point  : 16 Holystrike damage over 12 sec     2 points: 26 Holystrike damage over 12 sec     3 points: 36 Holystrike damage over 12 sec     4 points: 46 Holystrike damage over 12 sec     5 points: 56 Holystrike damage over 12 sec    This uses Rip modifiers.",1,0,0,0,0,0,0,0
General,General1,Ability,"Dawnsinger Shot",910740,"You attempt to finish the wounded target off, firing a ranged attack dealing 150% weapon damage plus 48 Holystrike damage. Dawnsinger Shot can only be used on enemies that have 20% or less health.  This uses Kill Shot modifiers.",32,0,0,9,30,0,0,0
General,General1,Ability,"Dawnthirst",910380,"Instantly attack the target causing 4 Holystrike damage. Each bleed applied by you increases the damage of Dawnthirst by 8%, up to a maximum of 40%. In addition, the next 3 successful melee attacks will restore 1% of max health. This effect lasts 8 sec.  This uses Bloodthirst modifiers.",30,0,0,8,28,0,0,0
General,General1,Ability,"Death Mark",283169,"Instantly awards 5 combo points that are lost if not used or increased after 20 sec.",20,0,0,0,0,0,0,0
General,General1,Ability,"Death Tap",288800,"Sacrifice 10% of your maximum health to convert an available Frost, Unholy, or Blood rune into a Death Rune for 15 seconds.",20,0,0,0,0,0,0,0
General,General1,Ability,"Death's Advance",288817,"Increases movement speed by 35% and grants immunity to root and snare effects for 8 seconds.",30,0,0,0,0,0,0,0
General,General1,Ability,"Death's Due",280360,"This spell belongs to Necromancer    Force a target to accept the reality of death, removing any invulnerability or immunity effects from them and cursing them for 5 sec.    If the target's health is below 20% at the end of the duration, they take 802 Shadowfrost damage.",10,0,0,0,0,0,0,0
General,General1,Ability,"Deathball",289170,"This spell belongs to Tinker    Launch 3 Deathballs in a line, increasing in speed the further they travel.    They explode when they come into contact with an enemy, dealing 487 Fire damage to nearby enemies, increased based on distance traveled.",40,0,0,0,0,0,0,0
General,General1,Ability,"Deconstruct",283344,"Sunders the target's armor, dealing 65% Arcanestrike weapon damage (52% if a two-handed weapon is equipped) plus 4. Grants you Deconstruction for 1 second per stack of Sunder Armor on your target.    This uses Devastate modifiers.    Deconstruction Increases your spell power by 1.",10,0,0,0,0,0,0,0
General,General1,Ability,"Defiance",280010,"This spell belongs to Barbarian    Attempt to defy death, reducing all damage taken by 10% to 40% based on your current missing health for 10 sec.",28,0,0,0,0,0,0,0
General,General1,Ability,"Demonic Mind",283942,"While active, your spell critical strike chance is increased by 5%, but your healing done is reduced by 10%. Dealing direct spell damage now has a chance to reduce the target's healing received by 10%, stacking up to 3 times and lasting for 8 sec.  Cannot be used with bar-changing abilities like Stances or Forms.  Does not stack with other similar effects.",10,0,0,0,0,0,0,0
General,General1,Ability,"Destabilize Time",281110,"This spell belongs to Chronomancer    Reduces enemy casting speed by 10% for 20 sec, increasing by 10% every time they cast.    Gaining stacks does not extend the duration of the spell.",25,0,0,0,0,0,0,0
General,General1,Ability,"Desynchronization",280795,"This spell belongs to Chronomancer    Shift an enemy out of sync with the present, causing their grip to fail, disarming their melee and ranged weapons for 6 sec.    Upon removal, they are resynced, preventing them from regenerating their health for 6 sec.",29,0,0,0,0,0,0,0
General,General1,Ability,"Devil's Ignition",274357,"Deals 87 Fire damage to the target. Awards 2 combo points, and lowers the cooldown of Cat-a-Clysm by 3 sec.    This uses Incinerate modifiers.",18,0,0,0,0,0,0,0
General,General1,Ability,"Devour Mind",285133,"Afflicts a target with a disease that deals 61 Shadow damage every 2 sec and heals you for 15% of the damage done for 5 seconds.    Continuing to channel increases Devour Mind's duration by 2 every 0.50 sec.    This uses Devouring Plague modifiers.",20,0,0,0,0,0,0,0
General,General1,Ability,"Dimensional Divergence",281120,"This spell belongs to Chronomancer    Swap places with a target player.    If they're an enemy, you steal 80% of their movement speed for 3 sec.",20,0,0,0,0,0,0,0
General,General1,Ability,"Disease Cloud",284643,"A cloud of disease surrounds the bearer, dealing 19 Plague damage to enemies within 3 yards every 2 seconds for 12 sec.",10,0,0,0,0,0,0,0
General,General1,Ability,"Disembowel",273872,"Finishing move that disembowels your target, causing damage over time. While bleeding, the target takes extra damage from your Mutilate.     1 point  : 27 damage over 6 sec     2 points: 40 damage over 6 sec     3 points: 54 damage over 6 sec     4 points: 68 damage over 6 sec     5 points: 83 damage over 6 sec    This uses Eviscerate modifiers.",1,0,0,0,0,0,0,0
General,General1,Ability,"Divine Barrage",275465,"Launches several missiles at the enemy target, causing 226 Divine damage.     This uses Arcane Barrage modifiers.",40,0,0,0,0,0,0,0
General,General1,Ability,"Divine Blast",275433,"Blasts the target with energy, dealing 140 Divine damage.     Casting this increases all Arcane damage by 15% and its mana cost by 150%. Stacks up to 4 and lasts 6 sec, removed if you cast another Arcane ability that deals damage.     This uses Arcane Blast modifiers.",18,0,0,0,0,0,0,0
General,General1,Ability,"Divine Charge",280260,"This spell belongs to Templar    You and your party members leap upon a divine steed, increasing their movement speed by 100% and causing them to trample nearby enemies for 66 Holy damage every 0.50 sec for 6 sec.    While active, casting does not dismount you or your allies. Can only be used outdoors.",10,0,0,0,0,0,0,0
General,General1,Ability,"Divine Dash",284937,"Requires  Path of Healing  Dash towards a party or raid member at high speed, granting Divine Renewal to allies in your path.    This uses Intervene modifiers.      Divine Renewal Restore 142 health every 2 sec for 6 sec.",40,0,0,0,0,0,0,0
General,General1,Ability,"Divine Infusion",286266,"Causes a friendly target to grow with divine power, reducing their damage taken by 40% and granting them 60% resistance to enemy dispels for 8 sec. Knocks up players and reduces the movement speed of nearby enemies by 40% for 2 sec.    This uses Pain Suppression modifiers.",50,0,0,0,0,0,0,0
General,General1,Ability,"Divine Missiles",275434,"Launches Divine Missiles at the enemy, causing 21 Divine damage every 1 sec for 3 sec.    This uses Arcane Missiles modifiers.",10,0,0,0,0,0,0,0
General,General1,Ability,"Divine Steed",291021,"Leap atop your Charger for 3 sec, increasing movement speed by 70%. Usable while indoors and in combat.    Divine Steed is removed upon shapeshifting.",20,0,0,0,0,0,0,0
General,General1,Ability,"Downpour",285269,"Releases a burst of healing water, healing 5 allies in the area for 93 Nature healing.",20,0,0,0,0,0,0,0
General,General1,Ability,"Draconic Aspect",280600,"This spell belongs to Pyromancer    Assume a draconic aspect for 30 sec, changing your appearance and increasing spell power by 30% of your Intellect.",20,0,0,0,0,0,0,0
General,General1,Ability,"Dragon Charge",271897,"Run at 100% increased speed until you impact an enemy or for 2 sec. The impact unleashes a cone of fire in front of you dealing 9 Fire damage and slowing enemies by 60% for 3 sec.    Deals 300% more damage when impacting an enemy permanently immune to slows.    This uses Intercept modifiers.",30,0,0,0,0,0,0,0
General,General1,Ability,"Dragon Leap",280545,"This spell belongs to Pyromancer    Leap to a target location and come crashing down, dealing 29 Fire damage to up to 10 nearby enemies.",10,0,0,0,0,0,0,0
General,General1,Ability,"Dragon Roar",271895,"Roar explosively, dealing 161 armor-piercing physical damage to nearby enemies and reducing their movement speed by 60% for 2 sec.    This ability is usable while shapeshifted.",30,0,0,0,0,0,0,0
General,General1,Ability,"Dragonhawk Bite",904520,"Attack the enemy for 11 Holystrike damage.    This uses Mongoose Bite modifiers.",1,0,0,0,0,0,0,0
General,General1,Ability,"Drakhacrisp",277775,"Take flight, continuously breathing fire on everything underneath you for 69 Fire damage.    This uses Dragon's Breath modifiers.",50,0,0,0,0,0,0,0
General,General1,Ability,"Duality of Sin",278555,"Accumulate power in order to transcend into an Angel of Light or an Angel of Death.    Dealing direct Holy damage or periodic Shadow damage with spells has a chance to accumulate the respective power. Upon reaching 42 stacks of either power, the matching Angel form becomes usable.    After using a specific Angel form, you become sated for 2 min.    Angel of Light Devote to the powers of the Divine, your direct Smite and Holy Fire hits now unleash a blast of Holy energy dealing additional 100% damage to targets in line in front of you.    Angel of Death Succumb to the powers of Darkness, your periodic Shadow damage conjures a bolt of Dark Vengeance dealing additional 80% damage.",60,0,0,0,0,0,0,0
General,General1,Ability,"Dusk Mangle",939060,"Mangle the target, inflicting Shadowstrike damage and causing the target to take 30% additional damage from bleeds for 1 min.   Does not stack with other similar effects.  This ability can be used in Cat Form or Dire Bear Form. This uses Mangle modifiers.",36,0,0,0,0,0,0,0
General,General1,Ability,"Dusk Maul",904380,"A strong attack that increases melee damage by 18 as Shadowstrike damage and causes a high amount of threat. Effects which increase bleed effects also increase Maul damage.    This uses Maul modifiers.",1,0,0,0,0,0,0,0
General,General1,Ability,"Dusk Rake",904140,"Rake the target for 7 Shadowstrike damage and an additional 65 Shadowstrike damage over 9 sec. Awards 1 combo point.    This uses Rake modifiers.",18,0,0,0,0,0,0,0
General,General1,Ability,"Dusk Revenge",910840,"Instantly counterattack an enemy for 58 to 70 Shadowstrike damage. Dark Vengeance is only usable after the warrior blocks, dodges or parries an attack.  This uses Revenge modifiers.",12,0,0,3,10,0,0,0
General,General1,Ability,"Dusk Spike",913324,"An instant strike that deals 65% weapon damage as Shadowstrike and applies Hemorrhage, increasing Physical damage taken by up to 9. Lasts 10 charges or 15 sec. Awards 1 combo point.  Deals 114% weapon damage as Shadowstrike if a dagger is equipped and 55% if a two-hander is equipped.  This uses Hemorrhage modifiers.",22,0,0,22,20,0,0,0
General,General1,Ability,"Duskfang Bite",913491,"Finishing move that deals Shadow damage per combo point and converts each extra point of energy (up to a maximum of 30 extra energy) into 0.7 additional damage:      1 point  : 13-16 damage      2 points: 21-24 damage      3 points: 30-33 damage      4 points: 38-41 damage      5 points: 47-50 damage    This uses Ferocious Bite modifiers.",10,0,0,0,0,0,0,0
General,General1,Ability,"Duskreaver",903166,"An instant shadow strike that causes 50% weapon damage as Shadowstrike damage.    This uses Crusader Strike modifiers.",1,0,0,0,0,0,0,0
General,General1,Ability,"Duskripper",904020,"Finishing move that causes Shadowstrike damage over time.  Damage increases per combo point:     1 point  : 16 Shadowstrike damage over 12 sec     2 points: 26 Shadowstrike damage over 12 sec     3 points: 36 Shadowstrike damage over 12 sec     4 points: 46 Shadowstrike damage over 12 sec     5 points: 56 Shadowstrike damage over 12 sec    This uses Rip modifiers.",1,0,0,0,0,0,0,0
General,General1,Ability,"Duskshred",904260,"Shred the target, causing 145% weapon damage plus 15 as Shadowstrike damage to the target. Must be behind the target. Awards 1 combo point. Effects which increase bleed damage also increase Duskshred damage.    This uses Shred modifiers.",10,0,0,0,0,0,0,0
General,General1,Ability,"Duskthirst",910360,"Instantly attack the target causing 4 Shadowstrike damage. Each bleed applied by you increases the damage of Duskthirst by 8%, up to a maximum of 40%. In addition, the next 3 successful melee attacks will restore 1% of max health. This effect lasts 8 sec.  This uses Bloodthirst modifiers.",30,0,0,8,28,0,0,0
General,General1,Ability,"Earth's Embrace",281150,"This spell belongs to Primalist    Encapsulate your body in amber, becoming immune to all Physical attacks and spells for 8 sec, and healing you for 300 every 2 sec, but making you unable to move or act.  Usable while stunned, feared, or polymorphed.",25,0,0,0,0,0,0,0
General,General1,Ability,"Earthborer Acid",284803,"Sprays targets in front of you with acid, dealing 48 Nature damage and dealing an additional 7 Nature damage every 3 seconds. Reduces armor by 5% for 12 sec.    This ability is usable while shapeshifted.    Does not stack with other similar effects.",10,0,0,0,0,0,0,0
General,General1,Ability,"Ebbing Tides Totem",285234,"Requires  Path of Healing Summon an Ebbing Tides Totem with 5 health that increases the healing nearby allies receive from you by 15% every 3 sec. Stacks up to 3 times and lasts for 6 sec.  This ability can be cast while shapeshifted.",20,0,0,0,0,0,0,0
General,General1,Ability,"Eclipse Blast",278045,"Causes 139 to 167 Spellstorm damage to the target.    Deals 5.0% increased damage for each Nature periodic effect during Eclipse (Solar) or Arcane periodic effect during Eclipse (Lunar).    Uses Wrath modifiers.",20,0,0,0,0,0,0,0
General,General1,Ability,"Eclipse Strike",274514,"An instant strike that causes 3 Spellstorm damage in addition to 65% of your normal weapon damage (44% if a Two-Handed weapon is equipped). Awards 1 combo point.    This uses Sinister Strike modifiers.",1,0,0,0,0,0,0,0
General,General1,Ability,"Eldritch Weapon",270033,"Imbues your main-hand weapon with Eldritch Power increasing all threat generated by 30% and causing your melee abilities to trigger a wave of high-threat Arcane damage that restores 2% of your missing mana.    Eldritch Weapon can only trigger this way once every 5 sec and does not stack with other temporary weapon enhancements.",10,0,0,0,0,0,0,0
General,General1,Ability,"Eldritch Wrath",270034,"Release an Eldritch surge, dealing 120 Arcane damage to nearby enemies and reducing their attack power by 2. Does not stack with other similar effects.    This uses Holy Wrath modifiers. Attack power reduction increases with player level.",26,0,0,0,0,0,0,0
General,General1,Ability,"Elemental Immolate",274734,"Finishing move that scorches the target, dealing Elemental damage and additional Elemental damage over 15 sec. Deals increased damage per combo point.     1 point  : 9 damage and 18 over time     2 points: 11 damage and 21 over time     3 points: 12 damage and 24 over time     4 points: 14 damage and 27 over time     5 points: 15 damage and 31 over time    This uses Immolate modifiers.",10,0,0,0,0,0,0,0
General,General1,Ability,"Elune's Presence",280015,"This spell belongs to Starcaller    Gain the blessing of a goddess, granting all party or raid members within 40 yds 20% temporary maximum health for 10 sec.",30,0,0,0,0,0,0,0
General,General1,Ability,"Ember Touch",289415,"This spell belongs to Pyromancer    Warm an ally with everliving flames, healing them for 95, increased by scales with Spirit.",10,0,0,0,0,0,0,0
General,General1,Ability,"Emerald Visage",285951,"Summons a visage of an emerald drake unleashes a poisonous breath on enemies, dealing 10 Nature damage and an additional 5 Nature damage every second for 5 seconds.    This ability is usable while shapeshifted.",10,0,0,0,0,0,0,0
General,General1,Ability,"Endbringer",280685,"This spell belongs to Reaper    For 15 sec, increase all damage you deal against targets bellow 35% health by 30%.",25,0,0,0,0,0,0,0
General,General1,Ability,"Energy Bolt",274732,"Casts a bolt of energy at the target for 12 to 14 Nature damage. Awards 1 combo point.    This uses Lightning Bolt modifiers.",10,0,0,0,0,0,0,0
General,General1,Ability,"Entomb",280060,"This spell belongs to Necromancer    Bury an enemy alive with necrotic energy, banishing them, preventing all actions and making them immune to damage for 4 sec.",10,0,0,0,0,0,0,0
General,General1,Ability,"Entropic Singularity",280790,"This spell belongs to Cultist    Create a void zone for 5 sec at target location that slows enemies' movement speed while inside.    The slow increases in intensity based on how close to the middle of the zone the enemy is.",29,0,0,0,0,0,0,0
General,General1,Ability,"Entropy",277900,"Causes 285 Shadow damage, increases your spell haste and critical strike chance with Shadow spells by 10% for 10 sec. Only usable on enemies that have less than 35% health.",42,0,0,0,0,0,0,0
General,General1,Ability,"Envenomed Weapons",280040,"This spell belongs to Venomancer    Envenoms the weapons of all nearby allies for 30 sec, giving them a 5% chance to launch a jet of poison at their target whenever they deal damage, dealing 4 Nature damage.",30,0,0,0,0,0,0,0
General,General1,Ability,"Ethereal Form",282257,"Physical damage taken is reduced by 5%, threat generation is reduced by 10%, but magic damage taken is increased by 10%.",10,0,0,0,0,0,0,0
General,General1,Ability,"Exorcist's Slash",285566,"Strike the target, dealing 125% Holy weapon damage.    This uses Exorcism modifiers.",30,0,0,0,0,0,0,0
General,General1,Ability,"Explosive Charges",274473,"While active, this toggled ability causes your Lava Lash to plant an Explosive Charge on your target that detonates after 3 sec, dealing -111 Fire damage to the target and nearby enemies.    This uses Explosive Shot modifiers.",60,0,0,0,0,0,0,0
General,General1,Ability,"Extraction",280720,"This spell belongs to Venomancer    Increase all stats by 15% for 15 sec.",25,0,0,0,0,0,0,0
General,General1,Ability,"Faerie Blink",282949,"Teleports the caster 10 yards forward, unless something is in the way and unleashes a Faerie Volley. This does not free the caster from crowd control effects.    This uses Blink modifiers.    Faerie Volley Sends a barrage of faerie missiles at 5 nearby targets, dealing 96 to 128 Arcane damage and reducing the cooldown of Faerie Blink by 2 seconds per target hit.",20,0,0,0,0,0,0,0
General,General1,Ability,"Falcon's Call",280160,"This spell belongs to Ranger    Call down war falcons upon a targeted area, slowing enemies within the area by 60% for 5 sec.    A Falcon is summoned for each enemy affected for 12 sec.",10,0,0,0,0,0,0,0
General,General1,Ability,"Fel Cleave",276066,"A sweeping attack that deals 70% weapon damage as Shadowflame to your target and up to 4 nearby enemies.    This uses Cleave modifiers.",20,0,0,0,0,0,0,0
General,General1,Ability,"Fel Infused Weapon",276076,"Infuses your weapon with Fel Flames, each auto attack and melee ability causes 5 Shadowflame damage.     Deals 15% more damage while a Single Two-Handed weapon is equipped.",10,0,0,0,0,0,0,0
General,General1,Ability,"Felblade",276067,"Deals 65% weapon damage plus 4 as Shadowflame damage.    Casting Chaos Bolt and Fel Cleave resets the cooldown of Felblade.    Felblade uses Bloodthirst modifiers.",40,0,0,0,0,0,0,0
General,General1,Ability,"Feral Frenzy",290241,"Unleash a furious frenzy, clawing nearby enemies 5 times over 1.5 sec for 100% weapon damage and applying a bleed. Stacks up to 5 times. Lasts 10 sec.",10,0,0,0,0,0,0,0
General,General1,Ability,"Field Surgery",281951,"Heals all allies within 8 yards for 18 every second for 5 sec.    Field Surgery scales from Holy or Nature Healing, whichever is higher.",10,0,0,0,0,0,0,0
General,General1,Ability,"Fire Slash",907200,"A strong attack that increases melee damage by 11 as Firestrike damage and causes a high amount of threat.    This uses Heroic Strike modifiers.",1,0,0,0,0,0,0,0
General,General1,Ability,"Fire Storm",281840,"Calls down a fiery rain to burn enemies in the area of effect for 272 Fire damage over 12 sec.    Scales with Rain of Fire modifiers.",20,0,0,0,0,0,0,0
General,General1,Ability,"Fire Swipe (Bear)",911981,"Swipe nearby enemies, inflicting 12 Firestrike damage plus 1 Firestrike damage.  This uses Swipe modifiers.",1,0,0,4,0,0,0,0
General,General1,Ability,"Fire Swipe (Cat)",911980,"Swipe nearby enemies, inflicting 90% weapon damage as Firestrike.  This uses Swipe modifiers.",1,0,0,4,4,0,0,0
General,General1,Ability,"Firefall",284677,"Unleash a flurry of fiery stars from the sky, each impact deals 121 to 136 Fire damage before exploding for an additional 22 Fire damage to enemies within 5 yards. The effect lasts 8 sec, summoning up to 16 stars within 20 yards of you.    The final star grants you Hot Streak.    This uses Starfall modifiers.    Canceled if you shapeshift, lose character control, or mount.    Hot Streak Your next Pyroblast or Arctis is instant.",60,0,0,0,0,0,0,0
General,General1,Ability,"Firestorm",280575,"This spell belongs to Pyromancer    Create a fiery tornado at a location for 10 sec.    Enemies who enter its radius suffer 70 Fire damage and are knocked back slightly.",25,0,0,0,0,0,0,0
General,General1,Ability,"Flame Counter",911740,"A strike that becomes active after parrying an opponent's attack. This attack deals 32 Firestrike damage and immobilizes the target for 5 sec.  This uses Counterattack modifiers. Flame Counter cannot be blocked, dodged, or parried.",22,0,0,6,20,0,0,0
General,General1,Ability,"Flame Mangle",939180,"Mangle the target, inflicting Firestrike damage and causing the target to take 30% additional damage from bleeds for 1 min.   Does not stack with other similar effects.  This ability can be used in Cat Form or Dire Bear Form. This uses Mangle modifiers.",36,0,0,0,0,0,0,0
General,General1,Ability,"Flame Maul",904420,"A strong attack that increases melee damage by 18 as Firestrike damage and causes a high amount of threat. Effects which increase bleed effects also increase Maul damage.    This uses Maul modifiers.",1,0,0,0,0,0,0,0
General,General1,Ability,"Flame Rake",904180,"Rake the target for 7 Firestrike damage and an additional 65 Firestrike damage over 9 sec. Awards 1 combo point.    This uses Rake modifiers.",18,0,0,0,0,0,0,0
General,General1,Ability,"Flame Revenge",910780,"Instantly counterattack an enemy for 58 to 70 Firestrike damage. Burning Vengeance is only usable after the warrior blocks, dodges or parries an attack.  This uses Revenge modifiers.",12,0,0,3,10,0,0,0
General,General1,Ability,"Flame Sever",913252,"A vicious strike that deals 65% weapon damage as Firestrike plus 36 and wounds the target, reducing the effectiveness of any healing by 50% for 10 sec.  This uses Mortal Strike modifiers. Does not stack with other similar effects.",30,0,0,26,28,0,0,0
General,General1,Ability,"Flame Siphon",913192,"A deadly attack that deals 50% weapon damage as Firestrike plus 11 and heals you for 5% of your maximum health for each of your diseases on the target.  This uses Death Strike modifiers.",14,0,0,28,12,0,0,0
General,General1,Ability,"Flame Spike",913306,"An instant strike that deals 65% weapon damage as Firestrike and applies Hemorrhage, increasing Physical damage taken by up to 9. Lasts 10 charges or 15 sec. Awards 1 combo point.  Deals 114% weapon damage as Firestrike if a dagger is equipped and 55% if a two-hander is equipped.  This uses Hemorrhage modifiers.",22,0,0,22,20,0,0,0
General,General1,Ability,"Flame Surge",281730,"Deals 51 to 60 Fire damage to your target and 10 enemies within 10 yards, dealing an additional 12 to 15 Fire damage if the target is affected by Immolate.    Scales with Incinerate modifiers.",28,0,0,0,0,0,0,0
General,General1,Ability,"Flame Talon",904660,"A strong attack that increases melee damage by 5 as Firestrike damage.    This uses Raptor Strike modifiers.",1,0,0,0,0,0,0,0
General,General1,Ability,"Flamebound Cleave",907320,"A sweeping attack that does your weapon damage plus 9 as Firestrike damage to the target and his nearest ally.    This uses Cleave modifiers.",16,0,0,0,0,0,0,0
General,General1,Ability,"Flamebound Shot",904780,"An aimed shot that deals 100% weapon damage plus 12 as Firestrike damage and reduces healing done to that target by 50%. Lasts 10 sec.   Does not stack with other similar effects.  This uses Aimed Shot modifiers.",16,0,0,0,0,0,0,0
General,General1,Ability,"Flameburst",283012,"Calls down a pillar of fire, burning all enemies within the area for 37 to 48 Fire damage and an additional 45 Fire damage over 10 sec.    This uses Flamestrike modifiers.",10,0,0,0,0,0,0,0
General,General1,Ability,"Flamechaser",907680,"Instantly strike the enemy, causing 65% weapon damage as Firestrike damage. Only usable after the target dodges. Flamechaser cannot be blocked, dodged, or parried.    This uses Overpower modifiers.",10,0,0,0,0,0,0,0
General,General1,Ability,"Flamepierce",913342,"Pierce the target, causing 100% weapon damage as Firestrike plus 7 to the target. Must be behind the target. Requires a dagger in the main hand. Awards 1 combo point.  This uses Backstab modifiers.",1,0,0,0,0,0,0,0
General,General1,Ability,"Flamereaver",907860,"An instant fire strike that causes 50% weapon damage as Firestrike damage.    This uses Crusader Strike modifiers.",1,0,0,0,0,0,0,0
General,General1,Ability,"Flameripper",904060,"Finishing move that causes Firestrike damage over time.  Damage increases per combo point:     1 point  : 16 Firestrike damage over 12 sec     2 points: 26 Firestrike damage over 12 sec     3 points: 36 Firestrike damage over 12 sec     4 points: 46 Firestrike damage over 12 sec     5 points: 56 Firestrike damage over 12 sec    This uses Rip modifiers.",1,0,0,0,0,0,0,0
General,General1,Ability,"Flameshred",904300,"Shred the target, causing 145% weapon damage plus 15 as Firestrike damage to the target. Must be behind the target. Awards 1 combo point. Effects which increase bleed damage also increase Flameshred damage.    This uses Shred modifiers.",10,0,0,0,0,0,0,0
General,General1,Ability,"Flamesinger Shot",910660,"You attempt to finish the wounded target off, firing a ranged attack dealing 150% weapon damage plus 48 Firestrike damage. Flamesinger Shot can only be used on enemies that have 20% or less health.  This uses Kill Shot modifiers.",32,0,0,9,30,0,0,0
General,General1,Ability,"Flamethirst",910300,"Instantly attack the target causing 4 Firestrike damage. Each bleed applied by you increases the damage of Flamethirst by 8%, up to a maximum of 40%. In addition, the next 3 successful melee attacks will restore 1% of max health. This effect lasts 8 sec.  This uses Bloodthirst modifiers.",30,0,0,8,28,0,0,0
General,General1,Ability,"Flamewave",913414,"Sends a wave of force in front of the caster, causing 4 Firestrike damage (based on attack power) and stunning all enemy targets in a frontal cone for 4 sec.  This uses Shockwave modifiers.",40,0,0,40,38,0,0,0
General,General1,Ability,"Flaming Riposte",910420,"A strike that becomes active after parrying an opponent's attack. This attack deals 100% weapon damage as Firestrike and slows their melee attack speed by 20% for 30 sec. Awards 1 combo point.  This uses Riposte modifiers.",16,0,0,4,14,0,0,0
General,General1,Ability,"Flare Breaker",907560,"Sunder the target's armor causing the Sunder Armor effect. In addition, causes 78% weapon damage (62% if a two-handed weapon is equipped) plus 3 as Firestrike damage for each application of Sunder Armor on the target. The Sunder Armor effect can stack up to 5 times.    Sunder Armor Sunders the target's armor, reducing it by 4%. Stacks up to 5 times and lasts for 30 sec. Does not stack with other similar effects.    This uses Devastate modifiers.",10,0,0,0,0,0,0,0
General,General1,Ability,"Flare Shot",903076,"A steady shot wreathed in cinders that causes 50% weapon damage as Firestrike damage and deals 6 additional Firestrike damage. Causes an additional 5 Firestrike damage to slowed targets.    This uses Steady Shot modifiers.",1,0,0,0,0,0,0,0
General,General1,Ability,"Flare Spree",913450,"Step through the shadows from enemy to enemy within 10 yards, attacking an enemy for 85% weapon damage as Firestrike every 0.5 sec with both weapons until 5 assaults are made. Can hit the same target multiple times. Cannot hit invisible or stealthed targets.  This uses Killing Spree modifiers.",40,0,0,40,38,0,0,0
General,General1,Ability,"Flare Strike",283151,"Exposes all hidden and invisible enemies within 8 yards of the targeted area for 5 sec. When it expires, a rain of arrows is called down, dealing 268 Physical damage. Enemies hit are slowed by 30% and take 10% more damage from you for 8 sec.    Increased by modifiers to your Volley ability. This damage is increased by 100% against the target of Hunter's Mark.",32,0,0,0,0,0,0,0
General,General1,Ability,"Flesh Hook",282999,"Hook an enemy, pulling them to you, dealing 3 to 6 Physical damage and generating 10 rage.    This has a 45 sec cooldown when used versus players and Flesh Hook cannot be used against the same player for 30 sec.",10,0,0,0,0,0,0,0
General,General1,Ability,"Flurry of Fire",913050,"Instantly throw both weapons at all targets within 8 yards, causing 68% weapon damage as Firestrike with daggers, and 45% weapon damage as Firestrike with all other weapons.  This uses Fan of Knives modifiers.",50,0,0,24,48,0,0,0
General,General1,Ability,"Flurry of Ice",913051,"Instantly throw both weapons at all targets within 8 yards, causing 68% weapon damage as Froststrike with daggers, and 45% weapon damage as Froststrike with all other weapons.  This uses Fan of Knives modifiers.",50,0,0,24,48,0,0,0
General,General1,Ability,"Flurry of Light",913054,"Instantly throw both weapons at all targets within 8 yards, causing 68% weapon damage as Holystrike with daggers, and 45% weapon damage as Holystrike with all other weapons.  This uses Fan of Knives modifiers.",50,0,0,24,48,0,0,0
General,General1,Ability,"Flurry of Lightning",913052,"Instantly throw both weapons at all targets within 8 yards, causing 68% weapon damage as Stormstrike with daggers, and 45% weapon damage as Stormstrike with all other weapons.  This uses Fan of Knives modifiers.",50,0,0,24,48,0,0,0
General,General1,Ability,"Flurry of Magic",913055,"Instantly throw both weapons at all targets within 8 yards, causing 68% weapon damage as Spellstrike with daggers, and 45% weapon damage as Spellstrike with all other weapons.  This uses Fan of Knives modifiers.",50,0,0,24,48,0,0,0
General,General1,Ability,"Flurry of Shadow",913053,"Instantly throw both weapons at all targets within 8 yards, causing 68% weapon damage as Shadowstrike with daggers, and 45% weapon damage as Shadowstrike with all other weapons.  This uses Fan of Knives modifiers.",50,0,0,24,48,0,0,0
General,General1,Ability,"Focused Burst",284079,"Fires a burst of missiles at the target, dealing 75% weapon damage.    Can trigger Piercing Shots.",18,0,0,0,0,0,0,0
General,General1,Ability,"Forbidden Ritual",280070,"Requires  Path of Healing  This spell belongs to Cultist    Chant a forbidden ritual that places a shield on all nearby allies that absorbs 74 damage for 10 sec.",10,0,0,0,0,0,0,0
General,General1,Ability,"Forbidden Technique",271981,"An instant shot that deals 275% ranged weapon damage as Shadow. Using this ability teleports you to the target, leaving your Shadow behind and granting you Shadow Dance.    When Shadow Dance ends, you teleport back into your Shadow.",30,0,0,0,0,0,0,0
General,General1,Ability,"Foul Invocation",280480,"This spell belongs to Necromancer    Transform into an undead monstrosity for 20 sec, increasing your maximum health by 30%.    While transformed you are immune to Fear, Sleep, Charm, and Disease effects.",25,0,0,0,0,0,0,0
General,General1,Ability,"Fracture",289090,"This spell belongs to Runemaster    Strike an enemy with frozen fury, dealing 186 Frost damage.    Damage dealt is guaranteed to critically strike against frozen targets.",20,0,0,0,0,0,0,0
General,General1,Ability,"Freezing Bloodstrike",913132,"Instantly strike the enemy, causing 25% weapon damage as Rimestrike plus 8, total damage increased by 12.5% for each of your diseases on the target.  This uses Blood Strike modifiers.",1,0,0,0,0,0,0,0
General,General1,Ability,"Freezing Finish",904920,"Finishing move that causes Froststrike damage per combo point:     1 point  : 5-7 Froststrike damage     2 points: 9-11 Froststrike damage     3 points: 14-16 Froststrike damage     4 points: 19-21 Froststrike damage     5 points: 24-26 Froststrike damage    This uses Eviscerate modifiers.",1,0,0,0,0,0,0,0
General,General1,Ability,"From Life Comes Death",280200,"This spell belongs to Venomancer    For 20 sec, when you kill an enemy that yields experience or honor they now spawn a Big Mushroom beneath them. This effect can only occur once every 1 sec.    Big Mushroom Drop a Big Mushroom at target location that will explode after 2 sec.    When it explodes it deals 478 Nature damage to up to 12 enemies within 5 yds, piercing resistances and absorption effects.",30,0,0,0,0,0,0,0
General,General1,Ability,"Frost Bomb",271936,"Applies a Frost Bomb that explodes after 8 seconds or when dispelled, unleashing a wave of frost dealing 34 Frost damage to nearby enemies and slowing their movement speed by 60%.    Cannot be reflected.",10,0,0,0,0,0,0,0
General,General1,Ability,"Frost Counter",911760,"A strike that becomes active after parrying an opponent's attack. This attack deals 32 Froststrike damage and immobilizes the target for 5 sec.  This uses Counterattack modifiers. Frost Counter cannot be blocked, dodged, or parried.",22,0,0,6,20,0,0,0
General,General1,Ability,"Frost Mangle",939240,"Mangle the target, inflicting Froststrike damage and causing the target to take 30% additional damage from bleeds for 1 min.   Does not stack with other similar effects.  This ability can be used in Cat Form or Dire Bear Form. This uses Mangle modifiers.",36,0,0,0,0,0,0,0
General,General1,Ability,"Frost Maul",904440,"A strong attack that increases melee damage by 18 as Froststrike damage and causes a high amount of threat. Effects which increase bleed effects also increase Maul damage.    This uses Maul modifiers.",1,0,0,0,0,0,0,0
General,General1,Ability,"Frost Rake",904200,"Rake the target for 7 Froststrike damage and an additional 65 Froststrike damage over 9 sec. Awards 1 combo point.    This uses Rake modifiers.",18,0,0,0,0,0,0,0
General,General1,Ability,"Frost Shot",903060,"A steady shot laced with frost that causes 50% weapon damage as Froststrike damage and deals 6 additional Froststrike damage. Causes an additional 5 Froststrike damage to slowed targets.    This uses Steady Shot modifiers.",1,0,0,0,0,0,0,0
General,General1,Ability,"Frost Siphon",913202,"A deadly attack that deals 50% weapon damage as Froststrike plus 11 and heals you for 5% of your maximum health for each of your diseases on the target.  This uses Death Strike modifiers.",14,0,0,28,12,0,0,0
General,General1,Ability,"Frost Slash",907220,"A strong attack that increases melee damage by 11 as Froststrike damage and causes a high amount of threat.    This uses Heroic Strike modifiers.",1,0,0,0,0,0,0,0
General,General1,Ability,"Frost Spree",913453,"Step through the shadows from enemy to enemy within 10 yards, attacking an enemy for 85% weapon damage as Froststrike every 0.5 sec with both weapons until 5 assaults are made. Can hit the same target multiple times. Cannot hit invisible or stealthed targets.  This uses Killing Spree modifiers.",40,0,0,40,38,0,0,0
General,General1,Ability,"Frost Swipe (Bear)",912001,"Swipe nearby enemies, inflicting 12 Froststrike damage plus 1 Froststrike damage.  This uses Swipe modifiers.",1,0,0,4,0,0,0,0
General,General1,Ability,"Frost Swipe (Cat)",912000,"Swipe nearby enemies, inflicting 90% weapon damage as Froststrike.  This uses Swipe modifiers.",1,0,0,4,4,0,0,0
General,General1,Ability,"Frost Talon",904680,"A strong attack that increases melee damage by 5 as Froststrike damage.    This uses Raptor Strike modifiers.",1,0,0,0,0,0,0,0
General,General1,Ability,"Frost Wyrm",280740,"This spell belongs to Necromancer    Summon a Frost Wyrm that flies behind you and blasts nearby enemies every 2 sec for 30 sec, dealing Frost damage.",30,0,0,0,0,0,0,0
General,General1,Ability,"Frostbound Cleave",907340,"A sweeping attack that does your weapon damage plus 9 as Froststrike damage to the target and his nearest ally.    This uses Cleave modifiers.",16,0,0,0,0,0,0,0
General,General1,Ability,"Frostbound Shot",904800,"An aimed shot that deals 100% weapon damage plus 12 as Froststrike damage and reduces healing done to that target by 50%. Lasts 10 sec.   Does not stack with other similar effects.  This uses Aimed Shot modifiers.",16,0,0,0,0,0,0,0
General,General1,Ability,"Frostchaser",907700,"Instantly strike the enemy, causing 65% weapon damage as Froststrike damage. Only usable after the target dodges. Frostchaser cannot be blocked, dodged, or parried.    This uses Overpower modifiers.",10,0,0,0,0,0,0,0
General,General1,Ability,"Frostfall",284664,"Unleash a flurry of icy stars from the sky, each impact deals 121 to 136 Frost damage before exploding for an additional 22 Frost damage to enemies within 5 yards. The effect lasts 8 sec, summoning up to 16 stars within 20 yards of you.    The final star grants you Fingers of Frost.    This uses Starfall modifiers.    Canceled if you shapeshift, lose character control, or mount.    Fingers of Frost Your spells and abilities treat the target as if it were Frozen. Holds 2 charges. Lasts for 15 seconds.",60,0,0,0,0,0,0,0
General,General1,Ability,"Frostfang Bite",913480,"Finishing move that deals Frost damage per combo point and converts each extra point of energy (up to a maximum of 30 extra energy) into 0.7 additional damage:      1 point  : 13-16 damage      2 points: 21-24 damage      3 points: 30-33 damage      4 points: 38-41 damage      5 points: 47-50 damage    This uses Ferocious Bite modifiers.",10,0,0,0,0,0,0,0
General,General1,Ability,"Frostflame Shock",272429,"Shocks the target and 2 nearby enemies, dealing 27 Frostfire damage and an additional 9 Frostfire damage every 3 for 18 sec.    This uses Flame Shock modifiers. This ability shares a cooldown with Shaman Shock spells.",10,0,0,0,0,0,0,0
General,General1,Ability,"Frostreaver",903174,"An instant frost strike that causes 50% weapon damage as Froststrike damage.    This uses Crusader Strike modifiers.",1,0,0,0,0,0,0,0
General,General1,Ability,"Frostripper",904080,"Finishing move that causes Froststrike damage over time.  Damage increases per combo point:     1 point  : 16 Froststrike damage over 12 sec     2 points: 26 Froststrike damage over 12 sec     3 points: 36 Froststrike damage over 12 sec     4 points: 46 Froststrike damage over 12 sec     5 points: 56 Froststrike damage over 12 sec    This uses Rip modifiers.",1,0,0,0,0,0,0,0
General,General1,Ability,"Frostwave",913417,"Sends a wave of force in front of the caster, causing 4 Froststrike damage (based on attack power) and stunning all enemy targets in a frontal cone for 4 sec.  This uses Shockwave modifiers.",40,0,0,40,38,0,0,0
General,General1,Ability,"Frozen Execution",913070,"Attempt to finish off a wounded foe, causing 65% of 65 Froststrike damage and converting each extra point of rage into 65% of 2 additional Froststrike damage (up to a maximum cost of 30 rage). Only usable on enemies that have less than 20% health.  This uses Execute modifiers.",16,0,0,4,14,0,0,0
General,General1,Ability,"Frozen Light",271315,"Requires  Path of Healing  Infuses a single ally with frozen light to increase their healing received from your Cryotherapy by 30%. Lasts 30 min.",10,0,0,0,0,0,0,0
General,General1,Ability,"Frozen Mind",283934,"Your mind becomes frozen. Taking critical physical damage has a chance to prevent the attacker from landing critical strikes for 5 sec. Increases your armor by 250% of your Intellect but reduces your health by 5%.    Cannot be used with Stances or Forms.    This effect can only occur once every 15 sec.",10,0,0,0,0,0,0,0
General,General1,Ability,"Frozen Riposte",910440,"A strike that becomes active after parrying an opponent's attack. This attack deals 100% weapon damage as Froststrike and slows their melee attack speed by 20% for 30 sec. Awards 1 combo point.  This uses Riposte modifiers.",16,0,0,4,14,0,0,0
General,General1,Ability,"Frozen Slam",903130,"Slams the opponent, causing 65% weapon damage plus 6 Froststrike damage.    This uses Slam modifiers.",1,0,0,0,0,0,0,0
General,General1,Ability,"Fulmination",278020,"Finishing move that causes 87 Nature damage and chains to additional target per combo point:     1 point  : 1 additional target     2 points: 2 additional targets     3 points: 3 additional targets     4 points: 4 additional targets     5 points: 5 additional targets    Each jump reduces the damage by 20%.    This uses Chain Lightning modifiers.",22,0,0,0,0,0,0,0
General,General1,Ability,"Fury of the Eagle",277595,"Furiously strike up to 5 enemies in front of you, dealing 19 Physical damage over 3 sec.",60,0,0,0,0,0,0,0
General,General1,Ability,"Gavel of Wrath",280950,"This spell belongs to Sun Cleric    Smash an enemy for 100% Weapon Damage plus 56 and dispel 1 beneficial magic effect from them.    Shares a cooldown with other Gavels.",26,0,0,0,0,0,0,0
General,General1,Ability,"Gaze of C'Thun",280970,"Set C'Thun's Gaze upon an enemy or ally, jumping to 1 additional nearby target. Deals 24 Shadow damage to monsters or heals allies for 21. Damage against players retains its former value.",10,0,0,0,0,0,0,0
General,General1,Ability,"Gaze of Ysera",289438,"This spell belongs to Pyromancer    Set Ysera's gaze upon an enemy, putting them to sleep for 40 sec (8 sec vs players).    Direct damage dealt may interrupt this effect.",26,0,0,0,0,0,0,0
General,General1,Ability,"Ghostly Finish",904860,"Finishing move that causes Shadowstrike damage per combo point:     1 point  : 5-7 Shadowstrike damage     2 points: 9-11 Shadowstrike damage     3 points: 14-16 Shadowstrike damage     4 points: 19-21 Shadowstrike damage     5 points: 24-26 Shadowstrike damage    This uses Eviscerate modifiers.",1,0,0,0,0,0,0,0
General,General1,Ability,"Ghoul Bite",904500,"Attack the enemy for 11 Shadowstrike damage.    This uses Mongoose Bite modifiers.",1,0,0,0,0,0,0,0
General,General1,Ability,"Glacial Burst",278145,"You hurl a shard of glacier at the target, dealing 341 Frost damage. If your Flame Shock is on the target, Glacial Burst deals a critical strike.  This uses Lava Burst modifiers.",22,0,0,0,0,0,0,0
General,General1,Ability,"Glacial Multi-Shot",910560,"Fires several missiles, hitting 3 targets for 65% weapon damage as Froststrike.  This uses Multi-Shot modifiers.",18,0,0,5,16,0,0,0
General,General1,Ability,"Glacial Rune",280835,"This spell belongs to Runemaster    Place a rune at the target location that explodes after 1 sec with frigid magic, dealing 47 Frost damage to enemies inside and freezing them in place for 40 sec (8 sec vs players).    Damage caused may interrupt the effect.",10,0,0,0,0,0,0,0
General,General1,Ability,"Glacial Rupture",907040,"Finishing move that causes Froststrike damage over time.  Lasts longer per combo point:     1 point  : 40 Froststrike damage over 8 sec     2 points: 61 Froststrike damage over 10 sec     3 points: 87 Froststrike damage over 12 sec     4 points: 117 Froststrike damage over 14 sec     5 points: 153 Froststrike damage over 16 sec    This uses Rupture modifiers.",20,0,0,0,0,0,0,0
General,General1,Ability,"Glacial Shield Slam",910920,"Slam the target with your shield, causing 191 to 199 Froststrike damage, modified by your shield block value, and dispels 1 magic effect on the target. Causes a high amount of threat.  This uses Shield Slam modifiers.",40,0,0,11,38,0,0,0
General,General1,Ability,"Glacial Smash",907460,"Blasts nearby enemies dealing 10 Froststrike damage and increasing the time between their attacks by 10% for 10 sec. This ability causes additional threat.    This uses Thunder Clap modifiers.",1,0,0,0,0,0,0,0
General,General1,Ability,"Glacial Spike",284177,"Summons a Glacial Spike, dealing 57 Frost damage, slows enemies by 56 to 60% for 4 sec and infects targets with Frost Fever.    This uses Cone of Cold modifiers. Damage is split when hitting more than 3 enemies.",16,0,0,0,0,0,0,0
General,General1,Ability,"Goldrinn's Fury",275739,"Increases your Shadow damage by 10% and all damage by 5%. Dealing damage with Cat abilities applies Arugal's Gift. While active, periodic damage from Rake and Rip also applies Arugal's Gift. Lasts 20 sec.    This uses Tiger's Fury modifiers.    Arugal's Gift Deals 27 Shadow damage over 6 sec. Stacks up to 3 times.    This periodic damage can critically strike while affected by Worgen Form.",24,0,0,0,0,0,0,0
General,General1,Ability,"Golem Form",280675,"This spell belongs to Primalist    Transform into a golem for 30 sec, reducing Physical damage taken by 15%.",25,0,0,0,0,0,0,0
General,General1,Ability,"Grace of Alexstrasza",280560,"This spell belongs to Pyromancer    Burn off all movement impairing effects from party and raid members within 20 yds and grant them stun, slow, and root immunity for 4 sec.",30,0,0,0,0,0,0,0
General,General1,Ability,"Grape Shot",276634,"Finishing move that causes Physical damage per combo point to 5 enemies in front of you dealing weapon damage:     1 point  : 18-31 Damage     2 points: 31-44 Damage     3 points: 44-57 Damage     4 points: 58-71 Damage     5 points: 71-84 Damage       This uses Multi-Shot modifiers. This ability's cooldown cannot be reduced",18,0,0,0,0,0,0,0
General,General1,Ability,"Grasp of Darkness",272954,"Channel dark energy, dealing 176 Shadow damage over 3 seconds.     You channel power through each Tentacle of the Old Gods under your control to deal 15% increased damage and 15% increased critical strike damage bonus.",20,0,0,0,0,0,0,0
General,General1,Ability,"Grasp of Zek'voz",280775,"This spell belongs to Cultist    Hinder an enemies momentum with void chains, slowing their movement speed by 30% for 10 sec.",10,0,0,0,0,0,0,0
General,General1,Ability,"Grasping Roots",283493,"Launches Grasping Roots in front of you rooting them and dealing 7 Nature damage. When the roots retract they pull back rooted enemies to your original position.    Usable while shapeshifted.",18,0,0,0,0,0,0,0
General,General1,Ability,"Gravebound Champion",280520,"This spell belongs to Necromancer    Summon a Gravebound Champion that redirects 50% of all damage you take to itself for 20 sec.",25,0,0,0,0,0,0,0
General,General1,Ability,"Gravity Bomb",280425,"This spell belongs to Chronomancer    Place a gravity bomb on the target. After 6 sec they explode for 66 Chromatic damage in a 10 yds radius.    Directly before the explosion occurs, all enemies within 15 yds are teleported to the initial target.",10,0,0,0,0,0,0,0
General,General1,Ability,"Green Salve",280860,"This spell belongs to Venomancer    Rapidly heal an ally for 24 over 6 sec.    At the end of the duration, this will seek another nearby ally with the lowest health and heal them for 48.",10,0,0,0,0,0,0,0
General,General1,Ability,"Ground Slam",276115,"Slam the ground, unleashing a devastating wave of earth spikes that deal 166 Physical damage to 10 nearby enemies.    This uses Sundering modifiers.",34,0,0,0,0,0,0,0
General,General1,Ability,"Grove Guardian",281210,"This spell belongs to Primalist    Mark a location as your Grove for 20 sec.   Allies within gain 30% movement speed and are healed for 205 every 5 sec, removing 1 poison and disease effect.   Enemies within are slowed by 30% and take 261 Nature damage every 5 sec and are rooted for 2 sec.",30,0,0,0,0,0,0,0
General,General1,Ability,"Grove Shot",278240,"Inject a bolt infused with medicinal energies into a friendly target healing for 25 as Nature.    Scales with Steady Shot modifiers.",10,0,0,0,0,0,0,0
General,General1,Ability,"Guardian of Ancient Kings",277875,"Transform into a Guardian of Ancient Kings, resetting the cooldown of Hammer of the Righteous, Divine Storm, and Holy Shock.     While active, their cooldowns are reduced by 50%.     Increases Holy damage by 15%. Lasts 12 sec.    Does not stack with other similar effects.",60,0,0,0,0,0,0,0
General,General1,Ability,"Guarding Rune",280660,"This spell belongs to Runemaster    Inscribe a defensive rune beneath you in a 10 yd radius, summoning a barrier that causes allies within the radius to take 40% reduced Magic damage. Lasts 15 sec.",25,0,0,0,0,0,0,0
General,General1,Ability,"Guise",289350,"This spell belongs to Ranger    Generates 5 combo points over 10 sec and allows you to see nearby stealthed enemies.    Usable while stealthed.",26,0,0,0,0,0,0,0
General,General1,Ability,"Gurubashi Rage",275915,"Go berserk, increasing all Rage generation from damage dealt by 50% and increasing melee ability critical strike chance by 10% for 20 sec.    Grants Rage! every 5 sec.    This ability is usable while shapeshifted.    Rage! Allows the use of Raging Blow or Raging Lunge.",50,0,0,0,0,0,0,0
General,General1,Ability,"Hail of Arrows",277967,"Rapidly fires a spray of shots for 4 sec, dealing 65% weapon damage to up to 10 targets in front of you.  Scales with Volley damage modifiers.",30,0,0,0,0,0,0,0
General,General1,Ability,"Hailstorm",281800,"Ice shards pelt the target area doing 147 Frost damage over 12 sec.    Scales with Blizzard modifiers.",18,0,0,0,0,0,0,0
General,General1,Ability,"Hailthirst",910320,"Instantly attack the target causing 4 Froststrike damage. Each bleed applied by you increases the damage of Hailthirst by 8%, up to a maximum of 40%. In addition, the next 3 successful melee attacks will restore 1% of max health. This effect lasts 8 sec.  This uses Bloodthirst modifiers.",30,0,0,8,28,0,0,0
General,General1,Ability,"Hallucination",280805,"This spell belongs to Cultist    Create 3 copies of yourself that run in a random direction for 3 sec and may briefly trick enemies into ignoring you.     Significantly reduces your threat and removes all movement impairing effects from you.",29,0,0,0,0,0,0,0
General,General1,Ability,"Halt",280005,"This spell belongs to Starcaller    Interrupt an enemy's current spell cast and prevents any spell in that school from being cast for 3 sec.",16,0,0,0,0,0,0,0
General,General1,Ability,"Hammer of Kings",280910,"This spell belongs to Sun Cleric    Become anointed by the light, summoning a blessed hammer that encircles you dealing 6 Holyfire Damage to nearby enemies every 3 sec for 12 sec.",10,0,0,0,0,0,0,0
General,General1,Ability,"Hammer the Gap",277019,"Sunder the target's armor and deal 80% weapon damage, increased by 7% per Sunder Armor you have applied to the target. Awards 1 combo point.    Uses Devastate modifiers and causes high threat.    Sunder Armor Sunders the target's armor, reducing it by 4%. Stacks up to 5 times and lasts for 30 sec. Does not stack with other similar effects.",10,0,0,0,0,0,0,0
General,General1,Ability,"Hammerstorm",285444,"Requires Righteous Fury    Holy hammers surround you, dealing 67 Holy damage every second to nearby enemies. Lasts for 6 sec.    Allows Hammer of Wrath to be used regardless of the target's health.",44,0,0,0,0,0,0,0
General,General1,Ability,"Harvesting Grounds",280695,"This spell belongs to Reaper    Create a harvesting ground at the target location for 10 sec. Enemies inside have their melee and ranged haste and movement speed reduced by 20%.    For the duration, enemies that try to exit the harvesting ground are pulled back to its center.",25,0,0,0,0,0,0,0
General,General1,Ability,"Hell Scream",285693,"Unleash a hellish shout, causing up to 5 enemies within 8 yards to bleed for 21 damage every 3 for 12 sec.    This damage uses Rend modifiers.",10,0,0,0,0,0,0,0
General,General1,Ability,"Hellfire Form",280725,"This spell belongs to Knight of Xoroth    Enter your Hellfire Form, increasing your Fire damage dealt by 10% and Fire critical strike chance by 10% for 20 sec.",25,0,0,0,0,0,0,0
General,General1,Ability,"Hemal Excision",281200,"This spell belongs to Bloodmage    Cut into an ally's vital essence, siphoning all curse effects from them. You may reactivate this ability again within 10 sec to place these curse effects on an enemy.",25,0,0,0,0,0,0,0
General,General1,Ability,"Hemostasis",281190,"This spell belongs to Bloodmage    Trap an enemy in a blood orb, horrifying them in place for 4 sec.    Reactivating this ability within 4 sec, instantly pops the Hemostasis, dealing 143 Shadow damage and reducing their healing received by 60% for 10 sec.",29,0,0,0,0,0,0,0
General,General1,Ability,"Hoarfrost",289080,"This spell belongs to Runemaster    Slash in a frozen fury in front of you, dealing 8 Frost Damage to up to 3 nearby enemies, plus an additional 8 every 3 sec for 21 sec.     Enemies hit by the initial strike are frozen in place for 3 sec.",10,0,0,0,0,0,0,0
General,General1,Ability,"Holy Finish",904880,"Finishing move that causes Holystrike damage per combo point:     1 point  : 5-7 Holystrike damage     2 points: 9-11 Holystrike damage     3 points: 14-16 Holystrike damage     4 points: 19-21 Holystrike damage     5 points: 24-26 Holystrike damage    This uses Eviscerate modifiers.",1,0,0,0,0,0,0,0
General,General1,Ability,"Holy Shot",903068,"A steady shot blessed with light that causes 50% weapon damage as Holystrike damage and deals 6 additional Holystrike damage. Causes an additional 5 Holystrike damage to slowed targets.    This uses Steady Shot modifiers.",1,0,0,0,0,0,0,0
General,General1,Ability,"Holy Siphon",913232,"A deadly attack that deals 50% weapon damage as Holystrike plus 11 and heals you for 5% of your maximum health for each of your diseases on the target.  This uses Death Strike modifiers.",14,0,0,28,12,0,0,0
General,General1,Ability,"Holy Slash",907180,"A strong attack that increases melee damage by 11 as Holystrike damage and causes a high amount of threat.    This uses Heroic Strike modifiers.",1,0,0,0,0,0,0,0
General,General1,Ability,"Holy Supernova",270182,"Causes an explosion of holy light around the caster, dealing 63 to 71 Holy damage to all enemy targets within 15 yards, and healing up to 10 party and raid members within 15 yards for 154, immediately cleansing one negative magic and poison effect from them.    These effects cause no threat. This uses Holy Nova modifiers.",14,0,0,0,0,0,0,0
General,General1,Ability,"Holy Water Tonic",289266,"This spell belongs to Witch Hunter    Smash a holy water tonic beneath you, stunning all Undead and Demon enemies within 8 yds for 6 sec and increasing your damage dealt against Undead and Demons by 15% for 20 sec.    Shares a cooldown with other Tonics.",20,0,0,0,0,0,0,0
General,General1,Ability,"Hour of Judgement",282984,"Causes the Hour of Judgement, making a rain of hammers follow the caster dealing -36 Holy damage every 2 sec to enemies in 10 yards and unleashing a Hammer from the Heavens every 0.5 sec.   Hammer from the Heavens A Holy hammer falls from the heavens, dealing 17 to -19 Holy damage to nearby enemies.",30,0,0,0,0,0,0,0
General,General1,Ability,"Hydra's Venom",285897,"Strike the target, inflicting a poisoned bleed that deals 25 Nature damage and an additional 2 (based on weapon damage) over 15 sec.    This ability is usable while shapeshifted.    This uses Rend modifiers and counts as both a bleed and poison effect.",10,0,0,0,0,0,0,0
General,General1,Ability,"Hydricles",284854,"Launches a bolt of frost that jumps to 5 nearby enemies, dealing 13 Frost damage and slowing their movement speed by 15% for 3 sec.    Each jump reduces the damage by 10%.    Max 3 charges. 8 second recharge timer. Gaining Fingers of Frost restores a charge.    This uses Frostbolt modifiers.",14,0,0,0,0,0,0,0
General,General1,Ability,"Ice Age",281696,"Deals 25 Frost damage to nearby enemies, freezing them for up to 4 seconds. Damage dealt can interrupt the freeze.    Ice Age cannot be dispelled.    This uses Frost Nova modifiers.",10,0,0,0,0,0,0,0
General,General1,Ability,"Ice Lash",273561,"You charge your off-hand weapon with ice, instantly dealing 100% off-hand weapon damage as Frost.     Damage is increased by 25% if your off-hand weapon is enchanted with Frostbrand.    This uses Lava Lash modifiers.",20,0,0,0,0,0,0,0
General,General1,Ability,"Ice Shock",274680,"Finishing move that instantly shocks the target with Frost damage, increasing per combo point:   1 point  : 46-60 damage    2 points: 76-90 damage   3 points: 106-120 damage   4 points: 136-150 damage   5 points: 166-180 damage    This uses Frost Shock modifiers.",20,0,0,0,0,0,0,0
General,General1,Ability,"Icepierce",913354,"Pierce the target, causing 100% weapon damage as Froststrike plus 7 to the target. Must be behind the target. Requires a dagger in the main hand. Awards 1 combo point.  This uses Backstab modifiers.",1,0,0,0,0,0,0,0
General,General1,Ability,"Ices Spike",913312,"An instant strike that deals 65% weapon damage as Froststrike and applies Hemorrhage, increasing Physical damage taken by up to 9. Lasts 10 charges or 15 sec. Awards 1 combo point.  Deals 114% weapon damage as Froststrike if a dagger is equipped and 55% if a two-hander is equipped.  This uses Hemorrhage modifiers.",22,0,0,22,20,0,0,0
General,General1,Ability,"Icesinger Shot",910680,"You attempt to finish the wounded target off, firing a ranged attack dealing 150% weapon damage plus 48 Froststrike damage. Icesinger Shot can only be used on enemies that have 20% or less health.  This uses Kill Shot modifiers.",32,0,0,9,30,0,0,0
General,General1,Ability,"Icy Penance",271341,"Launches a volley of frozen light at an enemy, dealing 143 Holyfrost damage every 1 sec for 2 sec.     The damage gained from spell power is doubled while your Primary Stat is Spirit.    This uses Penance modifiers.",30,0,0,0,0,0,0,0
General,General1,Ability,"Ignis Ultimatus",280570,"This spell belongs to Pyromancer    Channel for 2 sec, gathering a surge of fiery power before unleashing it in a 50 yd line, dealing 400 Fire damage to enemies while also healing allies for 300.    Ignores invulnerabilities, immunities, and resistances.",30,0,0,0,0,0,0,0
General,General1,Ability,"Incarnation of Chaos",280735,"This spell belongs to Chronomancer    Every 2 sec, gain a stack of Incarnation of Chaos, increasing all damage you deal by 2%, stacking up to 10 times.",25,0,0,0,0,0,0,0
General,General1,Ability,"Inferno Barrier",289428,"This spell belongs to Pyromancer    Engulf an ally with molten power for 30 sec. While active, attackers take 6 Fire damage each time they deal damage to them.    Scales with Spirit.",14,0,0,0,0,0,0,0
General,General1,Ability,"Infused Aegis",281050,"This spell belongs to Starcaller    Instantly counterattack any enemy that strikes you from the front in melee for Arcane damage, lasting 10 sec. Can only occur once per sec per enemy.",10,0,0,0,0,0,0,0
General,General1,Ability,"Into Darkness",283896,"You vanish into darkness, entering a vastly improved stealth mode and gaining a shield that absorbs periodic damage. Lasts for 10 sec.     This uses Vanish modifiers. Removes invulnerabilities when used.",22,0,0,0,0,0,0,0
General,General1,Ability,"Ironsand",284834,"Channel an ironsand storm around you, dealing 83 Nature damage every second to nearby enemies, slowing them by 15% and causing them to suffer 9 to 13 Bleed damage every second, stacking up to 3 times.",30,0,0,0,0,0,0,0
General,General1,Ability,"Jadefire Corruption",285710,"Burns the target, dealing 28 Fire damage over 12 sec.    This uses Corruption modifiers.",10,0,0,0,0,0,0,0
General,General1,Ability,"Jagged Reinforcement",280400,"This spell belongs to Guardian    Reinforce your shield with razor edges, increasing your critical damage bonus by 4% Lasts 1 hr.",10,0,0,0,0,0,0,0
General,General1,Ability,"Javelin",274278,"Impale the target with a Javelin, dealing 125% armor-piercing weapon damage.",10,0,0,0,0,0,0,0
General,General1,Ability,"Judgement of The Three Hammers",280210,"This spell belongs to Primalist    While active, dealing direct damage with spells and abilities has a 20% chance to hurl 3 hammers over 2 sec, each dealing 103 Physical damage. Lasts for 15 sec.",30,0,0,0,0,0,0,0
General,General1,Ability,"Keg Smash",291036,"Throw a keg into the distance, upon impact it deals Physical damage in an 8-yard area, reducing attack speed by 20%. Lasts 12 sec.",10,0,0,0,0,0,0,0
General,General1,Ability,"Kingsbane",277580,"Release a lethal poison from your dagger and inject it into your target, dealing 93 Nature damage instantly and an additional 68 Nature damage over 14 sec.  Each time you apply a Deadly, Instant or Wound Poison to a target affected by Kingsbane, Kingsbane damage increases by 20%.  Awards 2 combo points.  Kingsbane damage is only increased by 5% versus players.",40,0,0,0,0,0,0,0
General,General1,Ability,"Knifestorm",285915,"A rain of knives falls upon the target area, dealing 204 Physical damage every 1 sec while channeling. Lasts 10 sec.    This uses Hurricane modifiers.",40,0,0,0,0,0,0,0
General,General1,Ability,"Lava Smash",907440,"Blasts nearby enemies dealing 10 Firestrike damage and increasing the time between their attacks by 10% for 10 sec. This ability causes additional threat.    This uses Thunder Clap modifiers.",1,0,0,0,0,0,0,0
General,General1,Ability,"Lava Sweep",271579,"Unleash fiery sweep of lava in front of you, dealing 75% main-hand weapon damage as Fire damage. If your weapon is enchanted with Flametongue, damage dealt by Lava Sweep to your primary target is increased by 25%.    This uses Lava Lash modifiers.",20,0,0,0,0,0,0,0
General,General1,Ability,"Lich Form",280535,"This spell belongs to Necromancer    Transform into a lich for 30 sec, increasing Frost damage you deal by 10%.",20,0,0,0,0,0,0,0
General,General1,Ability,"Lichplague",280500,"This spell belongs to Necromancer    Disease an enemy, dealing 26 Plague damage every 3 sec for 18 sec.    Damage increased by 20% for each of your diseases on the enemy.",20,0,0,0,0,0,0,0
General,General1,Ability,"Lifeblood",280830,"This spell belongs to Venomancer    Embrace Shadra's lifeblood, reducing your damage taken and pushback from casting spells by 20% and causing all damage taken to cast Rejuvenating Venom. Lasts for 10 sec.  Rejuvenating Venom Heal a random ally within 30 yds of your target for 2 over 6 sec.",29,0,0,0,0,0,0,0
General,General1,Ability,"Light Breaker",907540,"Sunder the target's armor causing the Sunder Armor effect. In addition, causes 78% weapon damage (62% if a two-handed weapon is equipped) plus 3 as Holystrike damage for each application of Sunder Armor on the target. The Sunder Armor effect can stack up to 5 times.    Sunder Armor Sunders the target's armor, reducing it by 4%. Stacks up to 5 times and lasts for 30 sec. Does not stack with other similar effects.    This uses Devastate modifiers.",10,0,0,0,0,0,0,0
General,General1,Ability,"Light Lash",907120,"You charge your off-hand weapon with elemental force, instantly dealing 100% off-hand Weapon damage as Holystrike damage.     Damage is increased by 25% if your off-hand weapon is enchanted with Windfury.    This uses Lava Lash modifiers.",1,0,0,0,0,0,0,0
General,General1,Ability,"Light Maul",904400,"A strong attack that increases melee damage by 18 as Holystrike damage and causes a high amount of threat. Effects which increase bleed effects also increase Maul damage.    This uses Maul modifiers.",1,0,0,0,0,0,0,0
General,General1,Ability,"Light of Justice",283959,"Stuns the target for 5 sec, but reduces the damage the target takes by 50%.    Surge of Light makes this instant.    This uses Hammer of Justice modifiers.",10,0,0,0,0,0,0,0
General,General1,Ability,"Light of the Guardian",286025,"Heals a friendly target for 100 and deals the effective amount healed as damage split among enemies within 8 yards of the caster.  Only usable after you dodge, block or parry an attack.  This uses Holy Light modifiers.",10,0,0,0,0,0,0,0
General,General1,Ability,"Light Swipe (Bear)",912061,"Swipe nearby enemies, inflicting 12 Holystrike damage plus 1 Holystrike damage.  This uses Swipe modifiers.",1,0,0,4,0,0,0,0
General,General1,Ability,"Light Swipe (Cat)",912060,"Swipe nearby enemies, inflicting 90% weapon damage as Holystrike.  This uses Swipe modifiers.",1,0,0,4,4,0,0,0
General,General1,Ability,"Light Talon",904640,"A strong attack that increases melee damage by 5 as Holystrike damage.    This uses Raptor Strike modifiers.",1,0,0,0,0,0,0,0
General,General1,Ability,"Lightbound Cleave",907300,"A sweeping attack that does your weapon damage plus 9 as Holystrike damage to the target and his nearest ally.    This uses Cleave modifiers.",16,0,0,0,0,0,0,0
General,General1,Ability,"Lightbound Shot",904760,"An aimed shot that deals 100% weapon damage plus 12 as Holystrike damage and reduces healing done to that target by 50%. Lasts 10 sec.   Does not stack with other similar effects.  This uses Aimed Shot modifiers.",16,0,0,0,0,0,0,0
General,General1,Ability,"Lightning Blade",275047,"Attack instantly for 100% of your main-hand weapon damage as Nature and causing the target to take 100% increased damage from your Thunder Clap for 6 seconds.    This uses Stormstrike modifiers.    Increases Thunder Clap damage by 40% versus players.",10,0,0,0,0,0,0,0
General,General1,Ability,"Lightning Lash",907870,"You charge your off-hand weapon with elemental force, instantly dealing 100% off-hand Weapon damage as Stormstrike damage.     Damage is increased by 25% if your off-hand weapon is enchanted with Windfury.    This uses Lava Lash modifiers.",1,0,0,0,0,0,0,0
General,General1,Ability,"Lightning Rupture",907060,"Finishing move that causes Stormstrike damage over time.  Lasts longer per combo point:     1 point  : 40 Stormstrike damage over 8 sec     2 points: 61 Stormstrike damage over 10 sec     3 points: 87 Stormstrike damage over 12 sec     4 points: 117 Stormstrike damage over 14 sec     5 points: 153 Stormstrike damage over 16 sec    This uses Rupture modifiers.",20,0,0,0,0,0,0,0
General,General1,Ability,"Lightning Slash",907240,"A strong attack that increases melee damage by 11 as Stormstrike damage and causes a high amount of threat.    This uses Heroic Strike modifiers.",1,0,0,0,0,0,0,0
General,General1,Ability,"Lightshred",904280,"Shred the target, causing 145% weapon damage plus 15 as Holystrike damage to the target. Must be behind the target. Awards 1 combo point. Effects which increase bleed damage also increase Lightshred damage.    This uses Shred modifiers.",10,0,0,0,0,0,0,0
General,General1,Ability,"Lightwave",913426,"Sends a wave of force in front of the caster, causing 4 Holystrike damage (based on attack power) and stunning all enemy targets in a frontal cone for 4 sec.  This uses Shockwave modifiers.",40,0,0,40,38,0,0,0
General,General1,Ability,"Living Lightning",271153,"Requires  Path of Healing  Heals an ally for 234 to 264, then jumps to heal more nearby targets before forking into a Chain Lightning strike. Each jump decreases the heal's potency by 20%. Heals 3 total targets.    This uses Chain Heal modifiers.",40,0,0,0,0,0,0,0
General,General1,Ability,"Loa's Assault",277550,"Throws both weapons at the target, causing 70% weapon damage plus 44. Can trigger Piercing Shots.    Hitting an enemy with Loa's Assault causes a Shard of Gonk to land in an area near you, picking up a Shard of Gonk causes you to regenerate 10 rage and grants you a slight movement speed buff, and grant you a stack of Echo of Windreaver. Every third pickup causes your next Slam have no rage cost.    This uses Slam modifiers and teaches you spells to change the color of Shard of Gonk, you can find these in General tab of your Spell Book.       Echo of Windreaver Increases damage of your next Glaive Toss by 30%. Stacks up to 5. Lasts 10 sec.    Increases damage by 10% versus players.",30,0,0,0,0,0,0,0
General,General1,Ability,"Localized Storm",286201,"Summon a violent storm in the target area for 12 sec, dealing 112 Nature damage to enemies every 1.50 sec, reducing the attack speed of enemies by 20%.  This uses Hurricane modifiers.",40,0,0,0,0,0,0,0
General,General1,Ability,"Locust Shot",903092,"A steady shot charged with storm energy that causes 50% weapon damage as Stormstrike damage and deals 6 additional Stormstrike damage. Causes an additional 5 Stormstrike damage to slowed targets.    This uses Steady Shot modifiers.",1,0,0,0,0,0,0,0
General,General1,Ability,"Lunar Aspiration",285802,"Burns the enemy for 5 Arcane damage and an additional 2 Arcane damage every 3 for 9 sec. Awards 1 combo point.     This uses Moonfire modifiers.",10,0,0,0,0,0,0,0
General,General1,Ability,"Macro-Gravity Zone",280270,"This spell belongs to Tinker    Create a macro-gravity zone at target location for 8 sec.    Enemies within the zone have their movement speed slowed by 40% and gain 1 stack of Macro-Gravity every 0.50 sec.  Macro-Gravity At 6 stacks, you will be stunned for 6 sec.",10,0,0,0,0,0,0,0
General,General1,Ability,"Maggot Trap",285854,"Set a trap that releases venomous maggots on the first enemy that approaches. Maggots last for 15 seconds. Trap remains for 30 sec. Only one trap can be active at a time.",10,0,0,0,0,0,0,0
General,General1,Ability,"Magic Multi-Shot",910640,"Fires several missiles, hitting 3 targets for 65% weapon damage as Spellstrike.  This uses Multi-Shot modifiers.",18,0,0,5,16,0,0,0
General,General1,Ability,"Malediction",289020,"This spell belongs to Bloodmage    Condemn an enemy, dealing 201 Shadow damage over 12 sec and increasing the damage they take from the next 5 direct damage spells dealt by you, your pets, or your guardians by 20%.",25,0,0,0,0,0,0,0
General,General1,Ability,"Malignant Jinx",280055,"This spell belongs to Witch Doctor    Curse an enemy for 8 sec, causing their next spell cast to silence them for 5 seconds.",22,0,0,0,0,0,0,0
General,General1,Ability,"Mana Lash",907080,"You charge your off-hand weapon with elemental force, instantly dealing 100% off-hand Weapon damage as Spellstrike damage.     Damage is increased by 25% if your off-hand weapon is enchanted with Windfury.    This uses Lava Lash modifiers.",1,0,0,0,0,0,0,0
General,General1,Ability,"Mana Spike",913336,"An instant strike that deals 65% weapon damage as Spellstrike and applies Hemorrhage, increasing Physical damage taken by up to 9. Lasts 10 charges or 15 sec. Awards 1 combo point.  Deals 114% weapon damage as Spellstrike if a dagger is equipped and 55% if a two-hander is equipped.  This uses Hemorrhage modifiers.",22,0,0,22,20,0,0,0
General,General1,Ability,"Manachaser",907620,"Instantly strike the enemy, causing 65% weapon damage as Spellstrike damage. Only usable after the target dodges. Manachaser cannot be blocked, dodged, or parried.    This uses Overpower modifiers.",10,0,0,0,0,0,0,0
General,General1,Ability,"Manareaver",903150,"An instant arcane strike that causes 50% weapon damage as Spellstrike damage.    This uses Crusader Strike modifiers.",1,0,0,0,0,0,0,0
General,General1,Ability,"Manaripper",904000,"Finishing move that causes Spellstrike damage over time.  Damage increases per combo point:     1 point  : 16 Spellstrike damage over 12 sec     2 points: 26 Spellstrike damage over 12 sec     3 points: 36 Spellstrike damage over 12 sec     4 points: 46 Spellstrike damage over 12 sec     5 points: 56 Spellstrike damage over 12 sec    This uses Rip modifiers.",1,0,0,0,0,0,0,0
General,General1,Ability,"Manathirst",910400,"Instantly attack the target causing 4 Spellstrike damage. Each bleed applied by you increases the damage of Manathirst by 8%, up to a maximum of 40%. In addition, the next 3 successful melee attacks will restore 1% of max health. This effect lasts 8 sec.  This uses Bloodthirst modifiers.",30,0,0,8,28,0,0,0
General,General1,Ability,"March of the Dead",280510,"This spell belongs to Necromancer    Spend rage to summon a line of undead at the target location for 30 sec.    Each undead marches forward, exploding when it reaches an enemy and dealing damage to nearby enemies.",40,0,0,0,0,0,0,0
General,General1,Ability,"Masochistic Rage",280185,"This spell belongs to Reaper    After a 1 sec delay, you suffer damage equal to 20% of your maximum health, enraging you and increasing your damage dealt by 20% for 15 sec.",28,0,0,0,0,0,0,0
General,General1,Ability,"Mass Grave",280475,"This spell belongs to Necromancer    Transform up to 5 nearby Humanoid enemies into ghouls, fearing them for 40 sec. Damage may cancel the effect.",30,0,0,0,0,0,0,0
General,General1,Ability,"Mass Hysteria",281702,"Instills fear in all enemies within 8 yards of your target, making them flee. Lasts 10 sec.    This uses Fear modifiers.    Players are feared for 6 seconds and damage may interrupt the effect.",10,0,0,0,0,0,0,0
General,General1,Ability,"Mass Razorlash",284560,"Lash out at nearby enemies with razor-sharp vines, dealing 27 Nature damage and causing targets to bleed for 10 physical damage every 2 seconds for 10 sec.    This ability is usable while shapeshifted.",18,0,0,0,0,0,0,0
General,General1,Ability,"Mass Slow",281627,"Slows down the movement speed of your target and all enemies within 10 yards by 40%, increases the time between their ranged attacks by 30%, and increases casting time by 15%. Lasts 10 sec.    Does not stack with other similar effects.  This uses Slow modifiers.",50,0,0,0,0,0,0,0
General,General1,Ability,"Mayhem",285018,"Finishing move that deals Fire damage based on combo points:    1 point : 175 Fire damage    2 points: 351 Fire damage    3 points: 526 Fire damage    4 points: 702 Fire damage    5 points: 877 Fire damage    This uses Soul Fire modifiers.",48,0,0,0,0,0,0,0
General,General1,Ability,"Mechanical Arm",285647,"Strikes the target, dealing 75% weapon damage plus 31 as Nature damage and granting you Maelstrom Weapon if known.",10,0,0,0,0,0,0,0
General,General1,Ability,"Med Pack",289355,"This spell belongs to Tinker    Toss a med pack to an ally, healing for 204 over 6 sec and cleanses all bleed, poison and disease effects.",16,0,0,0,0,0,0,0
General,General1,Ability,"Medicinal Sting",276885,"Requires  Path of Healing  Stings an enemy with medicinal poison, dealing 7 Nature damage and healing your ally near the target for 10 every 2 sec for 16 sec.    This uses Serpent Sting modifiers.",10,0,0,0,0,0,0,0
General,General1,Ability,"Megafrost",284822,"Finishing move that deals Frost damage around the caster and freezes enemies per combo point:    1 point : 10 damage and freezes enemies for 1 sec    2 points: 16 damage and freezes enemies for 2 sec    3 points: 22 damage and freezes enemies for 3 sec    4 points: 28 damage and freezes enemies for 4 sec    5 points: 34 damage and freezes enemies for 5 sec    Scales from modifiers to Frost Nova.",10,0,0,0,0,0,0,0
General,General1,Ability,"Mirage",280451,"This spell belongs to Witch Doctor    Become invisible for 20 sec, leaving a copy of yourself behind, teleporting forward, and reducing threat each second. Direct damage or healing done will end this effect.    While invisible, you can only see other invisible targets and those who can see invisible.    You may reactivate this ability within 5 sec to return to your initial location.",10,0,0,0,0,0,0,0
General,General1,Ability,"Molten Mind",284429,"Your mind becomes molten, increasing the amount healed by your critical heals and the damage dealt by your spell criticals by 5%, reducing their threat, but increasing the mana cost of your spells by 3%.    This cannot be used together with other bar-changing abilities such as Stances or Forms.",60,0,0,0,0,0,0,0
General,General1,Ability,"Moonlit Slumber",280000,"This spell belongs to Starcaller    Put an enemy to sleep for 30 sec. (10 seconds on players). Damage dealt will end the effect.",20,0,0,0,0,0,0,0
General,General1,Ability,"Moonwell",280625,"This spell belongs to Starcaller  Requires  Path of Healing    Create a zone blessed by moonwell waters for 15 sec at the target location.    All allied players standing within the well receive 25% more healing, and their mana regeneration is increased by 100%.",25,0,0,0,0,0,0,0
General,General1,Ability,"Mountain Fury",281140,"This spell belongs to Primalist    Move the earth, dealing 92 Physical damage to up to 12 enemies in a 10 yd frontal cone, pulling them toward you, repeating every 2 sec for 4 sec.  Each time an enemy is pulled toward you, you gain 2% reduced damage taken for 3 sec, stacking 5 times.",25,0,0,0,0,0,0,0
General,General1,Ability,"Mutation",280495,"This spell belongs to Necromancer    For the next 15 sec your diseases mutate, causing freshly applied diseases to tick 50% faster.",25,0,0,0,0,0,0,0
General,General1,Ability,"My Greatest Invention!",281290,"Requires  Path of Healing  This spell belongs to Tinker    Show off your Greatest Invention, healing party and raid members in a 30 yd radius for 209 every 1.50 sec for 9 sec.",30,0,0,0,0,0,0,0
General,General1,Ability,"Mycelial Ring",281100,"This spell belongs to Venomancer    Create an 8 yd ring beneath you for 10 sec that deals 25 Nature damage every 1 sec to enemies inside and immediately grows 12 Mushrooms in a circle around you.    At the end of the duration, up to 15 allies inside are healed for 300.    Can be used in any form.    Mycelial Ring Mushroom Explosion Drop a Mushroom near the target that explodes after 2 sec, dealing 2 Plague Damage to all nearby enemies.",25,0,0,0,0,0,0,0
General,General1,Ability,"Mystic Bloodstrike",913180,"Instantly strike the enemy, causing 25% weapon damage as Spellstrike plus 8, total damage increased by 12.5% for each of your diseases on the target.  This uses Blood Strike modifiers.",1,0,0,0,0,0,0,0
General,General1,Ability,"Mystic Maul",904360,"A strong attack that increases melee damage by 18 as Spellstrike damage and causes a high amount of threat. Effects which increase bleed effects also increase Maul damage.  This uses Maul modifiers.",1,0,0,0,0,0,0,0
General,General1,Ability,"Mystic Riposte",910520,"A strike that becomes active after parrying an opponent's attack. This attack deals 100% weapon damage as Spellstrike and slows their melee attack speed by 20% for 30 sec. Awards 1 combo point.  This uses Riposte modifiers.",16,0,0,4,14,0,0,0
General,General1,Ability,"Mystic Shield Slam",911000,"Slam the target with your shield, causing 191 to 199 Spellstrike damage, modified by your shield block value, and dispels 1 magic effect on the target. Causes a high amount of threat.  This uses Shield Slam modifiers.",40,0,0,11,38,0,0,0
General,General1,Ability,"Mystic Shot",907916,"A steady shot charged with arcane force that causes 50% weapon damage as Spellstrike damage and deals 6 additional Spellstrike damage. Causes an additional 5 Spellstrike damage to slowed targets.    This uses Steady Shot modifiers.",1,0,0,0,0,0,0,0
General,General1,Ability,"Mystic Talon",904600,"A strong attack that increases melee damage by 5 as Spellstrike damage.    This uses Raptor Strike modifiers.",1,0,0,0,0,0,0,0
General,General1,Ability,"Neltharion's Legacy",278005,"Hurls a bolt of dark dragonfire at an enemy, dealing 123 Shadowflame damage and an additional 33 Shadowflame damage every 2 sec for 8 sec.    This uses Shadowflame modifiers.",38,0,0,0,0,0,0,0
General,General1,Ability,"Nether Portal",290441,"Tear open a portal to the Twisting Nether for 20 sec. Casting Shadow Bolt, Incinerate or Soul Fire summons a demon to fight for you.     Summoning 3 demons causes a stronger one to be summoned which sends the previous ones back to the nether.",35,0,0,0,0,0,0,0
General,General1,Ability,"Netherstrike",289030,"This spell belongs to Cultist    Strike an enemy quickly for 100% Shadow Weapon Damage, purging 1 beneficial magic effect from them.    Only usable on enemies below 35% health.",10,0,0,0,0,0,0,0
General,General1,Ability,"Nightmare Roots",282958,"Summon a fog that causes Nightmare Roots to strike targets after 3 sec for 38 Shadow damage.    This uses Entangling Roots modifiers. Nightmare Roots cannot trigger the Brambles Capstone.",10,0,0,0,0,0,0,0
General,General1,Ability,"Nimble Mind",284442,"Your mind becomes nimble, increasing your spell haste by 5%, reducing the mana cost of your spells by 10%, but increasing your damage taken by 5%.    This cannot be used together with other bar-changing abilities such as Stances or Forms.",10,0,0,0,0,0,0,0
General,General1,Ability,"Obliterating Aether",907878,"A brutal instant attack that causes 75% weapon damage and deals 35 additional Spellstrike damage. Damage is increased by 12.5% for each of your diseases on the target, but consumes the diseases.    This uses Obliterate modifiers.",20,0,0,0,0,0,0,0
General,General1,Ability,"Obliterating Fire",903206,"A brutal instant attack that causes 75% weapon damage and deals 35 additional Firestrike damage. Damage is increased by 12.5% for each of your diseases on the target, but consumes the diseases.    This uses Obliterate modifiers.",20,0,0,0,0,0,0,0
General,General1,Ability,"Obliterating Ice",903190,"A brutal instant attack that causes 75% weapon damage and deals 35 additional Froststrike damage. Damage is increased by 12.5% for each of your diseases on the target, but consumes the diseases.    This uses Obliterate modifiers.",20,0,0,0,0,0,0,0
General,General1,Ability,"Obliterating Light",907886,"A brutal instant attack that causes 75% weapon damage and deals 35 additional Holystrike damage. Damage is increased by 12.5% for each of your diseases on the target, but consumes the diseases.    This uses Obliterate modifiers.",20,0,0,0,0,0,0,0
General,General1,Ability,"Obliterating Storm",903222,"A brutal instant attack that causes 75% weapon damage and deals 35 additional Stormstrike damage. Damage is increased by 12.5% for each of your diseases on the target, but consumes the diseases.    This uses Obliterate modifiers.",20,0,0,0,0,0,0,0
General,General1,Ability,"Obliterating Void",903198,"A brutal instant attack that causes 75% weapon damage and deals 35 additional Shadowstrike damage. Damage is increased by 12.5% for each of your diseases on the target, but consumes the diseases.    This uses Obliterate modifiers.",20,0,0,0,0,0,0,0
General,General1,Ability,"Oil Dipped Arrow",284908,"An instant shot that deals 21 Physical damage and soaks your target in oil, increasing your Fire damage dealt to the target by 5% for 12 seconds.    This uses Arcane Shot modifiers.",12,0,0,0,0,0,0,0
General,General1,Ability,"Panache",277021,"Requires  Duelist's Glove A Duelist's Glove is an off-hand item that enables Swashbuckling. It is granted whenever you learn a talent or ability that requires it. Requires a one-handed weapon and does not work while shapeshifted.  Finishing move that deals damage to all enemies within 8 yards:    1 point  : 8-8 damage    2 points: 11-11 damage    3 points: 14-14 damage    4 points: 17-17 damage    5 points: 21-21 damage  This uses Eviscerate modifiers.",10,0,0,0,0,0,0,0
General,General1,Ability,"Payback",291042,"Deal a vengeful blow to all enemies in front of you for 55 to 66 damage. Payback is only usable after you block, dodge or parry an attack.    This ability uses Revenge modifiers.",12,0,0,0,0,0,0,0
General,General1,Ability,"Perilous Pain",286372,"Inflict searing pain on the enemy target, dealing 28 to 34 Fire damage. Causes a high amount of threat. This spell can be cast while moving.    Uses Searing Pain modifiers.",16,0,0,0,0,0,0,0
General,General1,Ability,"Phalanx Thrust",291053,"Stab all enemies in front of you with your polearm, dealing 150% weapon damage.    This uses Siegebreaker modifiers.",40,0,0,0,0,0,0,0
General,General1,Ability,"Phoenix Egg",280580,"Requires  Path of Healing  This spell belongs to Pyromancer    Summon a Phoenix for 1 min at the target location that heals nearby party members for 1 every 5 sec.    You may only have 1 Phoenix active at a time.",10,0,0,0,0,0,0,0
General,General1,Ability,"Piercing Cleaver",285037,"Throws cleavers at 5 nearby enemies, dealing 32 Physical damage. Increases the damage each target takes from your next Execute by 15% for 18 sec, stacks up to 5 times.    The duration of Piercing Cleaver cannot be refreshed.",20,0,0,0,0,0,0,0
General,General1,Ability,"Pillar of Flame",281070,"This spell belongs to Pyromancer    Create a pillar of lava beneath an enemy, dealing 36 Fire damage.    Deals an additional 92 Fire damage to enemies near the primary target.",25,0,0,0,0,0,0,0
General,General1,Ability,"Pistol Shot",276631,"Fires your pistol to deal 100% of your normal ranged weapon damage plus 3. Awards 1 combo point.    This uses Sinister Strike modifiers.",10,0,0,0,0,0,0,0
General,General1,Ability,"Plague Swarm",276431,"The enemy is swarmed by disease infected insects, causing 142 Plague damage over 12 sec.     This uses Insect Swarm modifiers.",22,0,0,0,0,0,0,0
General,General1,Ability,"Plaguebringer",288806,"Infects the target with Frost Fever and Blood Plague.",34,0,0,0,0,0,0,0
General,General1,Ability,"Poised Reinforcement",280415,"This spell belongs to Guardian    Reinforce your shield with magic, causing blocked attacks while below 20% health to grant you 10% increased block value for 5 sec.",28,0,0,0,0,0,0,0
General,General1,Ability,"Poison Bomb",284169,"Throw a Poison Bomb that unleashes deadly fumes, immediately applying 2 stacks of Deadly Poison and an additional stack to nearby enemies every 2 seconds for 8 sec.",20,0,0,0,0,0,0,0
General,General1,Ability,"Poison Nova",285202,"Release a pulse of poison around you, dealing Nature damage per combo point.       1 point  : 17-26 Nature damage     2 points: 30-39 Nature damage     3 points: 43-52 Nature damage     4 points: 56-65 Nature damage     5 points: 69-78 Nature damage    Poison Nova increases damage taken from the caster's Deadly Poison, Envenom and Instant Poison by 20% for 12 sec.    Usable in Cat Form.",20,0,0,0,0,0,0,0
General,General1,Ability,"Poison Rain",284623,"Deals 149 Nature damage and applies Catalyst to 10 nearby enemies every 1 seconds for 4 sec while channeled.      Catalyst Increases the damage of the caster's poisons by 5%. Stacks up to 4 times. Lasts for 12 seconds.",30,0,0,0,0,0,0,0
General,General1,Ability,"Potion Toss",285228,"Requires  Path of Healing  Throw a potion that heals your ally for 25 and an additional 6 every 1 for 9 sec.     Effective direct heals with Potion Toss while in combat award 1 combo point.    This healing spell scales from your Holy or Nature healing modifiers, whichever is strongest.",10,0,0,0,0,0,0,0
General,General1,Ability,"Prayer of Preservation",276250,"A powerful prayer that heals 5 party or raid members within 8 yards for 437 over 3 sec. The final heal of this channel is increased by 70%.    This uses Prayer of Healing modifiers.",30,0,0,0,0,0,0,0
General,General1,Ability,"Primal Totem",280315,"This spell belongs to Primalist    Summon a totem that increases all stats of party and raid members by 1 within 40 yds for 30 sec.",30,0,0,0,0,0,0,0
General,General1,Ability,"Primordial Pulse",289230,"This spell belongs to Runemaster    Inscribe an area with runes for 2 sec, dealing 30 Elemental Damage every 0.50 sec to up to 5 enemies inside.",25,0,0,0,0,0,0,0
General,General1,Ability,"Psychic Suppression",280615,"This spell belongs to Cultist    Lift an enemy into the air, stunning them for 5 sec.",25,0,0,0,0,0,0,0
General,General1,Ability,"Pulverize",291033,"Consumes all stacks of your Lacerate or Thrash bleeds to deal 603 damage to your target and grants you Enrage for 6 seconds.     Pulverize is only usable when the target has at least 3 stacks of Lacerate or Thrash on them.",40,0,0,0,0,0,0,0
General,General1,Ability,"Puncture",275662,"Poisons the target, dealing 14 Stormstrike damage and an additional 78 Stormstrike damage over 9 sec. Awards 1 combo point.    This uses Rake modifiers.",18,0,0,0,0,0,0,0
General,General1,Ability,"Pyro Tonic",289265,"This spell belongs to Witch Hunter    Drink a fiery tonic, increasing damage done by 5% and your critical strike chance by 5% for 15 sec.    Shares a cooldown with other Tonics.",25,0,0,0,0,0,0,0
General,General1,Ability,"Pyroclysm",280855,"This spell belongs to Pyromancer    Launch into the air, dealing 23 Fire damage, knocking back enemies within 6 yds and dazing them for 6 sec.    Upon landing, deal 11 Fire damage, knock back enemies within 6 yds and daze them for 6 sec.",29,0,0,0,0,0,0,0
General,General1,Ability,"Quake",280885,"This spell belongs to Primalist    2 Charges, 8 sec recharge  Stomp the ground, dealing Weapon Damage plus 14 Nature damage to enemies within 8 yds and reduces their melee and ranged haste by 20% for 10 sec.",10,0,0,0,0,0,0,0
General,General1,Ability,"Quick Draw",285612,"A quick shot that deals 81% weapon damage.    Max 3 charges. 20 second recharge timer. Casting Mongoose Bite or Counterattack restores a charge.    This uses Steady Shot modifiers.",30,0,0,0,0,0,0,0
General,General1,Ability,"Radiance",281280,"This spell belongs to Sun Cleric    Every 2 sec you burst with light, healing nearby allies for 17 and damaging nearby enemies for 19. Lasts 10 sec.",29,0,0,0,0,0,0,0
General,General1,Ability,"Raging Lunge",286391,"Deals 150% Weapon damage up to 5 enemies in front of you.     Becoming Enraged enables one use of Raging Lunge. You can store up to 2 charges.    This uses Raging Blow modifiers.  Multiple Raging Blow! charges cannot be gained within the same global cooldown. Does not receive a charge from Wrecking Crew.",28,0,0,0,0,0,0,0
General,General1,Ability,"Rain of Arrows",281823,"Continuously fires a volley of ammo at the target area, causing 106 Arcane damage to enemy targets within 5 yards every 3.00 seconds for 9 sec.    Scales with Volley modifiers.",40,0,0,0,0,0,0,0
General,General1,Ability,"Ray of Frost",984513,"Channel an icy beam at the target for 5 sec, dealing 32 Frost damage every 1 sec, slowing the target by 23%.    Each time Ray of Frost deals damage, its damage and snare is increased by 20%.",60,0,0,0,0,0,0,0
General,General1,Ability,"Razorlash",284559,"Lash out with razor-sharp vines, dealing 31 Nature damage and causing the target to bleed for 10 physical damage every 2 seconds for 10 sec.     This ability is usable while shapeshifted.",10,0,0,0,0,0,0,0
General,General1,Ability,"Razzashi Talon",275861,"Instantly attacks with both weapons for 100% weapon damage plus an additional 20, increased by 5% (up to 50%) per bleed you applied to your target. Awards 2 combo points.    This uses Mutilate modifiers.",20,0,0,0,0,0,0,0
General,General1,Ability,"Reave",280990,"This spell belongs to Bloodmage    Lacerate an enemy, dealing 65% Weapon Damage plus 26.    If you are behind the enemy or the enemy is bleeding, deal 100% additional Shadow damage for each matching condition. If the enemy is below 35% health, deal 125% additional Shadow damage.",10,0,0,0,0,0,0,0
General,General1,Ability,"Resonance Rune",280960,"This spell belongs to Runemaster    Place an arcane rune on the ground that dispels 3 harmful magic effects from allies in the radius, and purges 3 beneficial magic effects from enemies.",28,0,0,0,0,0,0,0
General,General1,Ability,"Reverse Magic",280780,"This spell belongs to Starcaller    Reverse the next spell cast on you within 3 sec, reflecting it back to its caster.    Reversing a spell in this way drains 150 of the attacker's mana.",29,0,0,0,0,0,0,0
General,General1,Ability,"Righteous Execution",913100,"Attempt to finish off a wounded foe, causing 65% of 65 Holystrike damage and converting each extra point of rage into 65% of 2 additional Holystrike damage (up to a maximum cost of 30 rage). Only usable on enemies that have less than 20% health.  This uses Execute modifiers.",16,0,0,4,14,0,0,0
General,General1,Ability,"Righteous Multi-Shot",910620,"Fires several missiles, hitting 3 targets for 65% weapon damage as Holystrike.  This uses Multi-Shot modifiers.",18,0,0,5,16,0,0,0
General,General1,Ability,"Rime Breaker",907580,"Sunder the target's armor causing the Sunder Armor effect. In addition, causes 78% weapon damage (62% if a two-handed weapon is equipped) plus 3 as Froststrike damage for each application of Sunder Armor on the target. The Sunder Armor effect can stack up to 5 times.    Sunder Armor Sunders the target's armor, reducing it by 4%. Stacks up to 5 times and lasts for 30 sec. Does not stack with other similar effects.    This uses Devastate modifiers.",10,0,0,0,0,0,0,0
General,General1,Ability,"Rime Lash",907862,"You charge your off-hand weapon with elemental force, instantly dealing 100% off-hand Weapon damage as Froststrike damage.     Damage is increased by 25% if your off-hand weapon is enchanted with Windfury.    This uses Lava Lash modifiers.",1,0,0,0,0,0,0,0
General,General1,Ability,"Rime Revenge",910800,"Instantly counterattack an enemy for 58 to 70 Froststrike damage. Icy Vengeance is only usable after the warrior blocks, dodges or parries an attack.  This uses Revenge modifiers.",12,0,0,3,10,0,0,0
General,General1,Ability,"Rime Strike",903036,"An instant frost-infused strike that causes 3 Froststrike damage in addition to 65% of your normal weapon damage (55% if a two-handed weapon is equipped). Awards 1 combo point.    This uses Sinister Strike modifiers.",1,0,0,0,0,0,0,0
General,General1,Ability,"Roaring Pyre",280590,"Requires  Path of Healing  This spell belongs to Pyromancer    Conjure a Roaring Pyre at the target location for 20 sec.    Allies within 30 yds of the bonfire are healed for 41, scaling with your Spirit and healing spell power, every 2 sec and their Spirit is increased by 10%.",30,0,0,0,0,0,0,0
General,General1,Ability,"Rock Barrier",280295,"This spell belongs to Primalist    2 Charges, 20 sec recharge Raise rocks from beneath you, increasing your Armor by 98, scaling with your Stamina. Lasts for 10 attacks or 10 sec.    Expending a charge of Rock Barrier launches a Geode at the enemy.  Geode Hurl an enchanted stone at the target, dealing 2 Physical damage.",10,0,0,0,0,0,0,0
General,General1,Ability,"Rocket Boots",280030,"This spell belongs to Tinker    3 Charges, 30 sec recharge  Activate your Rocket Boots launching you forwards.",10,0,0,0,0,0,0,0
General,General1,Ability,"Rocket Launcher",289140,"This spell belongs to Tinker    Fire a powerful rocket at an enemy that deals 78 Fire damage.",10,0,0,0,0,0,0,0
General,General1,Ability,"Roll Back",280115,"This spell belongs to Chronomancer    Roll back time, dispelling the last harmful effect placed on an ally.    Subsequent uses increases the mana cost of this ability by 50% for 5 sec.",18,0,0,0,0,0,0,0
General,General1,Ability,"Rotting Breath",282930,"Deals 170 to 207 Plague damage to enemies in a cone in front of you and applies Rotting.    This ability is usable while shapeshifted.    This uses Dragon's Breath modifiers.    Rotting Deals Plague damage every 3 seconds and increases your damage dealt with Physical, Shadow or Nature spells and abilities by 8% for 9 seconds.",36,0,0,0,0,0,0,0
General,General1,Ability,"Runic Hurricane",280930,"This spell belongs to Runemaster    Strike an enemy 5 times over 2 sec, each strike dealing 50% Weapon Damage as Nature Damage.    While striking your target, your chance to dodge is increased by 100%, but you cannot use any spells or abilities.",10,0,0,0,0,0,0,0
General,General1,Ability,"Saber Slash",284511,"Finishing move that causes damage per combo point:    1 point  : 159-261 damage    2 points: 292-394 damage    3 points: 426-528 damage    4 points: 559-661 damage    5 points: 693-795 damage    Spreads your Rupture when used at 5 points.",40,0,0,0,0,0,0,0
General,General1,Ability,"Sacred Grove",280665,"Requires  Path of Healing  This spell belongs to Primalist    Create a Sacred Grove in a 15 yd radius around you for 16 sec, instantly healing nearby party and raid members for 1003.    While active, allies in the grove receive 25% increased healing and regain 2% of their missing health every 2 sec.",25,0,0,0,0,0,0,0
General,General1,Ability,"Salamander Bite",904540,"Attack the enemy for 11 Firestrike damage.    This uses Mongoose Bite modifiers.",1,0,0,0,0,0,0,0
General,General1,Ability,"Savage Blade",272358,"You throw a Savage Blade at the enemy, dealing 150% ranged weapon damage.",10,0,0,0,0,0,0,0
General,General1,Ability,"Scorched Earth",286356,"Scorch the enemy for 50 to 61 Fire damage. This can be cast while moving.    This uses Scorch modifiers.",22,0,0,0,0,0,0,0
General,General1,Ability,"Screams of the Past",284547,"Unleash a chorus of screams from the past inflicting Psychic Trauma on nearby enemies, causing them flee for 6 sec, be silenced for 5 sec and take 15 Shadow damage every 2 sec for 10 sec.    This uses Psychic Scream modifiers.",10,0,0,0,0,0,0,0
General,General1,Ability,"Seal of Arcane Wrath",277854,"Fills the Paladin with arcane spirit, Paladin melee abilities, and main hand auto attacks deal additional Arcane damage.    Unleashing this Seal's energy will deal 4 Arcane damage to an enemy.    Scales with Seal of Righteousness modifiers.    Only one Seal can be active on the Paladin at any one time.",10,0,0,0,0,0,0,0
General,General1,Ability,"Seal of Ebon Vengeance",288847,"Fills you with ebon power, causing Paladin and Death Knight melee abilities to apply Ebon Corruption, which deals 40 additional Shadow damage over 15 sec.  Ebon Corruption can stack up to 5 times. Once stacked to 5 times, each of your Paladin and Death Knight melee abilities deals damage as additional Shadow damage. Only one Seal can be active on the caster at any one time. Lasts until cancelled.  Unleashing this Seal's energy will deal 170 Shadow damage to an enemy, increased by 10% for each application of Ebon Corruption on the target.    This uses Seal of Vengeance modifiers.",44,0,0,0,0,0,0,0
General,General1,Ability,"Seal of Fervor",272087,"Fills you with fiery spirit, granting each main hand auto attack and Paladin melee ability 1 additional Fire damage. Only one Seal can be active at one time.    Unleashing this Seal's energy burns the enemy, dealing 2 Fire damage every second for 3 seconds.    Scales with Seal of Righteousness damage modifiers.",10,0,0,0,0,0,0,0
General,General1,Ability,"Searing Brand",289443,"This spell belongs to Pyromancer    Burn an enemy, inflicting 112 Fire damage over 21 sec. If Searing Brand is dispelled, it deals 111 Fire damage to the dispeller.    Castable while moving. Cremation can consume this effect and includes its remaining periodic damage.",13,0,0,0,0,0,0,0
General,General1,Ability,"Seismic Tremor",281240,"This spell belongs to Primalist    Send a tremor through the earth at an enemy, dealing 52 Physical damage, plus an additional 248 over 24 sec. Damage is dealt slowly at first, and builds up over time.     Shares a cooldown with other |CffffffffSeismic|r spells.",10,0,0,0,0,0,0,0
General,General1,Ability,"Seismic Wave",280875,"This spell belongs to Primalist    Create a seismic wave of healing water around you, healing for 28 health to up to 8 allies and dealing 48 Nature damage to enemies in a 25 yd radius.      Shares a cooldown with other |CffffffffSeismic|r spells.",10,0,0,0,0,0,0,0
General,General1,Ability,"Sentinel Glaive",280900,"This spell belongs to Starcaller    Throw a sentinel glaive at an enemy, dealing Weapon Damage plus 105 as Arcane damage, increased further based on your maximum mana, and increasing their resource costs by 15% for 8 sec.",10,0,0,0,0,0,0,0
General,General1,Ability,"Serpent Form",275656,"Transforms you into a Serpent, increasing melee attack power by 1 plus 25% of Agility, allowing the use of Cat Form abilities, and causing your auto attacks to also inflict Poisonous Strikes, dealing an additional 10 Nature damage.    This ability uses Cat Form modifiers and Poisonous Strikes uses Instant Poison modifiers.",10,0,0,0,0,0,0,0
General,General1,Ability,"Serpent Strike",275655,"Strike the enemy, causing 80% weapon damage plus 15 damage as Nature and granting you Serpent Strike. Awards 1 combo point.    This uses Claw modifiers.    Serpent Strike Increases the damage of Instant Poison by 3% and the periodic damage of Deadly Poison by 5%. Stacks up to 10 times and lasts 10 sec.",10,0,0,0,0,0,0,0
General,General1,Ability,"Serpent Venom",275658,"Finishing move that poisons the target, dealing Stormstrike damage per combo point:     1 point  : 27 damage over 12 sec     2 points: 42 damage over 12 sec     3 points: 57 damage over 12 sec     4 points: 72 damage over 12 sec     5 points: 87 damage over 12 sec       This uses Rip modifiers.",1,0,0,0,0,0,0,0
General,General1,Ability,"Sever",280230,"This spell belongs to Reaper    Attempt to drain an enemy's vitals, leeching 30 health, interrupting casting and preventing any spell from that school from being cast for 3 sec.",16,0,0,0,0,0,0,0
General,General1,Ability,"Shadesinger Shot",910720,"You attempt to finish the wounded target off, firing a ranged attack dealing 150% weapon damage plus 48 Shadowstrike damage. Shadesinger Shot can only be used on enemies that have 20% or less health.  This uses Kill Shot modifiers.",32,0,0,9,30,0,0,0
General,General1,Ability,"Shadow Artillery",276816,"Launch Shadow Artillery at the target's location, dealing 87 plus 138 over 6 seconds Shadow damage to nearby enemies.    Max 2 charges. 15 second recharge timer.",16,0,0,0,0,0,0,0
General,General1,Ability,"Shadow Blades",277847,"Draws upon surrounding shadows to empower your weapons, causing your direct damaging rogue melee combo point generating abilities to generate 1 additional combo point and deal additional 50 Shadow damage for 15 sec.    Shadow Blades can only trigger once per ability cast.",60,0,0,0,0,0,0,0
General,General1,Ability,"Shadow Counter",273990,"Envelops you in shadows, making you immune to crowd control, knockback, silence and interrupt effects for 2 sec.    Taking direct damage from a player absorbs the hit, causing you to Shadowstep to the attacker.    This ability uses Shadowstep modifiers.",50,0,0,0,0,0,0,0
General,General1,Ability,"Shadow Counter",911800,"A strike that becomes active after parrying an opponent's attack. This attack deals 32 Shadowstrike damage and immobilizes the target for 5 sec.  This uses Counterattack modifiers. Void Counter cannot be blocked, dodged, or parried.",22,0,0,6,20,0,0,0
General,General1,Ability,"Shadow Dagger",284570,"Throw a shadowy dagger that bounces to 4 nearby enemies dealing 50% weapon damage as Shadow and an additional 18 Shadow damage every 3 seconds for 15 sec.",10,0,0,0,0,0,0,0
General,General1,Ability,"Shadow Mend",276995,"Requires  Path of Healing  Wraps an ally in shadows, healing them for 34 health every 1.00 sec over 3 sec.    Usable while in Shadowform.",12,0,0,0,0,0,0,0
General,General1,Ability,"Shadow Missiles",275796,"Launches Shadowstorm Missiles at the enemy, dealing 24 Spellshadow damage every 1 sec for 3 sec.    This uses Arcane Missiles modifiers.",10,0,0,0,0,0,0,0
General,General1,Ability,"Shadow Rupture",904980,"Finishing move that causes Shadowstrike damage over time. Lasts longer per combo point:     1 point  : 40 Shadowstrike damage over 8 sec     2 points: 61 Shadowstrike damage over 10 sec     3 points: 87 Shadowstrike damage over 12 sec     4 points: 117 Shadowstrike damage over 14 sec     5 points: 153 Shadowstrike damage over 16 sec    This uses Rupture modifiers.",20,0,0,0,0,0,0,0
General,General1,Ability,"Shadow Sever",913279,"A vicious strike that deals 65% weapon damage as Shadowstrike plus 36 and wounds the target, reducing the effectiveness of any healing by 50% for 10 sec.  This uses Mortal Strike modifiers. Does not stack with other similar effects.",30,0,0,26,28,0,0,0
General,General1,Ability,"Shadow Shot",276811,"A shadow shot that causes 50% weapon damage. Causes an additional 5 Shadow damage to slowed targets.    Triggers Corruption if known.    This uses Steady Shot modifiers.",10,0,0,0,0,0,0,0
General,General1,Ability,"Shadow Siphon",913222,"A deadly attack that deals 50% weapon damage as Shadowstrike plus 11 and heals you for 5% of your maximum health for each of your diseases on the target.  This uses Death Strike modifiers.",14,0,0,28,12,0,0,0
General,General1,Ability,"Shadow Slam",903110,"Slams the opponent with shadow force, causing 65% weapon damage plus 6 Shadowstrike damage.    This uses Slam modifiers.",1,0,0,0,0,0,0,0
General,General1,Ability,"Shadow Slash",907160,"A strong attack that increases melee damage by 11 as Shadowstrike damage and causes a high amount of threat.    This uses Heroic Strike modifiers.",1,0,0,0,0,0,0,0
General,General1,Ability,"Shadow Smash",286298,"Smashes a target for 98% weapon damage as Shadow damage, increasing your Shadow and Physical damage dealt to the target by 5% for 10 sec.    This uses Colossus Smash modifiers.  This ability is usable while shapeshifted.",30,0,0,0,0,0,0,0
General,General1,Ability,"Shadow Swipe (Bear)",912041,"Swipe nearby enemies, inflicting 12 Shadowstrike damage plus 1 Shadowstrike damage.  This uses Swipe modifiers.",1,0,0,4,0,0,0,0
General,General1,Ability,"Shadow Swipe (Cat)",912040,"Swipe nearby enemies, inflicting 90% weapon damage as Shadowstrike.  This uses Swipe modifiers.",1,0,0,4,4,0,0,0
General,General1,Ability,"Shadow Talon",904620,"A strong attack that increases melee damage by 5 as Shadowstrike damage.    This uses Raptor Strike modifiers.",1,0,0,0,0,0,0,0
General,General1,Ability,"Shadow Waste Bolt",284492,"Sends a shadowy bolt at the enemy, dealing 13 Shadow damage and applying Waste.     This uses Shadow Bolt modifiers.     Waste Afflicts the target with a disease that causes 8 Plague damage every 2 seconds for 6 sec.",10,0,0,0,0,0,0,0
General,General1,Ability,"Shadow Word: Gore",285052,"A word of gory darkness that causes your target to bleed for 7 Shadow damage, increased by 8% (up to 40%) per bleed you have applied to the target. Lasts 18 sec.    This uses Shadow Word: Pain modifiers.",10,0,0,0,0,0,0,0
General,General1,Ability,"Shadowcrawl",280220,"This spell belongs to Venomancer    For 15 sec, all periodic damage dealt now has a 30% chance to burst dealing 10% of its damage as Shadow damage to 8 enemies within 8 yds.    Usable while shapeshifted.",25,0,0,0,0,0,0,0
General,General1,Ability,"Shadowed Riposte",910480,"A strike that becomes active after parrying an opponent's attack. This attack deals 100% weapon damage as Shadowstrike and slows their melee attack speed by 20% for 30 sec. Awards 1 combo point.  This uses Riposte modifiers.",16,0,0,4,14,0,0,0
General,General1,Ability,"Shadowfall",284650,"Unleash a flurry of dark stars from the sky, each impact deals 121 to 136 Shadow damage before exploding for an additional 22 Shadow damage to enemies within 5 yards. The effect lasts 8 sec, summoning up to 16 stars within 20 yards of you.    The final star grants you Shadow Trance.    This uses Starfall modifiers. Canceled if you shapeshift, lose character control, or mount.    Shadow Trance Your next Shadow Bolt or Seed of Corruption is instant and costs 25% less mana.",60,0,0,0,0,0,0,0
General,General1,Ability,"Shadowpierce",913378,"Pierce the target, causing 100% weapon damage as Shadowstrike plus 7 to the target. Must be behind the target. Requires a dagger in the main hand. Awards 1 combo point.  This uses Backstab modifiers.",1,0,0,0,0,0,0,0
General,General1,Ability,"Shadowy Bloodstrike",913156,"Instantly strike the enemy, causing 25% weapon damage as Shadowstrike plus 8, total damage increased by 12.5% for each of your diseases on the target.  This uses Blood Strike modifiers.",1,0,0,0,0,0,0,0
General,General1,Ability,"Shadowy Execution",913090,"Attempt to finish off a wounded foe, causing 65% of 65 Shadowstrike damage and converting each extra point of rage into 65% of 2 additional Shadowstrike damage (up to a maximum cost of 30 rage). Only usable on enemies that have less than 20% health.  This uses Execute modifiers.",16,0,0,4,14,0,0,0
General,General1,Ability,"Shield Strike",274264,"Finishing move that slams the target with your shield, dealing damage and reducing the cooldown of Bloodrage per combo point:      1 point  : 6 damage      2 points: 11 damage      3 points: 17 damage      4 points: 23 damage      5 points: 30 damage    This uses Shield Slam modifiers.",10,0,0,0,0,0,0,0
General,General1,Ability,"Shielded Slash",285790,"A sweeping attack from behind your shield that deals 160 to 164 Pysical damage, increased by your shield block value, to 3 nearby enemies.",20,0,0,0,0,0,0,0
General,General1,Ability,"Shocking Finish",904940,"Finishing move that causes Stormstrike damage per combo point:     1 point  : 5-7 Stormstrike damage     2 points: 9-11 Stormstrike damage     3 points: 14-16 Stormstrike damage     4 points: 19-21 Stormstrike damage     5 points: 24-26 Stormstrike damage    This uses Eviscerate modifiers.",1,0,0,0,0,0,0,0
General,General1,Ability,"Shoulder The Burden",280215,"This spell belongs to Guardian    Instantly transfers 50% of the ally target's threat to you.",20,0,0,0,0,0,0,0
General,General1,Ability,"Shredding Shot",285069,"A shredding shot that inflicts 190% weapon damage and causes the target bleed for 16 Physical damage every 3 sec for 9 sec.    This uses Kill Shot modifiers.",36,0,0,0,0,0,0,0
General,General1,Ability,"Silence in the Library",285938,"Hurls a book at your target, dealing -78 Physical damage, interrupting their casting and preventing any spell from that school of magic from being cast for 6 sec.    This ability shares a cooldown with other interrupts.    Scales with Counterspell modifiers.",16,0,0,0,0,0,0,0
General,General1,Ability,"Slice and Ice",274120,"While active, critical strikes with Sinister Strike and Eviscerate trigger Ice Lance, if known. Manually cast Ice Lance critical strikes restore 40 energy over 8 sec.    Finishing move that boosts melee attack speed by 20%. Duration increases with combo points:     1 point  : 9 seconds     2 points: 12 seconds     3 points: 15 seconds     4 points: 18 seconds     5 points: 21 seconds    Uses Slice and Dice modifiers. Requires a single Two-Handed Melee Weapon.",10,0,0,0,0,0,0,0
General,General1,Ability,"Slither",280800,"This spell belongs to Witch Doctor    Transform into a serpent, removing all movement impairing effects and increasing movement speed by 80% for 5 sec.  You cannot attack or cast spells, but chance to be hit by ranged attacks and spells is reduced by 100% for the duration.",29,0,0,0,0,0,0,0
General,General1,Ability,"Snapseed",289330,"This spell belongs to Ranger    Toss a snapseed at an enemy, dealing 37 Physical damage and knocking them back.",14,0,0,0,0,0,0,0
General,General1,Ability,"Snatch",289342,"This spell belongs to Ranger    Snatch an enemy's melee weapons, disarming them for 4 sec.    If you are disarmed, you also return your weapon to yourself.",26,0,0,0,0,0,0,0
General,General1,Ability,"Snowshred",904320,"Shred the target, causing 145% weapon damage plus 15 as Froststrike damage to the target. Must be behind the target. Awards 1 combo point. Effects which increase bleed damage also increase Snowshred damage.    This uses Shred modifiers.",10,0,0,0,0,0,0,0
General,General1,Ability,"Solar Nova",280940,"This spell belongs to Sun Cleric    Emit a powerful holy light in an 8 yd radius, dealing 94 Holy damage to all nearby enemies.     This ability is guaranteed to critically strike against Undead or Demons.",25,0,0,0,0,0,0,0
General,General1,Ability,"Solar Strike",274515,"Finishing move that has a 20% chance per combo point to apply Solar Burn and deals Spellstorm damage per combo point:     1 point  : 6-8 damage     2 points: 10-12 damage     3 points: 13-15 damage     4 points: 17-19 damage     5 points: 21-23 damage    This uses Eviscerate modifiers.    Solar Burn Burns the enemy for 1 Spellstorm damage every 3 seconds for 9 sec.",10,0,0,0,0,0,0,0
General,General1,Ability,"Soul Reaper",288811,"Afflicts the target for 18 sec, dealing 25 Shadowfrost damage every 3 sec.     While the target is below 35% health, ticks deal tripple damage.     If the target is below 35% health when Soul Reaper expires, it bursts and increases your 15% melee, ranged, and spell casting speed for 5 sec.",18,0,0,0,0,0,0,0
General,General1,Ability,"Spartan Kick",282273,"A mighty kick that knocks your target back and deals 13 physical damage.    THIS IS SPARTA!",12,0,0,0,0,0,0,0
General,General1,Ability,"Spectral Warden",280770,"This spell belongs to Reaper    Summon a spectral guardian to fight alongside you for 20 sec and apply an absorption shield to up to 8 allies within 20 yds, absorbing 235 damage.",25,0,0,0,0,0,0,0
General,General1,Ability,"Speed Rune",281170,"This spell belongs to Runemaster    Conjure a path of runes in the direction you are facing for 10 sec, increasing the movement speed of allies by 70%.    This effect can persist for a short duration after leaving the runic path.",10,0,0,0,0,0,0,0
General,General1,Ability,"Spellbound Cleave",907260,"A sweeping attack that does your weapon damage plus 9 as Spellstrike damage to the target and his nearest ally.    This uses Cleave modifiers.",16,0,0,0,0,0,0,0
General,General1,Ability,"Spellfang Bite",913513,"Finishing move that deals Arcane damage per combo point and converts each extra point of energy (up to a maximum of 30 extra energy) into 0.7 additional damage:      1 point  : 13-16 damage      2 points: 21-24 damage      3 points: 30-33 damage      4 points: 38-41 damage      5 points: 47-50 damage    This uses Ferocious Bite modifiers.",10,0,0,0,0,0,0,0
General,General1,Ability,"Spellwave",913429,"Sends a wave of force in front of the caster, causing 4 Spellstrike damage (based on attack power) and stunning all enemy targets in a frontal cone for 4 sec.  This uses Shockwave modifiers.",40,0,0,40,38,0,0,0
General,General1,Ability,"Spiked Reinforcement",280405,"This spell belongs to Guardian    Reinforce your shield with spikes, causing your blocks to deal 3 Physical damage to the attacker. Lasts 1 hour.",10,0,0,0,0,0,0,0
General,General1,Ability,"Spirit Charge",281220,"This spell belongs to Primalist    Charge to an ally's aid, healing them for 53 and dealing 67 Nature damage to enemies within 5 yds of them.",10,0,0,0,0,0,0,0
General,General1,Ability,"Spirit of the Forest",283800,"Imbues you with the Spirit of the Forest for 20 sec. Wild Growth heals twice as many targets, Lifebloom now applies with 3 stacks and Rejuvenation now instantly heals your ally for 3.",10,0,0,0,0,0,0,0
General,General1,Ability,"Spite",281250,"This spell belongs to Barbarian    Quickly unleash 3 ranged attacks at your target and then fling yourself back a great distance, dealing 150% Ranged Weapon Damage.",20,0,0,0,0,0,0,0
General,General1,Ability,"Spore",281090,"This spell belongs to Venomancer    Inject an enemy with parasitic spores, dealing 15 Shadow damage, plus an additional 84 to 98 over 21 sec.    After 10 sec, drop a Mushroom below the target that explodes after 2 sec, dealing 2 Nature damage to nearby enemies.",10,0,0,0,0,0,0,0
General,General1,Ability,"Staggering Shout",283412,"Causes all enemies within 10 yards to become rooted for 3 sec. Damage caused may interrupt the effect.",20,0,0,0,0,0,0,0
General,General1,Ability,"Stampede",290060,"Summon a herd of stampeding animals from the wilds around you that deal Physical damage to your enemies over 6 sec. The animals run up to 30 yards in front of you.    Enemies struck by the stampede take increased damage from your pet by 5% for 15 sec. Stacks up to 4 times. Enemies struck also have their movement speed reduced by 50% for 3 sec.    Damage is increased by 50% if Bestial Wrath is active on your pet.    The cooldown of Stampede is reduced by the Longevity talent.",40,0,0,40,38,0,0,0
General,General1,Ability,"Starburst",284221,"Channel rapid Arcane Explosions in the area, dealing 29 Arcane damage every 0.5 sec. Damage increases by 100% each tick.    Casting damaging spells increases the channel duration by 0.5 sec, up to 1.5 sec.    Scales with Arcane Explosion Modifiers.",12,0,0,0,0,0,0,0
General,General1,Ability,"Starcall",289250,"This spell belongs to Starcaller    Smash up to 8 enemies, dealing 4 Arcane damage, scaling with block value, and reducing their attack speed by 20% for 10 sec.",10,0,0,0,0,0,0,0
General,General1,Ability,"Starshatter",280620,"This spell belongs to Starcaller    Call down the power of the stars, sending forth Elune's astral light in a line outward from you, stunning enemies struck for 5 sec.",30,0,0,0,0,0,0,0
General,General1,Ability,"Stone Shard",285085,"Instantly shocks the target with concussive force, dealing 24 Physical damage.     This uses Earth Shock modifiers.",1,0,0,0,0,0,0,0
General,General1,Ability,"Storm Breaker",907600,"Sunder the target's armor causing the Sunder Armor effect. In addition, causes 78% weapon damage (62% if a two-handed weapon is equipped) plus 3 as Stormstrike damage for each application of Sunder Armor on the target. The Sunder Armor effect can stack up to 5 times.    Sunder Armor Sunders the target's armor, reducing it by 4%. Stacks up to 5 times and lasts for 30 sec. Does not stack with other similar effects.    This uses Devastate modifiers.",10,0,0,0,0,0,0,0
General,General1,Ability,"Storm Counter",911780,"A strike that becomes active after parrying an opponent's attack. This attack deals 32 Stormstrike damage and immobilizes the target for 5 sec.  This uses Counterattack modifiers. Storm Counter cannot be blocked, dodged, or parried.",22,0,0,6,20,0,0,0
General,General1,Ability,"Storm Mangle",939300,"Mangle the target, inflicting Stormstrike damage and causing the target to take 30% additional damage from bleeds for 1 min.   Does not stack with other similar effects.  This ability can be used in Cat Form or Dire Bear Form. This uses Mangle modifiers.",36,0,0,0,0,0,0,0
General,General1,Ability,"Storm Maul",904460,"A strong attack that increases melee damage by 18 as Stormstrike damage and causes a high amount of threat. Effects which increase bleed effects also increase Maul damage.    This uses Maul modifiers.",1,0,0,0,0,0,0,0
General,General1,Ability,"Storm Multi-Shot",910580,"Fires several missiles, hitting 3 targets for 65% weapon damage as Stormstrike.  This uses Multi-Shot modifiers.",18,0,0,5,16,0,0,0
General,General1,Ability,"Storm Rake",904220,"Rake the target for 7 Stormstrike damage and an additional 65 Stormstrike damage over 9 sec. Awards 1 combo point.    This uses Rake modifiers.",18,0,0,0,0,0,0,0
General,General1,Ability,"Storm Revenge",910820,"Instantly counterattack an enemy for 58 to 70 Stormstrike damage. Storming Vengeance is only usable after the warrior blocks, dodges or parries an attack.  This uses Revenge modifiers.",12,0,0,3,10,0,0,0
General,General1,Ability,"Storm Sever",913270,"A vicious strike that deals 65% weapon damage as Stormstrike plus 36 and wounds the target, reducing the effectiveness of any healing by 50% for 10 sec.  This uses Mortal Strike modifiers. Does not stack with other similar effects.",30,0,0,26,28,0,0,0
General,General1,Ability,"Storm Siphon",913212,"A deadly attack that deals 50% weapon damage as Stormstrike plus 11 and heals you for 5% of your maximum health for each of your diseases on the target.  This uses Death Strike modifiers.",14,0,0,28,12,0,0,0
General,General1,Ability,"Storm Slam",903140,"Slams the opponent, causing 65% weapon damage plus 6 Stormstrike damage.    This uses Slam modifiers.",1,0,0,0,0,0,0,0
General,General1,Ability,"Storm Smash",277079,"Smash the ground dealing 22 Physical damage to nearby enemies and increasing the time between attacks by 10% for 10 sec. This ability causes additional threat.",10,0,0,0,0,0,0,0
General,General1,Ability,"Storm Spree",913456,"Step through the shadows from enemy to enemy within 10 yards, attacking an enemy for 85% weapon damage as Stormstrike every 0.5 sec with both weapons until 5 assaults are made. Can hit the same target multiple times. Cannot hit invisible or stealthed targets.  This uses Killing Spree modifiers.",40,0,0,40,38,0,0,0
General,General1,Ability,"Storm Swipe (Bear)",912021,"Swipe nearby enemies, inflicting 12 Stormstrike damage plus 1 Stormstrike damage.  This uses Swipe modifiers.",1,0,0,4,0,0,0,0
General,General1,Ability,"Storm Swipe (Cat)",912020,"Swipe nearby enemies, inflicting 90% weapon damage as Stormstrike.  This uses Swipe modifiers.",1,0,0,4,4,0,0,0
General,General1,Ability,"Storm Talon",904700,"A strong attack that increases melee damage by 5 as Stormstrike damage.    This uses Raptor Strike modifiers.",1,0,0,0,0,0,0,0
General,General1,Ability,"Stormbound Cleave",907360,"A sweeping attack that does your weapon damage plus 9 as Stormstrike damage to the target and his nearest ally.    This uses Cleave modifiers.",16,0,0,0,0,0,0,0
General,General1,Ability,"Stormbound Shot",904820,"An aimed shot that deals 100% weapon damage plus 12 as Stormstrike damage and reduces healing done to that target by 50%. Lasts 10 sec.   Does not stack with other similar effects.  This uses Aimed Shot modifiers.",16,0,0,0,0,0,0,0
General,General1,Ability,"Stormchaser",907720,"Instantly strike the enemy, causing 65% weapon damage as Stormstrike damage. Only usable after the target dodges. Stormchaser cannot be blocked, dodged, or parried.    This uses Overpower modifiers.",10,0,0,0,0,0,0,0
General,General1,Ability,"Stormcloak",280110,"This spell belongs to Stormbringer    Cover yourself in a barrier of volatile energy for 15 sec, causing all attacks against you to have a 25% chance to deal half damage.    Stormcloak has a 60% chance to resist dispel effects.",28,0,0,0,0,0,0,0
General,General1,Ability,"Stormhammer",273955,"Throw a Lightning infused hammer at the target, dealing 163 Nature damage. Causes a high amount of threat.    This uses Concussion Blow modifiers.",30,0,0,0,0,0,0,0
General,General1,Ability,"Storming Execution",913080,"Attempt to finish off a wounded foe, causing 65% of 65 Stormstrike damage and converting each extra point of rage into 65% of 2 additional Stormstrike damage (up to a maximum cost of 30 rage). Only usable on enemies that have less than 20% health.  This uses Execute modifiers.",16,0,0,4,14,0,0,0
General,General1,Ability,"Stormpierce",913366,"Pierce the target, causing 100% weapon damage as Stormstrike plus 7 to the target. Must be behind the target. Requires a dagger in the main hand. Awards 1 combo point.  This uses Backstab modifiers.",1,0,0,0,0,0,0,0
General,General1,Ability,"Stormreaver",907861,"An instant storm strike that causes 50% weapon damage as Stormstrike damage.    This uses Crusader Strike modifiers.",1,0,0,0,0,0,0,0
General,General1,Ability,"Stormshred",904340,"Shred the target, causing 145% weapon damage plus 15 as Stormstrike damage to the target. Must be behind the target. Awards 1 combo point. Effects which increase bleed damage also increase Stormshred damage.    This uses Shred modifiers.",10,0,0,0,0,0,0,0
General,General1,Ability,"Stormthirst",910340,"Instantly attack the target causing 4 Stormstrike damage. Each bleed applied by you increases the damage of Stormthirst by 8%, up to a maximum of 40%. In addition, the next 3 successful melee attacks will restore 1% of max health. This effect lasts 8 sec.  This uses Bloodthirst modifiers.",30,0,0,8,28,0,0,0
General,General1,Ability,"Summon Void Zone",282977,"Summons a Void Zone at the target location, dealing 55 Shadow damage. Enemies within 4 yards take 25 to 29 damage every 2 sec and take 5% increased Shadow damage for 10 sec.",20,0,0,0,0,0,0,0
General,General1,Ability,"Sun Down",289100,"This spell belongs to Sun Cleric    Bring the wrath of the sun down upon an enemy after 2 sec, dealing 352 Holyflame Damage and scorching the earth beneath them for 9 sec.    While inside, enemies are struck by a Solar Flare every 3 sec.  Solar Flare Deals 40 Holyflame Damage and reduces the target's chance to hit by 3% for 10 sec.",25,0,0,0,0,0,0,0
General,General1,Ability,"Sun Gate",280155,"This spell belongs to Sun Cleric    Shift 25 yds forward at light speed, removing all root effects.    This leaves behind a Sun Gate for 15 sec that allies can interact with to blink themselves the same distance forward. Allies can only use |CffffffffSun Gate|r every 1.50 min.",10,0,0,0,0,0,0,0
General,General1,Ability,"Sunburst",271676,"Deals 101 Nature damage to the target and 4 enemies within 5 yards.    This uses Starsurge modifiers.",28,0,0,0,0,0,0,0
General,General1,Ability,"Sunder Soul",283764,"Sunders the target's soul, dealing 65% Shadowstrike weapon damage (52% if a two-handed weapon is equipped) plus 3 and increases your spell critical strike chance against the target by 3%. Stacks 5 times and lasts for 15 sec.    This uses Devastate modifiers.  This ability is usable while shapeshifted.",10,0,0,0,0,0,0,0
General,General1,Ability,"Sunfire",283815,"Burns your target and 4 additional targets within 8 yards, dealing 9 to 12 Firestorm damage and 30 additional damage over 15 sec.",10,0,0,0,0,0,0,0
General,General1,Ability,"Sunwell",280645,"This spell belongs to Sun Cleric    Become an embodiment of the sun for 30 sec, periodically dispelling fear, sleep, and charm effects every 3 sec from allies within 40 yds.",25,0,0,0,0,0,0,0
General,General1,Ability,"Surging Tonic",289268,"This spell belongs to Witch Hunter    Drink a bitter tonic, increasing your haste by 15% and reducing the cost of all abilities by 20% for 15 sec.    Shares a cooldown with other Tonics.",20,0,0,0,0,0,0,0
General,General1,Ability,"Survival Potion",289320,"This spell belongs to Ranger    Drink a survival potion, immediately dispelling all poison and disease effects. Every 3 sec for 9 sec, heal for 10% of your maximum health and remove one additional poison and disease effect.",20,0,0,0,0,0,0,0
General,General1,Ability,"Synchronize",276345,"Heals all nearby Aligned or Time-bound allies every second for 4 seconds. While channeling, time is stalled, freezing the duration of your active Aligned buffs.    Max 2 charges. 6 second recharge timer.    Casting Synchronize consumes 70 energy, if Temporal Distortion or Eternity is known.    This uses Arcane Missiles modifiers.",10,0,0,0,0,0,0,0
General,General1,Ability,"Syndicate Sniper Shot",284989,"Fire a shot from Stealth, dealing 205% weapon damage plus 11. Awards 2 combo points.",18,0,0,0,0,0,0,0
General,General1,Ability,"Tectonic Shockwave",285343,"Unleashes a wave of force in front of you, dealing 144 Physical damage and granting you Tectonic Echo for each enemy hit causing your next Earth Shock to hit 1 additional target. Stacks up to 6 times and lasts 20 sec.",60,0,0,0,0,0,0,0
General,General1,Ability,"Tempest Shield Slam",910940,"Slam the target with your shield, causing 191 to 199 Stormstrike damage, modified by your shield block value, and dispels 1 magic effect on the target. Causes a high amount of threat.  This uses Shield Slam modifiers.",40,0,0,11,38,0,0,0
General,General1,Ability,"Tempest Smash",907480,"Blasts nearby enemies dealing 10 Stormstrike damage and increasing the time between their attacks by 10% for 10 sec. This ability causes additional threat.    This uses Thunder Clap modifiers.",1,0,0,0,0,0,0,0
General,General1,Ability,"Templar's Slash",278742,"Launch a powerful swing, dealing 300% weapon damage to up to 6 enemies in a cone in front of you.    Max 3 charges, 8 seconds recharge timer.",10,0,0,0,0,0,0,0
General,General1,Ability,"Temporal Blast",274026,"Blasts your target with energy, dealing 143 Arcane damage.    If canceled early, your next Temporal Blast is reduced by the time spent casting.    Casting this increases all Arcane damage by 15% and its mana cost by 150%. Stacks up to 4 times and lasts 6 sec. Removed if you cast another Arcane ability that deals damage.    This uses Arcane Blast modifiers.",18,0,0,0,0,0,0,0
General,General1,Ability,"Temporal Rift",284758,"Create a temporal rift that explodes after 4 seconds, dealing 43 to 50 Arcane damage to enemies within 10 yards.     Max 3 charges. 10 seconds recharge timer.    This uses Arcane Explosion modifiers.",12,0,0,0,0,0,0,0
General,General1,Ability,"Temporal Shield",283386,"Envelops you in a temporal shield for 4 sec. If the shield lasts its full duration, 75% of the damage taken is instantly restored.",50,0,0,0,0,0,0,0
General,General1,Ability,"Testament of Fortitude",280370,"This spell belongs to Templar    Meditate for 15 sec, restoring 5% of your base health every 1 sec and reducing damage taken by 20%.    Each second you will also remove 1 disease effect from yourself.",10,0,0,0,0,0,0,0
General,General1,Ability,"The Eye of the Storm",280280,"This spell belongs to Stormbringer    Mark an enemy for 4 sec. Every 1 sec, enemies near them take 21 Nature damage.    At the end of the duration, enemies near them also take 70 Nature damage and are rooted for 4 sec.",10,0,0,0,0,0,0,0
General,General1,Ability,"Thief of Fate",282047,"Steals a beneficial magic effect from the target. Stolen effects last a maximum of 2 min.    Does not break stealth.    This uses Pick Pocket modifiers.",40,0,0,0,0,0,0,0
General,General1,Ability,"Thrash (Bear)",291026,"Deals 9 damage, and causes all targets within 8 yards to bleed for 2 damage over 10 sec sec, this bleed can stack up to 5 times.    This ability scales with modifiers to Swipe (Bear).",0,0,0,0,0,0,0,0
General,General1,Ability,"Throw Weapon",282329,"Throws your weapon, inflicting 100% weapon damage and stunning the target for 1 second. Disarms you for 2 sec.",10,0,0,0,0,0,0,0
General,General1,Ability,"Thrust",274269,"An instant strike that causes 3 damage in addition to 100% of your normal weapon damage. Awards 1 combo point and ignores 20% of the armor.    This uses Sinister Strike modifiers.",10,0,0,0,0,0,0,0
General,General1,Ability,"Thunder Hide",277080,"The caster's fur becomes electrically charged, reducing damage taken from creatures by 5%.    When hit by a spell, melee, or ranged attack, the attacker is struck for 13 Nature damage. This consumes a charge of Thunder Hide and lasts 10 min.    This uses Lightning Shield modifiers. This effect can only occur once every 3 sec.",10,0,0,0,0,0,0,0
General,General1,Ability,"Thunder Slam",275048,"Slams up to 5 nearby opponents, causing 45% Nature weapon damage plus 26 Nature damage within a 10-yard frontal cone.     This uses Slam modifiers.",30,0,0,0,0,0,0,0
General,General1,Ability,"Thundering Bloodstrike",913144,"Instantly strike the enemy, causing 25% weapon damage as Stormstrike plus 8, total damage increased by 12.5% for each of your diseases on the target.  This uses Blood Strike modifiers.",1,0,0,0,0,0,0,0
General,General1,Ability,"Thundering Riposte",910460,"A strike that becomes active after parrying an opponent's attack. This attack deals 100% weapon damage as Stormstrike and slows their melee attack speed by 20% for 30 sec. Awards 1 combo point.  This uses Riposte modifiers.",16,0,0,4,14,0,0,0
General,General1,Ability,"Thunderlizard Bite",904580,"Attack the enemy for 11 Stormstrike damage.    This uses Mongoose Bite modifiers.",1,0,0,0,0,0,0,0
General,General1,Ability,"Thunderwave",913420,"Sends a wave of force in front of the caster, causing 4 Stormstrike damage (based on attack power) and stunning all enemy targets in a frontal cone for 4 sec.  This uses Shockwave modifiers.",40,0,0,40,38,0,0,0
General,General1,Ability,"Time Bomb",284591,"Applies a Time Bomb to the enemy that stores 50% of your Arcane damage dealt against the target and detonates it after 10 sec.    Dealing damage with Arcane Barrage decreases the cooldown by 8 seconds.",50,0,0,0,0,0,0,0
General,General1,Ability,"Time Out!",280085,"This spell belongs to Chronomancer    Enter a stasis for 6 sec, instantly restoring 15% of your maximum mana and regenerating 5% of your maximum mana every 0.50 sec.  While active, your damage taken is reduced by 50% but any direct damage taken may end the effect.",30,0,0,0,0,0,0,0
General,General1,Ability,"Time Warp",272171,"Returns you to your active Temporal Anomaly.    While you know this spell casting Blink leaves behind a Temporal Anomaly.",20,0,0,0,0,0,0,0
General,General1,Ability,"Time-bind",276344,"Requires  Path of Healing  Creates a bond with Eternity with your ally. After 6 sec, it applies a periodic heal, restoring 30% of the damage taken during the bond. This effect is increased by healing power.    Casting Time-bind consumes 30 energy, if Temporal Distortion or Eternity is known.    Duration cannot be extended.    Only one target can be affected by Time-bind at a time.    This uses Renew modifiers.",10,0,0,0,0,0,0,0
General,General1,Ability,"Timeguard",280120,"This spell belongs to Chronomancer    Place a magical guard on an ally for 2 min, causing the next 3 instances of direct damage that would reduce the target below 35% health to deal 40% less damage.",10,0,0,0,0,0,0,0
General,General1,Ability,"Titanic Mutilate",271779,"Instantly attacks with both weapons for 70% weapon damage. Damage is increased by 20% against bleeding targets. Awards 2 combo points.    This uses Mutilate modifiers.",20,0,0,0,0,0,0,0
General,General1,Ability,"Titanic Strike",273668,"Strike with both weapons, dealing weapon damage per combo point.     1 point  : 90% combined weapon damage     2 points: 120% combined weapon damage     3 points: 150% combined weapon damage     4 points: 180% combined weapon damage     5 points: 210% combined weapon damage",10,0,0,0,0,0,0,0
General,General1,Ability,"Touch of Elune",278080,"Place the Touch of Elune on an enemy. For the next 10 sec, casting Wrath, Starfire and Starsurge spells to other targets also triggers them on the target marked by your Touch of Elune.    Increases the damage and critical strike chance of Wrath, Starfire and Starsurge by 15%.",10,0,0,0,0,0,0,0
General,General1,Ability,"Tracer Augmentation",280655,"This spell belongs to Tinker    Add a Tracer Augmentation to your gun for 1 hour, causing your ranged auto attacks to deal an additional 5% weapon damage as Fire damage.",25,0,0,0,0,0,0,0
General,General1,Ability,"Tranquil Circle",280275,"This spell belongs to Templar    Place a holy circle on the ground at the target location for 4 sec, slowing enemy movement speed within by 70%.    Every 2 sec, enemies within the radius enter a tranquil state, falling asleep for 40 sec.",10,0,0,0,0,0,0,0
General,General1,Ability,"Trap Launcher: Explosive Trap",277755,"Launches your Explosive Trap at the target location.",34,0,0,0,0,0,0,0
General,General1,Ability,"Trap Launcher: Immolation Trap",277761,"Launches your Immolation Trap at the target location.",16,0,0,0,0,0,0,0
General,General1,Ability,"Tree of Wrath",271151,"Grants the ability to shapeshift into the Tree of Wrath, freeing you from all movement impairing effects.    While active, you increase your party and raid's healing received by 6%.    In this form, you can only cast healing spells, Lightning Bolt or Chain Lightning, and their chance to hit is increased by 100%.    Tree of Wrath reduces the mana cost of your Druid healing over time spells by 20%.",50,0,0,0,0,0,0,0
General,General1,Ability,"Twilight Shieldtoss",289130,"This spell belongs to Cultist    Hurl a cursed shield, dealing 90 Shadow damage to up to 3 enemies, reduced by 20% with each jump.",10,0,0,0,0,0,0,0
General,General1,Ability,"Twilight Shock",283100,"Instantly blasts the target for 132 Twilight damage and causes the target to take 9 damage every 2 seconds for 6 sec.    This uses Shadowburn modifiers.",30,0,0,0,0,0,0,0
General,General1,Ability,"Twisted Mind",284448,"Your mind becomes twisted, increasing your spell power by 1 and your hit chance by 3%, but reduces your healing and absorbs by 5%.    This cannot be used together with other bar-changing abilities such as Stances or Forms.",60,0,0,0,0,0,0,0
General,General1,Ability,"Twisted Seal",280610,"This spell belongs to Cultist    Create a warped sigil that bends hostile force away from you, deflecting all spells for 5 sec, but making you unable to attack or cast spells.    Casters whose magic is deflected are silenced for 3 sec.",30,0,0,0,0,0,0,0
General,General1,Ability,"Tyr's Deliverance",278340,"Releases the Light within yourself, healing 10 injured allies for 401 within 40 yards. Afterward, heals 3 allies for 161 every 1 sec for 15 sec.",50,0,0,0,0,0,0,0
General,General1,Ability,"Umbral Shield Slam",910960,"Slam the target with your shield, causing 191 to 199 Shadowstrike damage, modified by your shield block value, and dispels 1 magic effect on the target. Causes a high amount of threat.  This uses Shield Slam modifiers.",40,0,0,11,38,0,0,0
General,General1,Ability,"Umbral Smash",907400,"Blasts nearby enemies dealing 10 Shadowstrike damage and increasing the time between their attacks by 10% for 10 sec. This ability causes additional threat.    This uses Thunder Clap modifiers.",1,0,0,0,0,0,0,0
General,General1,Ability,"Unchained Blink",275204,"Teleports the caster 20 yards forward.    This ability can be used while casting, but not channeling, and does not trigger a global cooldown.    This uses Blink modifiers.",20,0,0,0,0,0,0,0
General,General1,Ability,"Unrelenting Wrath",272318,"Send your Tamed Pet into a rage for 8 sec causing 30% additional damage, reducing its threat generated by 15%, and resetting the cooldown of your Frenzy Shot.    Max 2 charges. 2 minute recharge timer. Bestial Assault rapidly restores charges.    Tamed Pet includes Summoned Demon, Enslave Demon, Dominate Undead, Tame Dragonkin, Tether Elemental, Summoned Ghoul, and Tame Beast.    Will trigger a lesser version of Beast Within if any rank is known, you are not immune to crowd control effects during this.",10,0,0,0,0,0,0,0
General,General1,Ability,"Unstable Chronoglass",280145,"This spell belongs to Chronomancer    Place an Unstable Chronoglass at target location for 30 sec that will redirect the next 3 enemy spell casts onto itself.",10,0,0,0,0,0,0,0
General,General1,Ability,"Unstable Evocation",284298,"While channeling, you are immune to interrupts, silences and stuns, and you gain 32% of your total mana over 4 sec. After completing Unstable Evocation, nearby enemies are blasted with 56 Arcane damage and knocked back.    This scales with Evocation modifiers.",20,0,0,0,0,0,0,0
General,General1,Ability,"Upheaval",276116,"You stomp the ground, causing a stone spike to erupt beneath your target, dealing 150% off-hand Weapon damage. Deals 125% increased damage if your off-hand weapon is imbued with Rockbiter Weapon.    This uses Lava Lash modifiers.",20,0,0,0,0,0,0,0
General,General1,Ability,"Valkyr's Calling",280650,"This spell belongs to Sun Cleric    Target an enemy and leap into the air, becoming immune to all physical attacks and spells for 2 sec.    At the end of the duration, you charge back down, dealing 127 Holy damage to all enemies within 8 yds.",25,0,0,0,0,0,0,0
General,General1,Ability,"Vampiric Bite",285759,"Deals 79 Shadow damage every 3 seconds and increases your chance to critically strike the target by 3%. Lasts 15 sec.    This uses Vampiric Touch modifiers. This periodic damage can critically strike.",36,0,0,0,0,0,0,0
General,General1,Ability,"Vampiric Tonic",289261,"This spell belongs to Witch Hunter    Drink a vampiric tonic, causing Physical damage dealt to heal you for 10% of the damage dealt for 15 sec. This healing cannot exceed 10% of your maximum health per heal.    Shares a cooldown with other Tonics.",20,0,0,0,0,0,0,0
General,General1,Ability,"Veil of Shadows",285822,"Veil the target with sinister shadow magic, dealing 37 Shadow damage every 2 seconds for 20 sec.    Reduces all magical resistances by 45 and increases magic damage taken by 6% and applies Corrupting Shadows.    Does not stack with other similar effects. This uses Curse of the Elements modifiers.    Corrupting Shadows Reduces healing received by 30% for 8 sec.",32,0,0,0,0,0,0,0
General,General1,Ability,"Veilwalk",280340,"This spell belongs to Reaper    2 Charges, 60 sec recharge  Move with spectral agility, gaining 50% increased movement speed for 5 sec.    Removes all movement impairing effects. Usable while stealthed.",10,0,0,0,0,0,0,0
General,General1,Ability,"Venom Belch",283006,"Spawns a pool of vile poison at the target location that inflicts 3 Nature damage to nearby enemies every 1 second for 10 sec.    This ability is usable while shapeshifted.",10,0,0,0,0,0,0,0
General,General1,Ability,"Venomous Fury",275659,"Finishing move that deals Stormstrike damage per combo point and converts each extra point of energy (up to a maximum of 30 extra energy) into 0.7 additional damage:      1 point  : 13-16 damage      2 points: 21-24 damage      3 points: 30-33 damage      4 points: 38-41 damage      5 points: 47-50 damage    This uses Ferocious Bite modifiers.",10,0,0,0,0,0,0,0
General,General1,Ability,"Viper's Bite",289375,"This spell belongs to Ranger    Unleash 4 quick strikes over 1 sec. Each strike deals 40% weapon damage and generates 1 combo point.    Against a bleeding target, each strike also deals 10% Physical weapon damage. Against a poisoned target, each strike also deals 10% Nature weapon damage.    Requires a one-handed weapon. Usable while shapeshifted.",40,0,0,0,0,0,0,0
General,General1,Ability,"Voice of Bwonsamdi",280920,"This spell belongs to Witch Doctor    Let the spirit of Bwonsamdi possess you for 15 sec.    Dealing periodic damage unleashes a trapped voodoo spirit at enemies, exploding for 0 Shadow damage.",25,0,0,0,0,0,0,0
General,General1,Ability,"Void Lash",907100,"You charge your off-hand weapon with elemental force, instantly dealing 100% off-hand Weapon damage as Shadowstrike damage.     Damage is increased by 25% if your off-hand weapon is enchanted with Windfury.    This uses Lava Lash modifiers.",1,0,0,0,0,0,0,0
General,General1,Ability,"Void Multi-Shot",910600,"Fires several missiles, hitting 3 targets for 65% weapon damage as Shadowstrike.  This uses Multi-Shot modifiers.",18,0,0,5,16,0,0,0
General,General1,Ability,"Void Spree",913459,"Step through the shadows from enemy to enemy within 10 yards, attacking an enemy for 85% weapon damage as Shadowstrike every 0.5 sec with both weapons until 5 assaults are made. Can hit the same target multiple times. Cannot hit invisible or stealthed targets.  This uses Killing Spree modifiers.",40,0,0,40,38,0,0,0
General,General1,Ability,"Void Strike",903012,"An instant shadow-infused strike that causes 3 Shadowstrike damage in addition to 65% of your normal weapon damage (55% if a two-handed weapon is equipped). Awards 1 combo point.    This uses Sinister Strike modifiers.",1,0,0,0,0,0,0,0
General,General1,Ability,"Voidborne",289040,"This spell belongs to Cultist    Tap into your inner voidborne rage, increasing your damage dealt and critical strike chance by 25%, and granting you immunity to stun effects for 10 sec.",25,0,0,0,0,0,0,0
General,General1,Ability,"Voidbound Cleave",907280,"A sweeping attack that does your weapon damage plus 9 as Shadowstrike damage to the target and his nearest ally.    This uses Cleave modifiers.",16,0,0,0,0,0,0,0
General,General1,Ability,"Voidbound Shot",904740,"An aimed shot that deals 100% weapon damage plus 12 as Shadowstrike damage and reduces healing done to that target by 50%. Lasts 10 sec.   Does not stack with other similar effects.  This uses Aimed Shot modifiers.",16,0,0,0,0,0,0,0
General,General1,Ability,"Voidchaser",907640,"Instantly strike the enemy, causing 65% weapon damage as Shadowstrike damage. Only usable after the target dodges. Voidchaser cannot be blocked, dodged, or parried.    This uses Overpower modifiers.",10,0,0,0,0,0,0,0
General,General1,Ability,"Voidwave",913423,"Sends a wave of force in front of the caster, causing 4 Shadowstrike damage (based on attack power) and stunning all enemy targets in a frontal cone for 4 sec.  This uses Shockwave modifiers.",40,0,0,40,38,0,0,0
General,General1,Ability,"Volcanic Shell",281060,"This spell belongs to Pyromancer    Conjure a shield of magma and fire around you, absorbing 500 damage. Lasts 10 sec.",29,0,0,0,0,0,0,0
General,General1,Ability,"Volt Spike",913318,"An instant strike that deals 65% weapon damage as Stormstrike and applies Hemorrhage, increasing Physical damage taken by up to 9. Lasts 10 charges or 15 sec. Awards 1 combo point.  Deals 114% weapon damage as Stormstrike if a dagger is equipped and 55% if a two-hander is equipped.  This uses Hemorrhage modifiers.",22,0,0,22,20,0,0,0
General,General1,Ability,"Volt Strike",903048,"An instant storm-infused strike that causes 3 Stormstrike damage in addition to 65% of your normal weapon damage (55% if a two-handed weapon is equipped). Awards 1 combo point.    This uses Sinister Strike modifiers.",1,0,0,0,0,0,0,0
General,General1,Ability,"Voltaic Bite",277081,"Instantly bite the target for 150% weapon damage as Nature.    This uses Stormstrike modifiers.",10,0,0,0,0,0,0,0
General,General1,Ability,"Wailing Arrow",979224,"Fire a Wailing Arrow, dealing 80% ranged weapon damage as Shadow damage to the target and enemies within 8 yards. Affected enemies take 50% increased damage from your Dark Arrows and Shadow Artillery against monsters for 10 sec.    Periodic damage of Black Arrow increases Wailing Arrow's damage by 20% and the damage bonus to Dark Arrows and Shadow Artillery by an additional 10%. Stacks up to 10 times and is consumed when Wailing Arrow is fired.",50,0,0,0,0,0,0,0
General,General1,Ability,"War Golem",280445,"This spell belongs to Witch Doctor    Summon a War Golem for 10 sec, absorbing damage dealt to you and redirecting harmful spells cast on nearby allies to itself.    The golem is passive and has no offensive abilities.",10,0,0,0,0,0,0,0
General,General1,Ability,"Warbreaker",284476,"Stomp the ground, dealing 130% armor piercing weapon damage to nearby enemies and causing your attacks to pierce 30% of their armor for 10 sec.    This uses Colossus Smash modifiers.",30,0,0,0,0,0,0,0
General,General1,Ability,"Warcry",272851,"Increases your melee and ranged critical strike chance by 15% for 15 sec.",10,0,0,0,0,0,0,0
General,General1,Ability,"Warding Rune",280065,"This spell belongs to Runemaster    Engrave anti-magic runes around you, removing all harmful magic effects and causing harmful magic effects to have no duration when cast on you for 6 sec.",10,0,0,0,0,0,0,0
General,General1,Ability,"Water Ascendance",290122,"Transform into a being of raw elemental power for 15 sec, applying Riptide (if known) to 4 nearby allies.     While active, your Chain Heal is infused with healing waters and now jumps to twice as many allies.     You can cast Shaman Nature healing spells while moving but your movement speed is reduced by 40%.",40,0,0,0,0,0,0,0
General,General1,Ability,"Water Nova",272031,"Deals 15 Frost damage to all enemies in the area.    This uses Frost Nova modifiers.  This ability is usable while shapeshifted.",10,0,0,0,0,0,0,0
General,General1,Ability,"Wave of Despair",283182,"Unleash a shadowy onslaught, dealing 632 Shadow damage to 8 enemies.    This uses Seed of Corruption modifiers.",60,0,0,0,0,0,0,0
General,General1,Ability,"Waves of Time",280820,"This spell belongs to Chronomancer    Blast enemies in a frontal cone with time fractals, knocking them back slightly.    The knockback repeats 1 additional time after 2 sec.",10,0,0,0,0,0,0,0
General,General1,Ability,"Weighted Reinforcement",280410,"This spell belongs to Guardian    Reinforce your shield with heavy alloys, increasing your attack power by 5%, but reducing your haste by 5%. Lasts 1 hr.",10,0,0,0,0,0,0,0
General,General1,Ability,"Wendigo Bite",904560,"Attack the enemy for 11 Froststrike damage.    This uses Mongoose Bite modifiers.",1,0,0,0,0,0,0,0
General,General1,Ability,"Whirling Aether",907740,"In a whirlwind of steel you attack up to 4 enemies within 8 yards, causing 65% weapon damage as Spellstrike damage from both melee weapons to each enemy.    This uses Whirlwind modifiers.",14,0,0,0,0,0,0,0
General,General1,Ability,"Whirling Flames",907800,"In a whirlwind of steel you attack up to 4 enemies within 8 yards, causing 65% weapon damage as Firestrike damage from both melee weapons to each enemy.    This uses Whirlwind modifiers.",14,0,0,0,0,0,0,0
General,General1,Ability,"Whirling Ice",907820,"In a whirlwind of steel you attack up to 4 enemies within 8 yards, causing 65% weapon damage as Froststrike damage from both melee weapons to each enemy.    This uses Whirlwind modifiers.",14,0,0,0,0,0,0,0
General,General1,Ability,"Whirling Light",907780,"In a whirlwind of steel you attack up to 4 enemies within 8 yards, causing 65% weapon damage as Holystrike damage from both melee weapons to each enemy.    This uses Whirlwind modifiers.",14,0,0,0,0,0,0,0
General,General1,Ability,"Whirling Shadows",907760,"In a whirlwind of steel you attack up to 4 enemies within 8 yards, causing 65% weapon damage as Shadowstrike damage from both melee weapons to each enemy.    This uses Whirlwind modifiers.",14,0,0,0,0,0,0,0
General,General1,Ability,"Whirling Storm",907840,"In a whirlwind of steel you attack up to 4 enemies within 8 yards, causing 65% weapon damage as Stormstrike damage from both melee weapons to each enemy.    This uses Whirlwind modifiers.",14,0,0,0,0,0,0,0
General,General1,Ability,"Wind Gate",280125,"This spell belongs to Stormbringer    Place a Wind Gate at target location for 1 min.     You may cast Wind Gate: Evacuate on an ally to pull them to your Wind Gate.",10,0,0,0,0,0,0,0
General,General1,Ability,"Winds of Winter",274121,"Finishing move that deals Frost damage per combo point to enemies in a cone in front of the caster:     1 point  : 36-57 damage     2 points: 70-91 damage     3 points: 104-125 damage     4 points: 138-159 damage     5 points: 173-194 damage    This uses Cone of Cold modifiers.",26,0,0,0,0,0,0,0
General,General1,Ability,"Winterfall Firebreath",284599,"Targets in a cone in front of the caster take 80 to 88 Fire damage and an additional 6 Fire damage every 2 seconds for 6 sec. Enemies hit are slowed by 30%.     This uses Cone of Cold modifiers.  This ability can be used while shapeshifted.",26,0,0,0,0,0,0,0
General,General1,Ability,"Witchblood Tonic",289260,"This spell belongs to Witch Hunter    Drink a shadowy tonic, removing all curse effects from you and reducing all Magic damage taken by 40% for 10 sec.    Shares a cooldown with other Tonics.",20,0,0,0,0,0,0,0
General,General1,Ability,"Worgen Form",275737,"Transform into a Worgen, increasing melee attack power by 1 plus 25% of Agility, allowing the use of Cat Form and Shadow Priest abilities.     Grants Shadow Word: Pain, Devouring Plague, and Vampiric Touch the ability to benefit from haste.    Direct Shadow damage reduces the cooldown of Goldrinn's Fury by 2 seconds.",10,0,0,0,0,0,0,0
General,General1,Ability,"Worthy Sacrifice",280335,"This spell belongs to Bloodmage    Instantly generate 50 Rage.",10,0,0,0,0,0,0,0
General,General1,Ability,"Wraith",284732,"Finishing move that haunts your target, dealing damage and increasing the damage of your Physical damage-over-time effects against it.   When Wraith ends or is dispelled, it heals you for 100% of the direct damage done.    1 point : 111 Physical damage; 2% increase for 12 sec    2 points: 191 Physical damage; 4% increase for 12 sec    3 points: 270 Physical damage; 6% increase for 12 sec    4 points: 350 Physical damage; 8% increase for 12 sec    5 points: 430 Physical damage; 10% increase for 12 sec    This uses Haunt modifiers.",40,0,0,0,0,0,0,0
General,General1,Ability,"Wyrm Bite",904480,"Attack the enemy for 11 Spellstrike damage.    This uses Mongoose Bite modifiers.",1,0,0,0,0,0,0,0
General,General1,Ability,"Xorothian Sigil",280380,"This spell belongs to Knight of Xoroth    Create a demonic sigil that protects party members within 20 yds of you, causing them to deflect the next harmful spell cast against them within 3 sec.",10,0,0,0,0,0,0,0
General,General1,Ability,"Zandalari Glaive",278060,"Hurl two glaives toward the target, each dealing 150% melee weapon damage.    This uses Glaive Toss modifiers and shares a cooldown with Glaive Toss.",12,0,0,0,0,0,0,0
General,General1,Ability,"Zulian Guardian",285959,"Summons two prowling Zulian Guardians for 20 sec.    This ability is usable while shapeshifted.    This uses Feral Spirits modifiers.",60,0,0,0,0,0,0,0
Hunter,BeastMastery,Ability,"Aspect of the Beast",13161,"Take on the Aspects of a Beast, becoming untrackable and increasing melee attack power by 10% for you and your pet.      Only one Aspect can be active at a time.",30,0,0,26,28,0,0,0
Hunter,BeastMastery,Ability,"Aspect of the Cheetah",5118,"You take on the aspects of a cheetah, increasing movement speed by 30%.  If struck, you will be dazed for 4 sec.      Only one Aspect can be active at a time.",14,0,0,12,12,0,0,0
Hunter,BeastMastery,Ability,"Aspect of the Dragonhawk",61846,"The hunter takes on the aspects of a dragonhawk, increasing ranged attack power by 120 and chance to dodge by 10%.    Only one Aspect can be active at a time.",60,0,0,39,58,0,0,0
Hunter,BeastMastery,Ability,"Aspect of the Hawk",13165,"The hunter takes on the aspects of a hawk, increasing ranged attack power by 11.      Only one Aspect can be active at a time.",1,0,0,0,2,0,0,0
Hunter,BeastMastery,Ability,"Aspect of the Monkey",13163,"The hunter takes on the aspects of a monkey, increasing chance to dodge by 10%.      Only one Aspect can be active at a time.",10,0,0,24,8,0,0,0
Hunter,BeastMastery,Ability,"Aspect of the Pack",13159,"The hunter and raid members within 40 yards take on the aspects of a pack of cheetahs, increasing movement speed by 30%.      If you are struck under the effect of this aspect, you will be dazed for 4 sec.    Only one Aspect can be active at a time.",40,0,0,26,38,0,0,0
Hunter,BeastMastery,Ability,"Aspect of the Viper",34074,"The hunter takes on the aspect of the viper, causing ranged and melee attacks a chance to regenerate mana.    Damage and healing done reduced by 40%.     You gain 4% of maximum mana every 3 sec.   Only one Aspect can be active at a time.",20,0,0,17,18,0,0,0
Hunter,BeastMastery,Ability,"Aspect of the Wild",20043,"The hunter, group and raid members within 30 yards take on the aspect of the wild, increasing Nature resistance by 45.      Only one Aspect can be active at a time.",46,0,0,37,44,0,0,0
Hunter,BeastMastery,Ability,"Barbed Shot",984828,"Fire a shot that tears through your enemy, causing them to bleed over 8 sec.    Sends your pet into a bloodrush, increasing attack speed by 20% for 8 sec, stacking up to 3 times.    Max 2 charges. 12 second recharge timer.",40,0,0,30,38,0,0,0
Hunter,BeastMastery,Ability,"Beast Mastery",53270,"Requires  Tame Beast Abilities  You master the art of Beast training, teaching you the ability to tame Exotic pets and increasing your total amount of Pet Skill Points by 6.",40,0,0,40,38,0,15,30
Hunter,BeastMastery,Ability,"Bestial Wrath",19574,"Send your tamed beast or tamed dragonkin into a rage causing 50% additional damage for 10 sec.  While enraged, the beast does not feel pity or remorse or fear and it cannot be stopped unless killed.  Does not stack with other similar effects.  This ability is usable while shapeshifted.",30,0,0,40,28,0,9,21
Hunter,BeastMastery,Ability,"Call Stabled Pet",62757,"Choose one of your stabled pets to replace your current pet. The selected pet busts out of its stable to join you no matter where you are.  Cannot be used in combat.",50,0,0,11,48,0,0,0
Hunter,BeastMastery,Ability,"Eyes of the Beast",1002,"Take direct control of your pet and see through its eyes for 1 min.  This ability is usable while shapeshifted.",14,0,0,4,12,0,0,0
Hunter,BeastMastery,Ability,"Frenzy Shot",954587,"Fires a shot, dealing 150% weapon damage. This sends your pet into a frenzy, causing its auto attacks to trigger an additional attack that strikes up to 5 nearby enemies for 8 sec.",20,0,0,29,18,0,0,0
Hunter,BeastMastery,Ability,"Intimidation",19577,"Command your tamed beast to intimidate the target, causing a high amount of threat and stunning the target for 3 sec. Lasts 15 sec.",22,0,0,32,20,0,6,12
Hunter,BeastMastery,Ability,"Kill Command",34026,"Give the command to kill, increasing your tamed beast's damage done from special attacks by 40% for 30 sec. Each special attack done by the tamed beast reduces the damage bonus by 10%.  This ability is usable while shapeshifted.",40,0,0,34,38,0,0,0
Hunter,BeastMastery,Ability,"Master's Call",53271,"Your pet attempts to remove all root and movement impairing effects from itself and its owner, and causes your pet and its target to be immune to all such effects for 4 sec.",50,0,0,40,48,0,0,0
Hunter,BeastMastery,Ability,"Mend Pet",136,"Heals your Tamed Pet for 125 health over 15 sec.  This ability is usable while shapeshifted.  Tamed Pet includes Summoned Demon, Enslave Demon, Dominate Undead, Tame Dragonkin, Tether Elemental, Summoned Ghoul, and Tame Beast.",12,0,0,3,10,0,0,0
Hunter,BeastMastery,Ability,"Scare Beast",1513,"Scares a beast, causing it to run in fear for up to 10 sec.  Damage caused may interrupt the effect. Only one beast can be feared at a time.  This ability is usable while shapeshifted.",10,0,0,7,6,0,0,0
Hunter,BeastMastery,Ability,"Tame Beast Abilities",965200,"Teaches you the necessary abilities to tame a pet companion.  Teaches you Tame Beast, Call Pet, Dismiss Pet, Feed Pet, Revive Pet and Beast Lore.",1,0,0,5,8,0,0,0
Hunter,Marksmanship,Ability,"Aimed Shot",19434,"An aimed shot that deals 150% weapon damage plus 5 and reduces healing done to that target by 50%. Lasts 10 sec.   Does not stack with other similar effects.",16,0,0,14,14,0,3,6
Hunter,Marksmanship,Ability,"Arcane Shot",3044,"An instant shot that causes 15 Arcane damage.",1,0,0,0,0,0,0,0
Hunter,Marksmanship,Ability,"Auto shot",965202,"Automatically shoots the target until cancelled. Increases your ranged Attack Speed by 33% and scales with Ranged Attack Power.",1,0,0,0,0,0,0,0
Hunter,Marksmanship,Ability,"Chimera Shot",53209,"Deals 230% ranged weapon damage, refreshing the current Stings on your target and triggering extra effects if the Stings are active:  Serpent Sting - Instantly deals 90% of the damage done by your Serpent Sting.  Viper Sting - Instantly restores mana to you equal to 60% of the total amount drained by your Viper Sting.   Scorpid Sting - Disarms the target for 10 sec. This effect cannot occur more than once per 1 minute.",40,0,0,0,38,0,15,30
Hunter,Marksmanship,Ability,"Concussive Shot",5116,"A shot that deals 90% weapon damage and dazes the target, slowing movement speed by 50% for 4 sec.",10,0,0,9,6,0,0,0
Hunter,Marksmanship,Ability,"Distracting Shot",20736,"Distracts the target to attack you, but has no effect if the target is already attacking you. Lasts 6 sec.",12,0,0,3,10,0,0,0
Hunter,Marksmanship,Ability,"Flare",1543,"Exposes all hidden and invisible enemies within 10 yards of the targeted area for 20 sec.",32,0,0,28,30,0,0,0
Hunter,Marksmanship,Ability,"Hunter's Mark",1130,"Places the Hunter's Mark on the target, increasing the ranged attack power of all attackers against that target by 20.    The marked target can always be seen by the hunter whether it stealths or turns invisible, and appears on the mini-map. Lasts for 5 min.",1,0,0,4,4,0,0,0
Hunter,Marksmanship,Ability,"Kill Shot",53351,"You attempt to finish the wounded target off, firing a ranged attack dealing 200% weapon damage plus 26. Kill Shot can only be used on enemies that have 20% or less health.",32,0,0,9,30,0,0,0
Hunter,Marksmanship,Ability,"Multi-Shot",2643,"Fires several missiles, hitting 3 targets for 100% weapon damage.",18,0,0,5,16,0,0,0
Hunter,Marksmanship,Ability,"Rapid Fire",3045,"Increases ranged attack speed by 40% for 15 sec.",26,0,0,38,24,0,0,0
Hunter,Marksmanship,Ability,"Readiness",23989,"When activated, this ability immediately resets the cooldown on your other Hunter abilities except Bestial Wrath.",22,0,0,32,20,0,6,12
Hunter,Marksmanship,Ability,"Scorpid Sting",3043,"Stings the target, reducing chance to hit with melee and ranged attacks by 3% for 20 sec. Only one Sting per Hunter can be active on any one target.    Does not stack with other similar effects.",22,0,0,19,20,0,0,0
Hunter,Marksmanship,Ability,"Serpent Sting",1978,"Stings the target, causing 25 Nature damage over 15 sec.",1,0,0,4,2,0,0,0
Hunter,Marksmanship,Ability,"Silencing Shot",34490,"A shot that deals 75% weapon damage and silences the target for 2 sec. Non-player victim spellcasting is also interrupted for 3 sec.     Silencing Shot cannot trigger any procs.    This ability shares a cooldown with other interrupts.",36,0,0,40,34,0,12,27
Hunter,Marksmanship,Ability,"Steady Shot",56641,"A steady shot that causes 75% weapon damage plus 9. Causes an additional 10 to slowed targets.",1,0,0,0,0,0,0,0
Hunter,Marksmanship,Ability,"Tranquilizing Shot",19801,"Attempts to remove 1 Enrage and 1 Magic effect from an enemy target.",44,0,0,40,42,0,0,0
Hunter,Marksmanship,Ability,"Trueshot Aura",19506,"Increases the attack power of all party and raid members by 10% within 100 yards.   Does not stack with other similar effects.",30,0,0,32,28,0,9,21
Hunter,Marksmanship,Ability,"Viper Sting",3034,"Stings the target, draining 4% mana over 8 sec (up to a maximum of 8% of the caster's maximum mana), and energizing you equal to the amount drained. Only one Sting per Hunter can be active on any one target.",36,0,0,32,34,0,0,0
Hunter,Marksmanship,Ability,"Volley",1510,"Continuously fires a volley of ammo at the target area, causing 55 Arcane damage to enemy targets within 8 yards every 1.00 second for 6 sec.",40,0,0,11,38,0,0,0
Hunter,Survival,Ability,"Black Arrow",3674,"Fires a Black Arrow at the target, increasing all damage done by you to the target by 6% and dealing 94 Shadow damage every 3 over 15 sec.",36,0,0,0,34,0,12,27
Hunter,Survival,Ability,"Counterattack",19306,"A strike that becomes active after parrying an opponent's attack. This attack deals 48 damage and immobilizes the target for 5 sec.     Counterattack cannot be blocked, dodged, or parried.",22,0,0,0,20,0,6,12
Hunter,Survival,Ability,"Deterrence",19263,"When activated, increases parry chance by 100%, reduces the chance ranged attacks will hit you by 100% and grants a 100% chance to deflect spells.  While Deterrence is active, you cannot attack.  Lasts 5 sec.",36,0,0,40,34,0,0,0
Hunter,Survival,Ability,"Disengage",781,"You attempt to disengage from combat, leaping backwards.  This ability is usable while shapeshifted.",16,0,0,32,14,0,0,0
Hunter,Survival,Ability,"Explosive Shot",53301,"You fire an explosive charge into the enemy target, dealing 34 Fire damage to the target.    Nearby enemies are also hit, for 40% of damage dealt.     The charge will blast the target every second for an additional 2 sec.",40,0,0,0,38,0,15,30
Hunter,Survival,Ability,"Explosive Trap",13813,"Place a fire trap that explodes when an enemy approaches, causing 109 to 139 Fire damage and burning all enemies for 181 additional Fire damage over 20 sec to all within 10 yards. Trap will exist for 30 sec. Only one trap can be active at a time.",34,0,0,10,32,0,0,0
Hunter,Survival,Ability,"Feign Death",5384,"Feign death which may trick enemies into ignoring you. Raid Bosses will see through this trick, but staying feigned will deceive them. Lasts up to 6 min.  This ability is usable while shapeshifted.",30,0,0,40,28,0,0,0
Hunter,Survival,Ability,"Freezing Arrow",60192,"Fire a freezing arrow that places a Freezing Trap at the target location, freezing the first enemy that approaches, preventing all action for up to 20 sec.  Any damage caused will break the ice.  Trap will exist for 30 sec. Only one trap can be active at a time.",60,0,0,40,58,0,0,0
Hunter,Survival,Ability,"Freezing Trap",1499,"Place a frost trap that freezes the first enemy that approaches, preventing all action for up to 10 sec.(8 seconds against players).    Any damage caused will break the ice.   Trap will exist for 30 sec.   Only one trap can be active at a time.",20,0,0,29,18,0,0,0
Hunter,Survival,Ability,"Frost Trap",13809,"Place a frost trap that creates an ice slick around itself for 30 sec when the first enemy approaches it. All enemies within 10 yards will be slowed by 50% while in the area of effect. Trap will exist for 30 sec. Only one trap can be active at a time.",20,0,0,29,18,0,0,0
Hunter,Survival,Ability,"Glaive Toss",954821,"You hurl two glaives toward the target, each dealing 75% weapon damage.",12,0,0,3,10,0,0,0
Hunter,Survival,Ability,"Immolation Trap",13795,"Place a fire trap that will burn the first enemy to approach for 139 Fire damage over 15 sec. Trap will exist for 30 sec. Only one trap can be active at a time.",16,0,0,4,14,0,0,0
Hunter,Survival,Ability,"Misdirection",34477,"The current party or raid member targeted will receive the threat caused by your spells and attacks for 6 sec afterwards.",44,0,0,26,42,0,0,0
Hunter,Survival,Ability,"Mongoose Bite",1495,"Attack the enemy for 16 damage.",1,0,0,0,0,0,0,0
Hunter,Survival,Ability,"Raptor Strike",2973,"A strong attack that increases melee damage by 5.",1,0,0,0,0,0,0,0
Hunter,Survival,Ability,"Scatter Shot",19503,"A short-range shot that deals 50% weapon damage and disorients the target for 4 sec.  Any damage caused except for Piercing Shots and Serpent Sting will remove the effect. Turns off your attack when used.",16,0,0,23,14,0,3,6
Hunter,Survival,Ability,"Snake Trap",34600,"Place a trap that will release several venomous snakes to attack the first enemy to approach. The snakes will die after 15 sec. Trap will exist for 30 sec. Only one trap can be active at a time.",60,0,0,40,58,0,0,0
Hunter,Survival,Ability,"Track Beasts",1494,"Shows the location of all nearby beasts on the minimap and increases damage dealt to beasts by 1%.  Only one form of tracking can be active at a time.",1,0,0,0,0,0,0,0
Hunter,Survival,Ability,"Track Demons",19878,"Shows the location of all nearby demons on the minimap and increases damage dealt to demons by 1%. Only one form of tracking can be active at a time.",32,0,0,9,30,0,0,0
Hunter,Survival,Ability,"Track Dragonkin",19879,"Shows the location of all nearby dragonkin on the minimap and increases damage dealt to dragonkin by 1%. Only one form of tracking can be active at a time.",50,0,0,13,48,0,0,0
Hunter,Survival,Ability,"Track Elementals",19880,"Shows the location of all nearby elementals on the minimap and increases damage dealt to elementals by 1%. Only one form of tracking can be active at a time.",26,0,0,7,24,0,0,0
Hunter,Survival,Ability,"Track Giants",19882,"Shows the location of all nearby giants on the minimap and increases damage dealt to giants by 1%. Only one form of tracking can be active at a time.",40,0,0,11,38,0,0,0
Hunter,Survival,Ability,"Track Hidden",19885,"Greatly increases stealth detection and shows hidden units within detection range on the minimap.     Only one form of tracking can be active at a time.",24,0,0,21,22,0,0,0
Hunter,Survival,Ability,"Track Humanoids",19883,"Shows the location of all nearby humanoids on the minimap. Only one form of tracking can be active at a time.",10,0,0,8,8,0,0,0
Hunter,Survival,Ability,"Track Undead",19884,"Shows the location of all nearby undead on the minimap and increases damage dealts to undead by 1%. Only one form of tracking can be active at a time.",18,0,0,5,16,0,0,0
Hunter,Survival,Ability,"Tracking Mastery",801494,"You gain Tracking Mastery when learning any Tracking Ability.     This Mastery automatically unlocks additional Tracking Abilities when you reach their Class Point requirements at no additional ability essence cost.    Track Beasts Shows the location of all nearby beasts on the minimap and increases damage dealt to beasts by 1%.    Track Humanoids Shows the location of all nearby humanoids on the minimap.    Track Undead Shows the location of all nearby undead on the minimap and increases damage dealts to undead by 1%.    Track Elementals Shows the location of all nearby elementals on the minimap and increases damage dealt to elementals by 1%.    Track Demons Shows the location of all nearby demons on the minimap and increases damage dealt to demons by 1%.    Track Giants Shows the location of all nearby giants on the minimap and increases damage dealt to giants by 1%.    Track Dragonkin Shows the location of all nearby dragonkin on the minimap and increases damage dealt to dragonkin by 1%.    Track Hidden Greatly increases stealth detection and shows hidden units within detection range on the minimap.     Only one form of tracking can be active at a time.",10,0,0,3,14,0,0,0
Hunter,Survival,Ability,"Wing Clip",2974,"Maims the enemy, dealing 16 damage and reducing the target's movement speed by 50% for 10 sec.",12,0,0,10,10,0,0,0
Hunter,Survival,Ability,"Wyvern Sting",19386,"A stinging shot that puts the target to sleep for 30 sec. (6 seconds against players) Any damage will cancel the effect.  When the target wakes up, the Sting causes 300 Nature damage over 6 sec. Only one Sting per Hunter can be active on the target at a time.",30,0,0,40,28,0,9,21
Mage,Arcane,Ability,"Alter Time",86397,"Alter the fabric of time, causing the caster to return to their current location, their health and mana, when cast a second time, or after 4 sec. Any self-applied, magic dispellable effects are also returned to their previous state.  Effect negated if the caster dies within the 4 sec or before the effect occurs, or moves too far away.",40,0,0,40,38,0,0,0
Mage,Arcane,Ability,"Amplify Magic",1008,"Amplifies magic used against the targeted party member, increasing magic damage taken by 5% and healing spells by 5%.  Lasts 10 min.  This ability is usable while shapeshifted.",18,0,0,18,16,0,0,0
Mage,Arcane,Ability,"Arcane Barrage",44425,"Launches several missiles at the enemy target, causing 251 to 306 Arcane damage.",40,0,0,0,38,0,15,30
Mage,Arcane,Ability,"Arcane Blast",30451,"Blasts the target with energy, dealing 155 to 179 Arcane damage.      Casting this increases all Arcane damage by 15% and its mana cost by 150%. Stacks up to 4 and lasts 6 sec, removed if you cast another Arcane ability that deals damage.",18,0,0,5,16,0,0,0
Mage,Arcane,Ability,"Arcane Explosion",1449,"Causes an explosion of arcane magic around the caster, causing 28 to 32 Arcane damage to all targets within 10 yards.",12,0,0,3,10,0,0,0
Mage,Arcane,Ability,"Arcane Intellect",1459,"Increases the target's Intellect by 2 and spell power by 2 for 30 min.   Does not stack with other similar effects.",1,0,0,4,0,0,0,0
Mage,Arcane,Ability,"Arcane Missiles",5143,"Launches Arcane Missiles at the enemy, causing 17 Arcane damage every 1 sec for 3 sec.",1,0,0,0,0,0,0,0
Mage,Arcane,Ability,"Arcane Orb",955032,"Launches an Arcane Orb forward from your position, traveling up to 35 yards, dealing 336 Arcane damage every 0.5 sec to enemies it passes through and increasing their Arcane damage taken from you by 10%.     Subsequent hits on the same target deals 50% less damage.",40,0,0,40,38,0,0,0
Mage,Arcane,Ability,"Arcane Power",12042,"When activated, your spells and abilities deal 20% more magic damage while costing 20% more mana to cast.  This effect lasts 15 sec.   Does not stack with other similar effects.  This ability can be used while in Cat, Bear, Moonkin or Tree of Life Shapeshifts.",30,0,0,40,28,0,9,21
Mage,Arcane,Ability,"Arcane Ward",92171,"Absorbs 165 Arcane damage. Lasts 30 sec.  This ability is usable while shapeshifted.",14,0,0,12,12,0,0,0
Mage,Arcane,Ability,"Blink",1953,"Teleports the caster 20 yards forward, unless something is in the way.  Also frees the caster from stuns and bonds.",16,0,0,32,14,0,0,0
Mage,Arcane,Ability,"Brilliance Aura",91234,"Restores 2% missing mana every 1 second to all party members within 35 yards for 15 sec.",16,0,0,24,14,0,0,0
Mage,Arcane,Ability,"Conjure Food",587,"Conjures 10 muffins, providing the mage and her allies with something to eat.  Conjured items disappear if logged out for more than 15 minutes.",1,0,0,4,2,0,0,0
Mage,Arcane,Ability,"Conjure Mana Gem",759,"Conjures a mana agate that can be used to instantly restore 314 to 337 mana. 3 charges.",28,0,0,24,26,0,0,0
Mage,Arcane,Ability,"Conjure Refreshment",42951,"Conjures 20 Mana Berries providing the mage and her allies with something to eat.  Conjured items disappear if logged out for more than 15 minutes.",50,0,0,11,48,0,0,0
Mage,Arcane,Ability,"Conjure Water",5504,"Conjures 10 bottles of water, providing the mage and her allies with something to drink.  Conjured items disappear if logged out for more than 15 minutes.",1,0,0,4,2,0,0,0
Mage,Arcane,Ability,"Counterspell",2139,"Counters the enemy's spell cast, preventing any spell from that school of magic from being cast for 8 sec. Generates a high amount of threat.     This ability shares a cooldown with other interrupts.",16,0,0,23,14,0,0,0
Mage,Arcane,Ability,"Dampen Magic",604,"Dampens magic used against the targeted party member, decreasing magic damage taken by 5% and healing spells by 5%.  Lasts 10 min.  This ability is usable while shapeshifted.",12,0,0,10,10,0,0,0
Mage,Arcane,Ability,"Dispel Curse",475,"Removes 1 Curse from a friendly target.",10,0,0,8,8,0,0,0
Mage,Arcane,Ability,"Evocation",12051,"While channeling this spell, you gain 60% of your total mana over 8 sec.",20,0,0,17,18,0,0,0
Mage,Arcane,Ability,"Focus Magic",54646,"Increases the target's chance to critically hit with spells by 3%.      When the target critically hits the caster's chance to critically hit with spells is increased by 3% for 10 sec.     Cannot be cast on self.",16,0,0,20,14,0,6,15
Mage,Arcane,Ability,"Invisibility",66,"Fades the caster to invisibility over 3 sec, reducing threat each second. While invisible, you can only see other invisible targets and those who can see invisible. Lasts 20 sec.",40,0,0,40,38,0,0,0
Mage,Arcane,Ability,"Invocation",986067,"Channel potent energies, reducing damage taken by 35% and periodically discharging projectiles of raw mana that deal high-threat Magic damage to nearby enemies. Lasts 4 seconds.    When the channel ends, 30% of the damage taken during Invocation is restored as mana over 10 sec.    While channeling you are immune to Stun effects.",14,0,0,12,12,0,0,0
Mage,Arcane,Ability,"Mage Armor",6117,"Increases your resistance to all magic by 5 and allows 50% of your mana regeneration to continue while casting. Lasts until cancelled.    Only one type of Mage Armor spell can be active at any time.",14,0,0,12,12,0,0,0
Mage,Arcane,Ability,"Mana Shield",1463,"Absorbs 120 damage, draining mana instead. Drains 1.5 mana per damage absorbed. Lasts 1 min.",20,0,0,29,18,0,0,0
Mage,Arcane,Ability,"Mana-forged Barrier",701463,"Your threat generated is significantly increased.    Teaches you Channeled Mana.      Channeled Mana 2 Mana Taunts the target to attack you, but has no effect if the target is already attacking you.    This spell is learned when you have a Tank Stance and cannot be unlearned.",1,0,0,14,8,0,0,0
Mage,Arcane,Ability,"Mass Invisibility",760052,"You and your allies within 40 yards instantly become invisible for 5 sec. The effect is cancelled if you perform any actions. While invisible, you can only see other invisible targets and those who can see invisible. Removes invulnerabilities when used.",50,0,0,40,48,0,0,0
Mage,Arcane,Ability,"Mirror Image",55342,"Creates 3 copies of the caster nearby, which cast spells and attack the mage's enemies.  Lasts 30 sec.",50,0,0,40,48,0,0,0
Mage,Arcane,Ability,"Polymorph",118,"Transforms the enemy into a sheep, forcing it to wander around for up to 20 sec. While wandering, the sheep cannot attack or cast spells but will regenerate very quickly.      Any damage will transform the target back into its normal form.     Only one target can be polymorphed at a time. Only works on Beasts, Humanoids and Critters.    8 second duration on players",10,0,0,9,6,0,0,0
Mage,Arcane,Ability,"Portal Mastery",818045,"Gives the ability to learn Portal and Teleport spells.  You can learn the various Teleports and Portals in many towns and cities!",20,0,0,17,42,0,0,0
Mage,Arcane,Ability,"Presence of Mind",12043,"When activated, your next damaging spell within 10 sec with a casting time less than 10 sec becomes instant.",22,0,0,32,20,0,6,12
Mage,Arcane,Ability,"Ritual of Refreshment",43601,"Begins a ritual to create a refreshment table. Raid members can click to receive Conjured Mana Berries.     Requires the caster and 2 others to complete. Participants must right-click the portal and remain still.    Lasts 3 min or 50 charges.",50,0,0,11,48,0,0,0
Mage,Arcane,Ability,"Slow Fall",130,"Slows friendly party or raid target's falling speed for 30 sec.  This ability is usable while shapeshifted.",12,0,0,3,10,0,0,0
Mage,Arcane,Ability,"Slow",31589,"Reduces target's movement speed by 60%, increases the time between ranged attacks by 60% and increases casting time by 30%.  Lasts 15 sec(10 versus players) Slow can only affect one target at a time.   Does not stack with other similar effects.",36,0,0,40,34,0,12,27
Mage,Arcane,Ability,"Spellsteal",30449,"Steals a beneficial magic effect from the target.  This effect lasts a maximum of 2 min.",50,0,0,40,48,0,0,0
Mage,Fire,Ability,"Blast Wave",11113,"A wave of flame radiates outward from the caster, damaging all enemies caught within the blast for 76 to 88 Fire damage, knocking them back and dazing them for 6 sec.",22,0,0,32,20,0,6,12
Mage,Fire,Ability,"Combustion",11129,"When activated, this spell increases your critical strike damage bonus with Fire damage spells and abilities by 50%, and causes each of your damaging Fire hits to increase your critical strike chance with Fire damage by 10%.  This effect lasts until you have caused 3 non-periodic Fire critical strikes.",30,0,0,40,28,0,9,21
Mage,Fire,Ability,"Dragon's Breath",31661,"Targets in a cone in front of the caster take 170 to 207 Fire damage and are Disoriented for 5 sec.  Any direct damaging attack will revive targets.  Turns off your attack when used.",36,0,0,40,34,0,12,27
Mage,Fire,Ability,"Fire Blast",2136,"Blasts the enemy for 19 to 23 Fire damage.",1,0,0,0,0,0,0,0
Mage,Fire,Ability,"Fire Ward",543,"Absorbs 165 Fire damage.  Lasts 30 sec.  This ability is usable while shapeshifted.",14,0,0,12,12,0,0,0
Mage,Fire,Ability,"Fireball",133,"Hurls a fiery ball that causes 14 to 22 Fire damage and an additional 2 Fire damage over 4 sec.",1,0,0,0,0,0,0,0
Mage,Fire,Ability,"Flamestrike",2120,"Calls down a pillar of fire, burning all enemies within the area for 52 to 68 Fire damage and an additional 48 Fire damage over 8 sec.",16,0,0,4,14,0,0,0
Mage,Fire,Ability,"Living Bomb",44457,"The target becomes a Living Bomb, taking 256 Fire damage over 12 sec.  After 12 sec or when the spell is dispelled, the target explodes dealing 120 Fire damage to all enemies within 10 yards.",40,0,0,0,38,0,15,30
Mage,Fire,Ability,"Meteor",760040,"Calls down a meteor which lands at the target location after 3 seconds, dealing 142 Fire damage within 8 yards, and burns the ground for 154 Fire damage over 6 sec to all enemies in the area.",36,0,0,40,34,0,0,0
Mage,Fire,Ability,"Molten Armor",30482,"Causes 40 Fire damage when hit.    Increases your critical strike rating by 10% of your Spirit.    Reduces the chance you are critically hit by 5%.      Lasts until cancelled.    Only one type of Mage Armor spell can be active at any time.",44,0,0,40,42,0,0,0
Mage,Fire,Ability,"Pyroblast",11366,"Hurls an immense fiery boulder that causes 133 to 176 Fire damage and an additional 52 Fire damage over 12 sec.",16,0,0,0,14,0,3,6
Mage,Fire,Ability,"Scorch",2948,"Scorch the enemy for 53 to 65 Fire damage.",22,0,0,6,20,0,0,0
Mage,Fire,Ability,"Tame Dragonkin",91634,"Teaches you the necessary abilities to tame a Dragonkin companion.  Teaches you Tame Dragonkin, Call Dragonkin, Dismiss Dragonkin, Revive Dragonkin and Dragonkin Lore.      Tame Dragonkin Begins taming a dragonkin to be your companion.    Your armor is reduced by 10% while you focus for 20 sec.    If you lose the dragonkin's attention, the taming process will fail.",1,0,0,14,8,0,0,0
Mage,Frost,Ability,"Blizzard",10,"Ice shards pelt the target area doing 288 Frost damage over 8 sec.",18,0,0,5,16,0,0,0
Mage,Frost,Ability,"Cold Snap",11958,"When activated, this spell resets the cooldown on all Frost spells you recently cast.",22,0,0,32,20,0,6,12
Mage,Frost,Ability,"Cone of Cold",120,"Targets in a cone in front of the caster take 56 to 60 Frost damage and are slowed by 50% for 8 sec.",16,0,0,14,14,0,0,0
Mage,Frost,Ability,"Deep Freeze",44572,"Stuns the target for 5 sec. Only usable on Frozen targets.  Deals 1004 to 1222 damage to monsters permanently immune to stuns.",40,0,0,40,38,0,15,30
Mage,Frost,Ability,"Frost Armor",168,"Increases Armor by 36.    If an enemy strikes the caster, they may have their movement slowed by 15% and the time between their attacks increased by 20% for 5 sec.   Lasts until cancelled.    Does not stack with other similar effects. Only one type of Mage armor spell can be active at any time.",1,0,0,0,0,0,0,0
Mage,Frost,Ability,"Frost Nova",122,"Blasts enemies near the caster for 19 to 21 Frost damage and freezes them in place for up to 8 sec.      Damage caused may interrupt the effect.",10,0,0,14,8,0,0,0
Mage,Frost,Ability,"Frost Ward",6143,"Absorbs 165 Frost damage.  Lasts 30 sec.  This ability is usable while shapeshifted.",14,0,0,12,12,0,0,0
Mage,Frost,Ability,"Frostbolt",116,"Launches a bolt of frost at the enemy, causing 12 to 15 Frost damage and slowing movement speed by 40% for 5 sec.",1,0,0,0,0,0,0,0
Mage,Frost,Ability,"Frostfire Bolt",44614,"Launches a bolt of frostfire at the enemy, causing 177 to 205 Frostfire damage, slowing movement speed by 40% and causing an additional 18 Frostfire damage over 9 sec. This spell will be checked against the lower of the target's Frost and Fire resists.",32,0,0,9,30,0,0,0
Mage,Frost,Ability,"Frozen Orb",760014,"Launches a Frozen Orb forward from the caster's position, that deals 32 Frost damage to all nearby enemy targets every 1 sec for 8 sec.     Targets damaged by the Frost Orb are slowed by 40% for 2 sec.",30,0,0,40,28,0,0,0
Mage,Frost,Ability,"Ice Barrier",11426,"Instantly shields you, absorbing 369 damage.  Lasts 1 min.  While the shield holds, spellcasting will not be delayed by damage.",30,0,0,40,28,0,9,21
Mage,Frost,Ability,"Ice Block",45438,"You become encased in a block of ice, protecting you from all attacks for 10 sec, but during that time you cannot attack, move or cast spells.      Causes Hypothermia, preventing you from recasting Ice Block for 30 sec.",30,0,0,40,28,0,0,0
Mage,Frost,Ability,"Ice Lance",30455,"Deals 30 to 33 Frost damage to an enemy target.  Causes triple damage against Frozen targets.",22,0,0,6,20,0,0,0
Mage,Frost,Ability,"Icy Veins",12472,"Hastens your spellcasting, increasing spell casting speed by 20% and reducing the pushback suffered from damaging attacks while casting by 100%. Lasts 20 sec.    Does not stack with other similar cast speed increasing effects.",16,0,0,23,14,0,3,6
Mage,Frost,Ability,"Ring of Frost",954854,"Summons a Ring of Frost at the target location. Enemies entering the ring will become frozen for 6 sec. Lasts 8 sec and has an 8 yard radius.",36,0,0,40,34,0,0,0
Mage,Frost,Ability,"Summon Water Elemental",31687,"Summon a Water Elemental to fight for the caster for 45 sec.",36,0,0,40,34,0,12,27
Paladin,Holy,Ability,"Aura Mastery",31821,"Causes your Concentration Aura to make all affected targets immune to Silence and Interrupt effects and improve the effect of all other auras by 100%.  Lasts 6 sec.",16,0,0,23,14,0,3,6
Paladin,Holy,Ability,"Beacon of Light",53563,"The target becomes a Beacon of Light to all members of your party or raid within a 60 yard radius. Any direct heals you cast on party or raid members will also heal the Beacon for 25% of the amount healed. Lasts 15 sec.     Only one target can be the Beacon of Light at a time.",40,0,0,34,38,0,15,30
Paladin,Holy,Ability,"Blessing of Wisdom",19742,"Places a Blessing on the friendly target, restoring 10 mana every 5 seconds for 30 min.   Does not stack with other similar effects.",1,0,0,4,4,0,0,0
Paladin,Holy,Ability,"Cleanse",4987,"Cleanses a friendly target, removing 1 poison effect, 1 disease effect and 1 magic effect.",30,0,0,40,28,0,0,0
Paladin,Holy,Ability,"Concentration Aura",19746,"All party or raid members within 40 yards lose 35% less casting or channeling time when damaged.    Players may only have one Aura on them per Paladin at any one time.",1,0,0,8,6,0,0,0
Paladin,Holy,Ability,"Consecration",26573,"Consecrates the land beneath the Paladin, doing 34 Holy damage over 8 sec to enemies who enter the area.",1,0,0,1,6,0,0,0
Paladin,Holy,Ability,"Divine Favor",20216,"When activated, gives your next Holy spell a 100% critical effect chance and 50% increased healing.",22,0,0,32,20,0,6,12
Paladin,Holy,Ability,"Divine Illumination",31842,"Reduces resource cost of all magic spells and abilities by 60% and increases the critical effect chance of Holy healing spells by 20% for 15 sec.",36,0,0,32,34,0,12,27
Paladin,Holy,Ability,"Divine Plea",54428,"You gain 25% of your total mana over 15 sec, but reduces your healing by 50%.",50,0,0,40,48,0,0,0
Paladin,Holy,Ability,"Exorcism",879,"Causes 99 to 113 Holy damage to an enemy target. Exorcism always critically strikes Undead and Demon targets. It also stuns them for 3 sec.",20,0,0,5,18,0,0,0
Paladin,Holy,Ability,"Flash of Light",19750,"Heals a friendly target for 84 to 97.",20,0,0,20,18,0,0,0
Paladin,Holy,Ability,"Holy Light",635,"Heals a friendly target for 31 to 39.",1,0,0,0,0,0,0,0
Paladin,Holy,Ability,"Holy Shock",20473,"Blasts the target with Holy energy, causing 191 to 216 Holy damage to an enemy, or 301 to 327 healing to an ally.",30,0,0,32,28,0,9,21
Paladin,Holy,Ability,"Holy Wrath",2812,"Sends bolts of holy power in all directions, causing 78 to 90 Holy damage and stunning all Undead and Demon targets within 10 yards for 3 sec.",26,0,0,7,24,0,0,0
Paladin,Holy,Ability,"Lay on Hands",633,"Heals a friendly target for an amount equal of 100% of your maximum health. The target cannot be targeted by Divine Shield, Hand of Protection, Divine Protection or Lay on Hands again for 2 min.    Cannot be used within 30 sec of using Avenging Wrath.",10,0,0,20,8,0,0,0
Paladin,Holy,Ability,"Light of Dawn",760106,"Unleashes a wave of Holy energy, healing up to 5 injured allies within a 30 yd frontal cone for 80 to 93.",30,0,0,40,28,0,0,0
Paladin,Holy,Ability,"Light's Hammer",954801,"Hurl a Light-infused hammer into the ground, where it will blast a 10 yard area with Arcing Light for 10 sec.  Deals Holy damage to enemies and reduces their movement speed by 50% for 3 sec. Also heals up to 5 allies every 2 sec.",36,0,0,40,34,0,0,0
Paladin,Holy,Ability,"Purify",1152,"Purifies the friendly target, removing 1 disease effect and 1 poison effect.",10,0,0,9,6,0,0,0
Paladin,Holy,Ability,"Redemption",7328,"Brings a dead player back to life with 65 health and 120 mana.  Cannot be cast when in combat.",12,0,0,3,10,0,0,0
Paladin,Holy,Ability,"Sacred Shield",53601,"Each time the target takes damage they gain a Sacred Shield, absorbing 110 damage and increasing the paladin's chance to critically hit with Flash of Light by 50% for up to 6 sec. They cannot gain this effect more than once every 6 sec. Lasts 30 sec.      This spell cannot be on more than one target at any one time.",50,0,0,40,48,0,0,0
Paladin,Holy,Ability,"Seal of Light",20165,"Fills you with divine light for until cancelled, giving each melee auto attack a chance to heal you for 0. This effect can only occur once every 2 seconds. Only one Seal can be active at any one time.    Unleashing this Seal's energy will deal 3 Holy damage to an enemy.",30,0,0,26,28,0,0,0
Paladin,Holy,Ability,"Seal of Righteousness",21084,"Fills you with holy spirit for until cancelled, granting each main hand auto attack and Paladin melee ability 1 additional Holy damage. Only one Seal can be active at any one time.  Unleashing this Seal's energy will cause 3 Holy damage to an enemy.",1,0,0,0,0,0,0,0
Paladin,Holy,Ability,"Seal of Wisdom",20166,"Fills you with divine wisdom for until cancelled, giving each melee auto attack a chance to restore 4% of your total mana. Only one Seal can be active at any one time.    Unleashing this Seal's energy will deal 3 Holy damage to an enemy.",10,0,0,8,8,0,0,0
Paladin,Holy,Ability,"Turn Evil",10326,"The targeted undead or demon enemy will be compelled to flee for up to 20 sec.      Damage caused may interrupt the effect. Only one target can be turned at a time.",24,0,0,21,22,0,0,0
Paladin,Protection,Ability,"Avenger's Shield",31935,"Hurls a holy shield at the enemy, dealing 441 to 537 Holy damage, Dazing them and then jumping to additional nearby enemies.  Affects 3 total targets. Lasts 10 sec.",36,0,0,40,34,0,12,27
Paladin,Protection,Ability,"Blessing of Kings",20217,"Places a Blessing on the friendly target, increasing total stats by 10% for 30 min.    Does not stack with other similar effects.",20,0,0,17,18,0,0,0
Paladin,Protection,Ability,"Blessing of Sanctuary",20911,"Places a Blessing on the friendly target, reducing damage taken by 3% and increasing Strength and Stamina by 10% for 30 min.     In addition, when the target blocks, parries, or dodges a melee attack the target will gain 6% of base mana.    Does not stack with similar effects.",22,0,0,19,20,0,6,12
Paladin,Protection,Ability,"Blinding Light",954500,"Emits dazzling light in all directions, blinding enemies within 10 yards, causing them to wander disoriented for 6 sec.",34,0,0,40,32,0,0,0
Paladin,Protection,Ability,"Devotion Aura",465,"Gives 40 additional armor to party and raid members within 40 yards.      Players may only have one Aura on them per Paladin at any one time.",1,0,0,0,0,0,0,0
Paladin,Protection,Ability,"Divine Intervention",19752,"You sacrifice yourself to remove the targeted party member from harm's way. Enemies will stop attacking the protected party member, who will be immune to all harmful attacks but will not be able to take any action for 3 min.",30,0,0,8,28,0,0,0
Paladin,Protection,Ability,"Divine Protection",498,"Reduces all damage taken by 50% for 12 sec.    Cannot be used within 30 sec of using Avenging Wrath.    Once protected, the target cannot be targeted by Divine Protection, Divine Shield, Hand of Protection or Lay on Hands for 2 min.   This ability is usable while shapeshifted.",10,0,0,11,4,0,0,0
Paladin,Protection,Ability,"Divine Sacrifice",64205,"30% of all damage taken by party members within 30 yards is redirected to the caster (up to a maximum of 40% of the caster's health times the number of party members).  Damage which reduces the caster below 20% health will break the effect.  Lasts 10 sec.",16,0,0,23,14,0,3,6
Paladin,Protection,Ability,"Divine Shield",642,"Protects you from all damage and spells for 12 sec, but reduces your damage by 50%.    Once protected, the target cannot be targeted by Divine Shield, Hand of Protection, Divine Protection or Lay on Hands again for 2 min.",34,0,0,40,32,0,0,0
Paladin,Protection,Ability,"Fire Resistance Aura",19891,"Gives 30 additional Fire resistance to all party and raid members within 40 yards.      Players may only have one Aura on them per Paladin at any one time.",36,0,0,32,34,0,0,0
Paladin,Protection,Ability,"Frost Resistance Aura",19888,"Gives 30 additional Frost resistance to all party and raid members within 40 yards.      Players may only have one Aura on them per Paladin at any one time.",32,0,0,28,30,0,0,0
Paladin,Protection,Ability,"Hammer of Justice",853,"Stuns the target for 3 sec and interrupts non-player spellcasting for 3 sec.",10,0,0,9,6,0,0,0
Paladin,Protection,Ability,"Hammer of the Righteous",53595,"Hammer the current target and up to 2 additional nearby targets, causing 4 times your main hand damage per second as Holy damage.",40,0,0,0,38,0,15,30
Paladin,Protection,Ability,"Hand of Freedom",1044,"Places a Hand on the friendly target, granting immunity to movement impairing effects for 6 sec.",18,0,0,37,16,0,0,0
Paladin,Protection,Ability,"Hand of Protection",1022,"A targeted party or raid member is protected from all physical attacks, Interrupt and Silence mechanics for 6 sec, but during that time they cannot attack or use physical abilities. This also removes any Stun effects on use.  Once protected, the target cannot be targeted by Divine Shield, Hand of Protection, Divine Protection or Lay on Hands again for 2 min.    Cannot be used within 30 sec of using Avenging Wrath.",10,0,0,20,8,0,0,0
Paladin,Protection,Ability,"Hand of Sacrifice",6940,"Places a Hand on the party or raid member, transferring 30% damage taken to the caster.  Lasts 12 sec or until the caster has transferred 100% of their maximum health.",36,0,0,40,34,0,0,0
Paladin,Protection,Ability,"Hand of Salvation",1038,"Places a Hand on the party or raid member, reducing their total threat by 2% every 1 sec. for 10 sec.  Players may only have one Hand on them per Paladin at any one time.",26,0,0,38,24,0,0,0
Paladin,Protection,Ability,"Holy Shield",20925,"Increases chance to block by 30% for 10 sec. Each block expends a charge and deals 50 holy damage to the attacker. 8 charges.",30,0,0,26,28,0,9,21
Paladin,Protection,Ability,"Righteous Defense",31789,"Transfers the next melee or ranged attack made against an ally. In addition, while active 20% of the threat they generate is transferred to you instead.  Casting this spell with an enemy target will redirect it to whatever they are targeting.    This cannot be used in Battlegrounds or Arenas",12,0,0,3,10,0,0,0
Paladin,Protection,Ability,"Righteous Fury",25780,"Your threat generated is significantly increased.    Teaches you Hand of Reckoning.   Also increases your chance to block Fierce Blows.",1,0,0,8,8,0,0,0
Paladin,Protection,Ability,"Seal of Justice",20164,"Fills the Paladin with the spirit of justice for until cancelled, giving each melee attack a chance to stun for 2 sec. This effect has a 10 second cooldown. Only one Seal can be active at any one time.  Unleashing this Seal's energy will deal 3 Holy damage to an enemy.",22,0,0,19,20,0,0,0
Paladin,Protection,Ability,"Shadow Resistance Aura",19876,"Gives 30 additional Shadow resistance to all party and raid members within 40 yards.      Players may only have one Aura on them per Paladin at any one time.",28,0,0,24,26,0,0,0
Paladin,Protection,Ability,"Shield of Righteousness",53600,"Slam the target with your shield, causing Holy damage based on your block value plus an additional 5. This ability will also heal you based on your spell damage.",1,0,0,0,0,0,0,0
Paladin,Retribution,Ability,"Avenging Wrath",31884,"Increases all damage and healing caused by 20% for 20 sec.   Cannot be used within 30 sec of being the target of Divine Shield, Divine Protection, or Hand of Protection, or of using Lay on Hands on oneself.    Does not stack with other similar effects.",50,0,0,40,48,0,0,0
Paladin,Retribution,Ability,"Blessing of Might",19740,"Places a Blessing on the friendly target, increasing their Strength and Agility by 2 for 30 min.   Does not stack with other similar effects.",1,0,0,4,2,0,0,0
Paladin,Retribution,Ability,"Crusader Aura",32223,"Increases the mounted speed by 20% for all party and raid members within 40 yards.  Players may only have one Aura on them per Paladin at any one time.     This does not stack with other movement speed increasing effects.",60,0,0,32,58,0,0,0
Paladin,Retribution,Ability,"Crusader Strike",35395,"An instant strike that causes 75% weapon damage.",1,0,0,0,0,0,0,0
Paladin,Retribution,Ability,"Divine Storm",53385,"An instant weapon attack that causes 110% of weapon damage to up to 4 enemies within 8 yards. The Divine Storm heals up to 3 party or raid members for 25% of the damage caused.",40,0,0,0,38,0,15,30
Paladin,Retribution,Ability,"Execution Sentence",954817,"A hammer slowly falls from the sky, causing Holy damage if the target is an enemy and healing if the target is an ally, over 10 sec.     This culminates in a final burst of damage or healing. Dispelling the effect triggers the final burst.",40,0,0,40,38,0,0,0
Paladin,Retribution,Ability,"Hammer of Wrath",24275,"Hurls a hammer that strikes an enemy for 354 to 390 Holy damage. Only usable on enemies that have 20% or less health.",44,0,0,12,42,0,0,0
Paladin,Retribution,Ability,"Judgement of Justice",53407,"Unleashes the energy of a Seal spell to judge an enemy for 20 sec, preventing them from fleeing and limiting their movement speed.      Refer to individual Seals for additional Judgement effect.    Only one Judgement per Paladin can be active at any one time.",28,0,0,24,26,0,0,0
Paladin,Retribution,Ability,"Judgement of Light",20271,"Unleashes the energy of a Seal spell to judge an enemy for 20 sec, granting auto attacks and auto shots made against the judged enemy a chance of healing the attacker for 2% of their base health.      Refer to individual Seals for additional Judgement effect.    Only one Judgement per Paladin can be active at any one time.",1,0,0,4,2,0,0,0
Paladin,Retribution,Ability,"Judgement of Wisdom",53408,"Unleashes the energy of a Seal spell to judge an enemy for 20 sec, giving each attack a chance to restore 2% of the attacker's base mana.     Refer to individual Seals for additional Judgement effect.    Only one Judgement per Paladin can be active at any one time.",1,0,0,4,6,0,0,0
Paladin,Retribution,Ability,"Repentance",20066,"Puts the enemy target in a state of meditation, incapacitating them for up to 1 min (6 seconds on players), and removing the effect of Righteous Vengeance.  Any damage caused will awaken the target. Usable against Demons, Dragonkin, Giants, Humanoids and Undead.",30,0,0,40,28,0,9,21
Paladin,Retribution,Ability,"Retribution Aura",7294,"Causes 11 Holy damage to any enemy that strikes a party or raid member within 40 yards.      Players may only have one Aura on them per Paladin at any one time.",16,0,0,14,14,0,0,0
Paladin,Retribution,Ability,"Seal of Command",20375,"All main hand auto attacks and Paladin melee abilities deal 0 to 1 additional Holy damage to the target and up to 2 additional targets. Lasts until cancelled.  Unleashing this Seal's energy will judge an enemy, instantly causing 1 to 2 Holy damage.",16,0,0,14,14,0,3,6
Paladin,Retribution,Ability,"Seal of Vengeance",31801,"Fills you with holy power, causing main hand auto and Paladin melee abilities to apply Holy Vengeance, which deals 1 additional Holy damage over 15 sec.    Holy Vengeance can stack up to 5 times. Once stacked to 5 times, each of your main hand auto attacks and Paladin melee abilities deals damage as additional Holy damage. Only one Seal can be active on the caster at any one time. Lasts until cancelled.  Unleashing this Seal's energy will deal 3 Holy damage to an enemy, increased by 10% for each application of Holy Vengeance on the target.",44,0,0,36,42,0,0,0
Priest,Discipline,Ability,"Angelic Feather",760053,"Place a feather at the target location, lasting for 15 sec. If allies walk through it, they gain 50% increased movement speed for 4 sec.  Max 3 charges. 20 second recharge timer.",28,0,0,40,26,0,0,0
Priest,Discipline,Ability,"Dispel Magic",527,"Dispels magic on the target, removing 1 harmful spell from a friend or 1 beneficial spell from an enemy.",18,0,0,26,16,0,0,0
Priest,Discipline,Ability,"Divine Spirit",14752,"Holy power infuses the target, increasing their Spirit by 17 for 30 min.   Does not stack with other similar effects.",30,0,0,26,28,0,0,0
Priest,Discipline,Ability,"Fear Ward",6346,"Wards the friendly target against Fear and Horror effects. The next Fear effect used against the target will fail, using up the ward.  Lasts 3 min.",20,0,0,29,18,0,0,0
Priest,Discipline,Ability,"Inner Fire",588,"A burst of holy energy fills the caster, increasing armor by 175. Taking melee or ranged damage will remove one stack. Lasts until cancelled or until 20 stacks are used.",12,0,0,10,10,0,0,0
Priest,Discipline,Ability,"Inner Focus",14751,"When activated, reduces the mana cost of your next spell or magic ability by 100% and increases its critical effect chance by 25% if it is capable of a critical effect.",16,0,0,23,14,0,3,6
Priest,Discipline,Ability,"Levitate",1706,"Allows the friendly party or raid target to levitate, floating a few feet above the ground.  While levitating, the target will fall at a reduced speed and travel over water.  Any damage will cancel the effect.  Lasts 2 min.  This ability is usable while shapeshifted.",34,0,0,5,32,0,0,0
Priest,Discipline,Ability,"Mana Burn",8129,"Destroy 10% of the target's mana (up to a maximum of 20% of your own maximum mana). For each mana destroyed in this way, the target takes 0.5 Shadow damage.",16,0,0,14,14,0,0,0
Priest,Discipline,Ability,"Mass Dispel",32374,"Dispels magic in a 15 yard radius, removing 1 harmful spell from each friendly target and 1 beneficial spell from each enemy target.  Affects a maximum of 10 friendly targets and 10 enemy targets.  This dispel is potent enough to remove Magic effects that are normally undispellable, including Divine Shield, Ice Block and Cyclone.    Mass Dispel can remove Stealth from targets within the spell.",40,0,0,40,38,0,0,0
Priest,Discipline,Ability,"Pain Suppression",33206,"Instantly reduces a friendly target's threat by 5%, reduces all damage taken by 40% for 8 sec. Pain Suppression has a 60% chance to resist Dispel mechanics.",36,0,0,40,34,0,12,27
Priest,Discipline,Ability,"Penance",47540,"Launches a volley of holy light at the target, causing 241 Holy damage to an enemy, or 125 to 141 healing to an ally instantly and every 1 sec for 2 sec.",40,0,0,0,38,0,15,30
Priest,Discipline,Ability,"Power Infusion",10060,"Infuses the target with power, increasing spell casting speed by 20% and reducing the cost of all magic spells and abilities by 20%. Lasts 15 sec.",30,0,0,40,28,0,9,21
Priest,Discipline,Ability,"Power Word: Fortitude",1243,"Power infuses the target, increasing their Stamina by 3 for 30 min.   Does not stack with other similar effects.",1,0,0,4,0,0,0,0
Priest,Discipline,Ability,"Power Word: Shield",17,"Draws on the soul of the friendly target to shield them, absorbing 44 damage. Lasts 30 sec. While the shield holds, spellcasting will not be interrupted by damage. Once shielded, the target cannot be shielded again for 15 sec.",10,0,0,8,4,0,0,0
Priest,Discipline,Ability,"Shackle Undead",9484,"Shackles the target undead enemy for up to 30 sec. The shackled unit is unable to move, attack or cast spells.  Any damage caused will release the target.      Only one target can be shackled at a time.",20,0,0,5,18,0,0,0
Priest,Holy,Ability,"Abolish Disease",552,"Attempts to cure 1 disease effect on the target, and 1 more disease effect every 3 seconds for 12 sec.",32,0,0,32,30,0,0,0
Priest,Holy,Ability,"Binding Heal",32546,"Heals a friendly target and the caster for 359 to 418. Low threat.",40,0,0,10,38,0,0,0
Priest,Holy,Ability,"Circle of Healing",34861,"Heals up to 5 friendly party or raid members within 15 yards of the target for 151 to 173.",36,0,0,0,34,0,12,27
Priest,Holy,Ability,"Cure Disease",528,"Removes 1 disease from the friendly target.",14,0,0,12,12,0,0,0
Priest,Holy,Ability,"Desperate Prayer",19236,"Heals you for 110 to 150. If used while below 50% health, it guarantees a critical heal.",16,0,0,23,14,0,3,6
Priest,Holy,Ability,"Divine Hymn",64843,"Heals 3 nearby lowest health friendly party or raid targets within 40 yards for 896 to 984 every 2 sec for 8 sec, and increases healing done to them by 10% for 8 sec. Maximum of 12 heals. The Priest must channel to maintain the spell.",50,0,0,40,48,0,0,0
Priest,Holy,Ability,"Divine Star",760060,"Fires a Divine Star in front of you, traveling 30 yards, healing all allies within 5 yards of its path for 23.  After reaching its destination it will return to its original position, also healing all allies in its path.",30,0,0,40,28,0,0,0
Priest,Holy,Ability,"Flash Heal",2061,"Heals a friendly target for 121 to 146.",20,0,0,20,18,0,0,0
Priest,Holy,Ability,"Greater Heal",2050,"A slow casting spell that heals a single target for 31 to 38.",1,0,0,0,0,0,0,0
Priest,Holy,Ability,"Guardian Spirit",47788,"Calls upon a guardian spirit to watch over the friendly target. The spirit increases the healing received by the target by 40%, and also prevents the target from dying by sacrificing itself, only up to a maximum of 15% of target's total health. This sacrifice terminates the effect but heals the target of 50% of their maximum health. Lasts 10 sec.",40,0,0,40,38,0,15,30
Priest,Holy,Ability,"Halo",954803,"Creates a ring of Holy energy around you that quickly expands and grows in power, healing raid and party members up to 30 yds away. Heals with greater effect the further away the ally is. Also increases the Holy healing taken from the caster by 8%.",36,0,0,40,34,0,0,0
Priest,Holy,Ability,"Holy Fire",14914,"Consumes the enemy in holy flames that cause 81 to 97 Holy damage and an additional 21 Holy damage over 7 sec.",16,0,0,4,14,0,0,0
Priest,Holy,Ability,"Holy Nova",15237,"Causes an explosion of holy light around the caster, causing 21 to 23 Holy damage to all enemy targets within 10 yards and healing all party members within 10 yards for 52 to 60. These effects cause no threat.",14,0,0,4,12,0,0,0
Priest,Holy,Ability,"Hymn of Hope",64901,"Restores 3% mana to 3 nearby low mana friendly party or raid targets every 2 sec for 8 sec, and increases their total maximum mana by 20% for 8 sec. Maximum of 12 mana restores. The Priest must channel to maintain the spell.",50,0,0,40,48,0,0,0
Priest,Holy,Ability,"Leap of Faith",86381,"Pulls the spirit of a party or raid member, moving them to you. The same target can only be affected by this once every 30 seconds.",40,0,0,40,38,0,0,0
Priest,Holy,Ability,"Lightwell",724,"Creates a Holy Lightwell.    Lightwell will attempt to heal a nearby party or raid member within 20 yards every second if they have less than 50% health for 11.    Lightwell lasts for 30 seconds or until it heals 10 times.",30,0,0,40,28,0,9,21
Priest,Holy,Ability,"Prayer of Healing",596,"A powerful prayer heals the friendly target's party members within 30 yards for 118 to 130.",20,0,0,5,18,0,0,0
Priest,Holy,Ability,"Prayer of Mending",33076,"Places a spell on the target that heals them for 101 the next time they take damage.  When the heal occurs, Prayer of Mending jumps to a party or raid member within 20 yards. Jumps up to 5 times and lasts 30 sec after each jump.      This spell can only be placed on one target at a time.",40,0,0,34,38,0,0,0
Priest,Holy,Ability,"Renew",139,"Heals the target for 35 over 15 sec.",1,0,0,0,2,0,0,0
Priest,Holy,Ability,"Resurrection",2006,"Brings a dead player back to life with 70 health and 135 mana.  Cannot be cast when in combat.",10,0,0,2,8,0,0,0
Priest,Holy,Ability,"Smite",585,"Smite an enemy for 13 to 17 Holy damage.",1,0,0,0,0,0,0,0
Priest,Shadow,Ability,"Devouring Plague",2944,"Afflicts the target with a disease that causes 152 Shadow damage over 24 sec. 15% of damage caused by the Devouring Plague heals the caster. This spell can only affect one target at a time.",20,0,0,5,18,0,0,0
Priest,Shadow,Ability,"Dispersion",47585,"You disperse into pure Shadow energy, reducing all damage taken by 90%.  You are unable to attack or cast spells, but you regenerate 6% mana every 1 sec for 6 sec. Dispersion can be cast while stunned, feared or silenced and clears all snare and movement impairing effects when cast.",40,0,0,40,38,0,15,30
Priest,Shadow,Ability,"Fade",586,"Fade out, temporarily reducing all your threat for 10 sec.  This ability is usable while shapeshifted.",10,0,0,9,6,0,0,0
Priest,Shadow,Ability,"Mind Blast",8092,"Blasts the target for 39 to 43 Shadow damage.",10,0,0,0,8,0,0,0
Priest,Shadow,Ability,"Mind Flay",15407,"Assault the target's mind with Shadow energy, causing 45 Shadow damage over 3 sec and slowing their movement speed by 50%.",16,0,0,0,14,0,3,6
Priest,Shadow,Ability,"Mind Sear",48045,"Causes an explosion of shadow magic around the enemy target, causing 50 to 57 Shadow damage every 1 sec for 5 sec to all enemies within 10 yards around the target.",36,0,0,10,34,0,0,0
Priest,Shadow,Ability,"Mind Soothe",453,"Soothes the target, reducing the range at which it will attack you by 10 yards. Only affects Humanoid targets. Lasts 15 sec.",20,0,0,5,18,0,0,0
Priest,Shadow,Ability,"Mind Vision",2096,"Allows the caster to see through the target's eyes for 1 min.  This ability is usable while shapeshifted.",22,0,0,6,20,0,0,0
Priest,Shadow,Ability,"Psychic Horror",64044,"You terrify the target, causing them to tremble in horror for 3 sec, and disarming their main hand and ranged weapons for 10 sec.  This spell cannot miss.",36,0,0,40,34,0,12,27
Priest,Shadow,Ability,"Psychic Scream",8122,"The caster lets out a psychic scream, causing 2 enemies within 8 yards to flee for 6 sec.  Damage caused may interrupt the effect.",10,0,0,14,8,0,0,0
Priest,Shadow,Ability,"Shadow Protection",976,"Increases the target's resistance to Shadow spells by 30 for 30 min.",30,0,0,26,28,0,0,0
Priest,Shadow,Ability,"Shadow Word: Death",32379,"A word of dark binding that inflicts 192 to 222 Shadow damage to the target.  If the target is not killed by Shadow Word: Death, the caster takes damage equal to the damage inflicted upon the target after a short delay.",40,0,0,34,38,0,0,0
Priest,Shadow,Ability,"Shadow Word: Pain",589,"A word of darkness that causes 30 Shadow damage over 18 sec.",1,0,0,0,0,0,0,0
Priest,Shadow,Ability,"Shadowfiend",34433,"Creates a shadowy fiend to attack the target.  Caster receives 5% mana when the Shadowfiend attacks. Damage taken by area of effect attacks is reduced. Lasts 15 sec.",50,0,0,34,48,0,0,0
Priest,Shadow,Ability,"Shadowform",15473,"Assume a Shadowform, increasing your Shadow damage by 15%.    You may not cast Healing or Priest Holy spells while in this form except for Cure Disease and Abolish Disease.    Grants the periodic damage from your Shadow Word: Pain, Devouring Plague, and Vampiric Touch spells the ability to critically hit and benefit from haste.",22,0,0,26,28,0,9,21
Priest,Shadow,Ability,"Silence",15487,"Silences the target, preventing them from casting spells for 5 sec. Non-player victim spellcasting is also interrupted for 3 sec.",22,0,0,32,20,0,6,12
Priest,Shadow,Ability,"Vampiric Embrace",15286,"Fills you with the embrace of Shadow energy, causing you to be healed for 15% and other party members to be healed for 3% of any single-target Priest Shadow spell damage you deal.     Either heal cannot exceed 5% of the maximum health of the caster.   This ability is usable while shapeshifted.",20,0,0,26,20,0,6,12
Priest,Shadow,Ability,"Vampiric Touch",34914,"Causes 340 Shadow damage over 15 sec to your target.     When you deal damage with Mind Blast to a target afflicted by your Vampiric Touch, you gain Replenishment.    If Vampiric Touch is dispelled it will cause 544 damage to the afflicted target.     Replenishment Replenishes 1% of maximum mana per 5 sec on up to 10 party members for 15 sec.",36,0,0,26,34,0,12,27
Priest,Shadow,Ability,"Void Eruption",760122,"Releases an explosive blast of pure void energy, causing Shadow damage to up to 10 enemies within 10 yards of your target. The power drawn from the Void increases your periodic Shadow Priest damage by 20% for 5 sec, increased by 0.5 sec for each enemy hit.  While in Shadowform this spell also applies Shadow Word: Pain (if known) to all enemies hit.",28,0,0,40,26,0,0,0
Priest,Shadow,Ability,"Void Shift",954522,"You and the currently targeted party or raid member swap health percentages. Increases the health percentage of you and your ally to 25% if below that amount.  After casting or being targeted by Void Shift you cannot cast or be targeted by it for 1 min.",30,0,0,40,28,0,0,0
Rogue,Assassination,Ability,"Ambush",8676,"Ambush the target, causing 275% weapon damage plus 77 to the target. Must be stealthed and behind the target. Requires a dagger in the main hand. Awards 2 combo points.",16,0,0,10,14,0,0,0
Rogue,Assassination,Ability,"Cheap Shot",1833,"Stuns the target for 4 sec. Must be stealthed. Awards 2 combo points.",26,0,0,38,24,0,0,0
Rogue,Assassination,Ability,"Cold Blood",14177,"When activated, your next direct damage Rogue ability has 100% increased critical strike chance, 20% increased damage (10% versus players) and is usable from 10 yards.     When consumed you will gain 4% melee and ranged critical strike chance for 15 sec.",22,0,0,32,20,0,6,12
Rogue,Assassination,Ability,"Combat Readiness",86378,"Enter a state of heightened defensive awareness. Each time you're hit by a spell or ability, your overall damage taken is reduced by 5%(3% versus players) for 10 sec. Stacks up to 5 times. Lasts 20 sec or until you have not been attacked for 10 sec.  This ability is usable while shapeshifted.",36,0,0,40,34,0,0,0
Rogue,Assassination,Ability,"Crimson Tempest",954809,"Finishing move that slashes at the flesh of all enemies within 8 yards, dealing Physical damage and causing them to bleed per combo point:     1 point: 9 damage and 17 damage over 8 sec     2 points: 16 damage and 25 damage over 8 sec     3 points: 23 damage and 33 damage over 8 sec     4 points: 30 damage and 42 damage over 8 sec     5 points: 38 damage and 51 damage over 8 sec",14,0,0,0,12,0,0,0
Rogue,Assassination,Ability,"Deadly Throw",26679,"Finishing move that reduces the movement of the target by 50% for 6 sec and causes increased thrown weapon damage:     1 point  : 28-44 damage     2 points: 47-63 damage     3 points: 66-82 damage     4 points: 85-101 damage     5 points: 104-120 damage",24,0,0,20,22,0,0,0
Rogue,Assassination,Ability,"Dismantle",51722,"Disarm the enemy, removing their weapons, shields, or other equipment carried for 6 sec.",20,0,0,29,18,0,0,0
Rogue,Assassination,Ability,"Envenom",32645,"Finishing move that consumes your Deadly Poison doses on the target and deals instant poison damage.     After the Envenom attack you have an additional 15% chance to apply Deadly Poison and a 75% increased frequency of applying Instant Poison for 1 sec plus an additional 1 sec per combo point.  One dose is consumed for each combo point:    1 dose:  38 damage    2 doses: 77 damage    3 doses: 116 damage    4 doses: 156 damage    5 doses: 196 damage",36,0,0,24,34,0,0,0
Rogue,Assassination,Ability,"Eviscerate",2098,"Finishing move that causes damage per combo point:     1 point  : 7-11 damage     2 points: 13-17 damage     3 points: 19-23 damage     4 points: 26-30 damage     5 points: 33-37 damage",1,0,0,0,0,0,0,0
Rogue,Assassination,Ability,"Expose Armor",8647,"Finishing move that exposes the target, reducing armor by 20% and lasting longer per combo point:    1 point  : 6 sec.    2 points: 12 sec.    3 points: 18 sec.    4 points: 24 sec.    5 points: 30 sec.   Does not stack with other similar effects.",14,0,0,12,12,0,0,0
Rogue,Assassination,Ability,"Garrote",703,"When attacking from stealth, inflicts 18 damage to an enemy every 3 sec. for 18 sec and silences the enemy for 2 sec. Awards 1 combo point.",12,0,0,10,10,0,0,0
Rogue,Assassination,Ability,"Hunger For Blood",51662,"Enrages you, increasing all Physical and Nature damage caused by 10%, lasting for 15 seconds. Also gives you a movement boost of 30% for 5 seconds. Requires any bleed to be active on the target to be used.   This ability is usable while shapeshifted.",40,0,0,40,38,0,15,30
Rogue,Assassination,Ability,"Kidney Shot",408,"Finishing move that stuns the target.  Lasts longer per combo point:    1 point  : 1 second    2 points: 2 seconds    3 points: 3 seconds    4 points: 4 seconds    5 points: 5 seconds",20,0,0,29,18,0,0,0
Rogue,Assassination,Ability,"Meditate",965426,"Finishing move that consumes combo points on any nearby target to restore 6% of your base mana every 2 sec. Lasts longer per combo point:    1 point  : 18% base mana over 6  secs    2 points: 36% base mana over 12  secs     3 points: 54% base mana over 18  secs    4 points: 72% base mana over 24  secs    5 points: 90% base mana over 30 secs",10,0,0,8,4,0,0,0
Rogue,Assassination,Ability,"Mutilate",1329,"Instantly attacks with both weapons for 100% weapon damage plus an additional 36 with each weapon. Awards 2 combo points.    Damage is increased by 20% against Poisoned targets.",36,0,0,36,34,0,12,27
Rogue,Assassination,Ability,"Poison Mastery",2842,"You gain Poison Mastery when learning any Rogue Poison.     This Mastery automatically unlocks additional Essential Rogue Poisons when you reach their Class Point requirements at no additional ability essence cost.   Instant Poison Coats a melee or ranged weapon with a poison that deals nature damage.    Crippling Poison Coats a weapon with crippling poison that slows the target.   Mind-numbing Poison Coats a weapon with mind-numbing poison that reduces their casting speed.   Deadly Poison Coats your weapon with a deadly poison that causes your targets to take Nature damage over times and stacks up.    Wound Poison Coats your weapon with a poison that deals Nature damage and reduces the target's healing received.    Anesthetic Poison Coats your weapon with poison that deals Nature damage and dispels Enrage effects on your target.",16,0,0,14,34,0,0,0
Rogue,Assassination,Ability,"Rupture",1943,"Finishing move that causes damage over time.  Lasts longer per combo point:     1 point  : 40 damage over 8 sec     2 points: 61 damage over 10 sec     3 points: 87 damage over 12 sec     4 points: 117 damage over 14 sec     5 points: 153 damage over 16 sec",20,0,0,16,18,0,0,0
Rogue,Assassination,Ability,"Slice and Dice",5171,"Finishing move that increases melee attack speed by 20%. Lasts longer per combo point:     1 point  : 9 seconds     2 points: 12 seconds     3 points: 15 seconds     4 points: 18 seconds     5 points: 21 seconds    This ability is usable while shapeshifted.",1,0,0,0,2,0,0,0
Rogue,Assassination,Ability,"Smoke Bomb",954501,"Creates a cloud of thick smoke in an 8 yard radius around you for 5 sec. Enemies are unable to target into or out of the smoke cloud.   This ability is usable while shapeshifted.",36,0,0,40,34,0,0,0
Rogue,Combat,Ability,"Adrenaline Rush",13750,"Increases your Energy regeneration rate by 100% for 15 sec.  This ability is usable while shapeshifted.",30,0,0,40,28,0,9,21
Rogue,Combat,Ability,"Backstab",53,"Backstab the target, causing 150% weapon damage plus 10 to the target. Must be behind the target.  Requires a dagger in the main hand. Awards 1 combo point.",1,0,0,0,0,0,0,0
Rogue,Combat,Ability,"Blade Flurry",13877,"Increases your melee attack speed by 20%. In addition, attacks strike an additional nearby opponent. Lasts 20 sec.    Can't be active at the same time as Sweeping Strikes.     This ability is usable while shapeshifted.",22,0,0,32,20,0,6,12
Rogue,Combat,Ability,"Evasion",5277,"Increases your dodge chance by 50% and reduces the chance ranged attacks hit you by 50%. Lasts 15 sec.     This ability is usable while shapeshifted.",10,0,0,9,6,0,0,0
Rogue,Combat,Ability,"Fan of Knives",51723,"Instantly throw both weapons at all targets within 8 yards, causing 105% weapon damage with daggers, and 70% weapon damage with all other weapons.",50,0,0,8,48,0,0,0
Rogue,Combat,Ability,"Feint",1966,"Performs a feint, causing no damage but lowering your threat by a large amount, making the enemy less likely to attack you.  In addition, reduces the damage you take from area of effect attacks by 20% for 6 sec.",12,0,0,10,10,0,0,0
Rogue,Combat,Ability,"Gouge",1776,"Causes 4 damage, incapacitating the opponent for 4 sec, and turns off your attack.  Target must be facing you.  Any damage caused will revive the target. Awards 1 combo point.",10,0,0,8,4,0,0,0
Rogue,Combat,Ability,"Grappling Hook",760056,"Launch a grappling hook and pull yourself to the target location. For 3 sec after using it you can recast it, pulling yourself to an enemy and rooting them for 1 sec. Does not break stealth.",28,0,0,40,26,0,0,0
Rogue,Combat,Ability,"Kick",1766,"A quick kick that interrupts spellcasting and prevents any spell in that school from being cast for 4 sec.     This ability shares a cooldown with other interrupts.",12,0,0,17,10,0,0,0
Rogue,Combat,Ability,"Killing Spree",51690,"Step through the shadows from enemy to enemy within 10 yards, attacking an enemy for 130% weapon damage (195% with Daggers) every 0.5 sec with both weapons until 5 assaults are made.  Can hit the same target multiple times.  Cannot hit invisible or stealthed targets.",40,0,0,40,38,0,15,30
Rogue,Combat,Ability,"Recuperate",965425,"Finishing move that consumes combo points on your target to restore 3% of your maximum health every 3 sec. Lasts longer per combo point:    1 point : 3 seconds    2 points: 6 seconds    3 points: 9 seconds    4 points: 12 seconds    5 points: 15 seconds",1,0,0,4,0,0,0,0
Rogue,Combat,Ability,"Riposte",14251,"A strike that becomes active after parrying an opponent's attack.  This attack deals 150% weapon damage and slows their melee attack speed by 20% for 30 sec. Awards 1 combo point. Does not stack with other similar effects.",16,0,0,0,14,0,3,6
Rogue,Combat,Ability,"Roll the Bones",760080,"Roll the dice of fate, providing a random lesser or great combat enhancement for 10 sec. Only one enhancement can be active at the same time.    This ability is usable while shapeshifted.",26,0,0,38,24,0,0,0
Rogue,Combat,Ability,"Shiv",5938,"Performs an instant off-hand weapon attack that automatically applies the poison from your off-hand weapon to the target.  Slower weapons require more Energy. Shiv can not critically strike. Awards 1 combo point.",40,0,0,5,38,0,0,0
Rogue,Combat,Ability,"Shuriken Toss",954835,"A ranged attack that deals 30 to 29 Physical damage to an enemy target. Awards 1 combo point.",14,0,0,4,12,0,0,0
Rogue,Combat,Ability,"Sinister Strike",1752,"An instant strike that causes 3 damage in addition to 100% of your normal weapon damage (85% if a Two-Handed weapon is equipped). Awards 1 combo point.",1,0,0,0,0,0,0,0
Rogue,Combat,Ability,"Sprint",2983,"Increases your movement speed by 50% for 15 sec.  Does not break stealth.",10,0,0,20,8,0,0,0
Rogue,Subtlety,Ability,"Blind",2094,"Blinds the target, causing it to wander disoriented for up to 10 sec.  Any damage caused will remove the effect.",34,0,0,40,32,0,0,0
Rogue,Subtlety,Ability,"Cloak of Shadows",31224,"Instantly removes all existing harmful spell effects, Increases your chance to resist all spells by 90% for 5 sec.     Does not remove effects that prevent you from using Cloak of Shadows.",50,0,0,40,48,0,0,0
Rogue,Subtlety,Ability,"Detect Traps",2836,"Greatly increased chance to detect traps.",24,0,0,21,22,0,0,0
Rogue,Subtlety,Ability,"Disarm Trap",1842,"Disarm a hostile trap.",30,0,0,17,28,0,0,0
Rogue,Subtlety,Ability,"Distract",1725,"Throws a distraction, attracting the attention of all nearby monsters for 10 seconds.  Does not break stealth.",10,0,0,9,6,0,0,0
Rogue,Subtlety,Ability,"Ghostly Strike",14278,"A strike that deals 125% weapon damage (180% if a dagger is equipped, 100% if a Two-Handed weapon is equipped).     Increases your chance to dodge (or parry if a single Two-Handed weapon is equipped) by 10% for 8 sec. Awards 1 combo point.",16,0,0,14,14,0,3,6
Rogue,Subtlety,Ability,"Gloomblade",760050,"Punctures the target with your shadow-infused blade, causing 90% weapon damage as Shadow and inflicting Gloomblade for 6 sec, causing your melee abilities on the target to trigger additional 17 Shadow damage. Awards 1 combo point.",26,0,0,5,24,0,0,0
Rogue,Subtlety,Ability,"Hemorrhage",16511,"An instant strike that deals 100% weapon damage and applies Hemorrhage, increasing Physical damage taken by up to 9. Lasts 10 charges or 15 sec. Awards 1 combo point.    Deals 175% weapon damage if a dagger is equipped and 85% if a two-hander is equipped.",22,0,0,22,20,0,6,12
Rogue,Subtlety,Ability,"Pick Lock",1804,"Allows opening of locked chests and doors.",12,0,0,8,10,0,0,0
Rogue,Subtlety,Ability,"Pick Pocket",921,"Pick the target's pocket, taking loot from them!",10,0,0,8,6,0,0,0
Rogue,Subtlety,Ability,"Premeditation",14183,"When used, adds 2 combo points to your target. Must be stealthed. You must add to or use those combo points within 20 sec or the combo points are lost.  This ability is usable while shapeshifted.",30,0,0,26,28,0,9,21
Rogue,Subtlety,Ability,"Preparation",14185,"When activated, this ability immediately resets the cooldown on your Evasion, Sprint, Vanish, Cold Blood and Shadowstep abilities.  This ability is usable while shapeshifted.",22,0,0,32,20,0,6,12
Rogue,Subtlety,Ability,"Safe Fall",1860,"Reduces damage from falling.",40,0,0,8,38,0,0,0
Rogue,Subtlety,Ability,"Sap",6770,"Incapacitates the target for up to 25 sec (10 seconds on players).  Must be stealthed. Only works on Humanoids that are not in combat.  Any damage caused will revive the target. Only 1 target may be sapped at a time.",10,0,0,14,8,0,0,0
Rogue,Subtlety,Ability,"Shadow Dance",51713,"Enter the Shadow Dance for 8 sec, allowing the use of Sap, Garrote, Ambush, Cheap Shot, Premeditation, Pickpocket, Disarm Trap, Ravage and Pounce regardless of being stealthed or prowled.",40,0,0,40,38,0,15,30
Rogue,Subtlety,Ability,"Shadowstep",36554,"Attempts to step through the shadows and reappear behind your enemy and increases movement speed by 70% for 3 sec.   This ability is usable while shapeshifted.",36,0,0,40,34,0,12,27
Rogue,Subtlety,Ability,"Stealth",1784,"Allows you to sneak around, but reduces your speed by 30%. Removes invulnerabilities when used. Lasts until cancelled.",1,0,0,9,2,0,0,0
Rogue,Subtlety,Ability,"Tricks of the Trade",57934,"The party or raid member you have targeted receives the threat caused by your next damaging attack and all threat you cause for 6 sec. Their damage is increased by 15%.",50,0,0,40,48,0,0,0
Rogue,Subtlety,Ability,"Vanish",1856,"Allows you to vanish from sight, entering an improved stealth mode for 10 sec.  Also breaks movement impairing effects.",22,0,0,32,20,0,0,0
Shaman,Elemental,Ability,"Air Elemental Totem",2897,"Summons an elemental totem that calls forth a greater air elemental to rain destruction on the caster's enemies. Lasts 2 min.    This ability is usable while shapeshifted.  This uses Fire Elemental Totem modifiers.",40,0,0,40,38,0,0,0
Shaman,Elemental,Ability,"Call of the Ancestors",66843,"Simultaneously places up to 4 totems specified in the Totem Bar. Can call different totems than Call of the Elements.",22,0,0,18,20,0,0,0
Shaman,Elemental,Ability,"Call of the Elements",66842,"Simultaneously places up to 4 totems specified in the Totem Bar.",14,0,0,8,12,0,0,0
Shaman,Elemental,Ability,"Call of the Spirits",66844,"Simultaneously places up to 4 totems specified in the Totem Bar. Can call different totems than Call of the Elements or Call of the Ancestors.",28,0,0,24,26,0,0,0
Shaman,Elemental,Ability,"Capacitor Totem",954518,"Summons an Air totem with 5 health within 20 yards that gathers electrical energy from the surrounding air and then explodes after 2 sec to deal Nature damage and stun all enemies within 8 yards for 4 sec.  Deals 300% increased damage versus targets permanently immune to stuns.  This ability is usable while shapeshifted.",36,0,0,40,34,0,0,0
Shaman,Elemental,Ability,"Chain Lightning",421,"Hurls a lightning bolt at the enemy, dealing 85 to 96 Nature damage and then jumping to additional nearby enemies.  Each jump reduces the damage by 30%. Affects 3 total targets.",22,0,0,6,20,0,0,0
Shaman,Elemental,Ability,"Earth Shock",8042,"Instantly shocks the target with concussive force, causing 13 to 15 Nature damage and reducing melee attack speed by 10% for 8 sec.   Does not stack with other similar effects.  This ability shares a cooldown with Shaman Shock spells.",1,0,0,0,0,0,0,0
Shaman,Elemental,Ability,"Earthbind Totem",2484,"Summons an Earthbind Totem with 5 health at the feet of the caster for 45 sec that slows the movement speed of enemies within 10 yards.  This ability is usable while shapeshifted.",10,0,0,20,6,0,0,0
Shaman,Elemental,Ability,"Earthquake",954524,"You cause the earth to tremble at your target location, dealing Nature damage every 1 sec to enemies within an 8 yard radius and reducing their movement speed by 25%. Lasts 8 sec.  Enemies damaged by Earthquake are afflicted with Trembling. At 3 stacks, Trembling stuns the target for 3 sec. This effect can only occur once every 10 sec from any Earthquake effect.",20,0,0,29,18,0,0,0
Shaman,Elemental,Ability,"Elemental Blast",954807,"Harness and direct the raw power of the elements towards an enemy target, dealing Elemental damage and increasing the caster's critical strike chance or spell casting speed for 8 seconds.",40,0,0,11,38,0,0,0
Shaman,Elemental,Ability,"Elemental Mastery",16166,"When activated, your next Lightning Bolt, Chain Lightning or Lava Burst becomes instant and costs no mana. In addition, you gain 10% spell haste for 15 sec.   Does not stack with other similar cast speed increasing effects.",30,0,0,40,28,0,9,21
Shaman,Elemental,Ability,"Fire Elemental Totem",2894,"Summons an elemental totem that calls forth a greater fire elemental to rain destruction on the caster's enemies.  Lasts 2 min.  This ability is usable while shapeshifted.",40,0,0,40,38,0,0,0
Shaman,Elemental,Ability,"Fire Nova",1535,"Causes your active Fire Totem to emit a wave of flames, inflicting 48 to 56 Fire damage to enemies within 10 yards of the totem.    This ability is usable while shapeshifted.",10,0,0,2,8,0,0,0
Shaman,Elemental,Ability,"Flame Ascendance",760000,"Transform into a being of raw elemental energy for 15 sec, casting Flame Shock on up to 10 nearby enemies within 10 yards if known. Chain Lightning becomes Lava Beam. Lava Burst's cooldown is reduced by 50%.      Lava Beam Unleash a blast of superheated flame at the enemy, dealing 186 Firestorm damage and then jumping to additional nearby enemies. Affects 3 total targets.    Lava Beam cannot be cast unless you're affected by Flame Ascendance.",34,0,0,40,32,0,0,0
Shaman,Elemental,Ability,"Flame Shock",8050,"Instantly sears the target with fire, causing 21 Fire damage immediately and 42 Fire damage over 18 sec. This periodic damage may critically strike and will occur more rapidly based on the caster's spell haste.   This ability shares a cooldown with Shaman Shock spells.",10,0,0,8,8,0,0,0
Shaman,Elemental,Ability,"Frost Shock",8056,"Instantly shocks the target with frost, causing 89 to 95 Frost damage and slowing movement speed by 50%. Lasts 8 sec. Causes a high amount of threat.  This ability shares a cooldown with other Shaman Shock spells.",20,0,0,29,18,0,0,0
Shaman,Elemental,Ability,"Hex",51514,"Transforms the enemy into a frog. While hexed, the target cannot attack or cast spells. Damage caused may interrupt the effect. Lasts 30 sec. Only one target can be hexed at a time. Only works on Humanoids and Beasts.",50,0,0,40,48,0,0,0
Shaman,Elemental,Ability,"Lava Burst",51505,"You hurl molten lava at the target, dealing 174 to 221 Fire damage. If your Flame Shock is on the target, Lava Burst will deal a critical strike.",22,0,0,6,20,0,0,0
Shaman,Elemental,Ability,"Lightning Bolt",403,"Casts a bolt of lightning at the target for 13 to 15 Nature damage.",1,0,0,0,0,0,0,0
Shaman,Elemental,Ability,"Magma Totem",8190,"Summons a Magma Totem with 5 health at the feet of the caster for 20 sec that causes 38 Fire damage to creatures within 8 yards every 2 seconds.  This ability is usable while shapeshifted.",26,0,0,23,24,0,0,0
Shaman,Elemental,Ability,"Petrification Totem",956046,"Summons a Petrification Totem with 5 health at your feet for 5 sec, slowing enemies within 8 yards. After 3 seconds, it Petrifies enemies for 5 seconds.    Petrified Asleep. Damage taken reduced by 50%. Effect breaks on any damage taken. This ability is usable while shapeshifted.",40,0,0,40,38,0,0,0
Shaman,Elemental,Ability,"Purge",370,"Purges the enemy target, removing 1 beneficial magic effect.",12,0,0,17,10,0,0,0
Shaman,Elemental,Ability,"Searing Totem",3599,"Summons a Searing Totem with 5 health at your feet for 45 sec that repeatedly attacks an enemy within 20 yards for 11 to 14 Fire damage.  This ability is usable while shapeshifted.",1,0,0,0,0,0,0,0
Shaman,Elemental,Ability,"Stoneclaw Totem",5730,"Summons a Stoneclaw Totem with 50 health at the feet of the caster for 15 sec that taunts creatures within 8 yards to attack it.  Enemies attacking the Stoneclaw Totem have a 50% chance to be stunned for 3 sec. Stoneclaw totem also protects all your totems, causing them to absorb 21 damage.  This ability is usable while shapeshifted.",1,0,0,8,2,0,0,0
Shaman,Elemental,Ability,"Tether Elemental",91606,"Teaches you the necessary abilities to tether an Elemental companion.    Teaches you Tether Elemental, Raise Elemental, Dismiss Elemental, Revive Elemental and Elemental Lore.      Tether Elemental Begins tethering an elemental to be your companion.     Your armor is reduced by 100% while you focus on dominating the elemental for 20 sec.     If you lose the elemental's attention for any reason, the domination process will fail.     Each type of elemental has unique abilities that you will be able to make use of.",1,0,0,14,8,0,0,0
Shaman,Elemental,Ability,"Thunderstorm",51490,"You call down a bolt of lightning, energizing you and damaging nearby enemies within 10 yards. Restores 8% mana to you and deals 292 to 333 Nature damage to all nearby enemies, knocking them back 20 yards.    Usable while stunned.",40,0,0,40,38,0,15,30
Shaman,Elemental,Ability,"Totem of Wrath",30706,"Summons a Totem of Wrath with 5 health at the feet of the caster.     The totem increases Intellect by 22 and spell power by 23 for all party and raid members, and increases critical strike chance against all nearby targets by 3%. Lasts 5 min.   Does not stack with other similar effects.  This ability is usable while shapeshifted.",36,0,0,32,34,0,12,27
Shaman,Elemental,Ability,"Wind Shear",57994,"Instantly blasts the target with a gust of wind, causing no damage but interrupting spellcasting and preventing spells of that school of magic from being cast for 2 sec.   This ability shares a cooldown with other interrupts.",12,0,0,17,10,0,0,0
Shaman,Enhancement,Ability,"Air Ascendance",954831,"You surrender your physical form to the power of the elements, transforming into a being of raw elemental energy for 15 sec.     Your Stormstrike has a 30 yard range and deals extra Elemental damage.    The cooldown of Stormstrike is reset when using any Shaman Shock, Lightning Bolt or Chain Lightning.",40,0,0,40,38,0,0,0
Shaman,Enhancement,Ability,"Astral Recall",556,"Yanks the caster through the twisting nether back to Teldrassil.  Speak to an Innkeeper in a different place to change your home location.",30,0,0,8,28,0,0,0
Shaman,Enhancement,Ability,"Bloodlust",2825,"Increases melee and ranged attack speed by 30% and casting speed by 20% for all party and raid members.  Lasts 40 sec.  After the completion of this effect, those affected will become Sated and unable to benefit from Bloodlust again for 10 min.  This ability is usable while shapeshifted.",50,0,0,40,48,0,0,0
Shaman,Enhancement,Ability,"Earth Elemental Totem",2062,"Summon an elemental totem that calls forth a greater earth elemental to protect the caster and her allies.  Lasts 2 min.  This ability is usable while shapeshifted.",40,0,0,40,38,0,0,0
Shaman,Enhancement,Ability,"Feral Spirit",51533,"Summons two Spirit Wolves under the command of the Shaman, lasting 45 sec.  This ability is usable while shapeshifted.",40,0,0,40,38,0,15,30
Shaman,Enhancement,Ability,"Fire Resistance Totem",8184,"Summons a Fire Resistance Totem with 5 health at the feet of the caster for 5 min that increases the fire resistance of party and raid members within 50 yards by 30.  This ability is usable while shapeshifted.",28,0,0,26,26,0,0,0
Shaman,Enhancement,Ability,"Flametongue Totem",8227,"Summons a Flametongue Totem with 5 health at the feet of the caster.  Party and raid members within 50 yards of the totem have their Intellect increased by 2 and spell power increased by 2.  Lasts 5 min.   Does not stack with other similar effects.  This ability is usable while shapeshifted.",10,0,0,8,8,0,0,0
Shaman,Enhancement,Ability,"Flametongue Weapon",8024,"Imbue your weapon with fire, increasing total Spell power by 7. Each auto attack and melee ability causes 4.2 to 13.0 additional fire damage, based on the speed of the weapon. Slower weapons cause more fire damage per swing. This effect lasts for 2 hours.",10,0,0,12,6,0,0,0
Shaman,Enhancement,Ability,"Frost Resistance Totem",8181,"Summons a Frost Resistance Totem with 5 health at the feet of the caster for 5 min. The totem increases party and raid members' frost resistance by 30, if within 50 yards.  This ability is usable while shapeshifted.",24,0,0,21,22,0,0,0
Shaman,Enhancement,Ability,"Frostbrand Weapon",8033,"Imbue your weapon with frost increasing your Frost spell power by 16. Each hit has a chance of causing 31 additional Frost damage and slowing the target's movement speed by 50% for 8 sec. This effect lasts for 2 hours.",20,0,0,20,18,0,0,0
Shaman,Enhancement,Ability,"Ghost Wolf",2645,"Turns the caster into a Ghost Wolf, increasing speed by 30%. As a Ghost Wolf, effects that reduce movement speed may not bring you below your normal movement speed. Only usable outdoors.",12,0,0,24,10,0,0,0
Shaman,Enhancement,Ability,"Grounding Totem",8177,"Summons a Grounding Totem with 5 health at the feet of the caster that will redirect one harmful spell from the caster to itself, destroying the totem. Will not redirect area of effect spells. Lasts 45 sec.  This ability is usable while shapeshifted.",30,0,0,40,28,0,0,0
Shaman,Enhancement,Ability,"Lava Lash",60103,"You charge your off-hand weapon with lava, instantly dealing 100% off-hand Weapon damage as Firestrike damage.     The damage increased by 25% if your off-hand weapon is enchanted with Flametongue.",1,0,0,0,0,0,0,0
Shaman,Enhancement,Ability,"Lightning Shield",324,"The caster is surrounded by 3 balls of lightning.  When a spell, melee or ranged attack hits the caster, the attacker will be struck for 13 Nature damage. This expends one lightning ball. Only one ball will fire every 3 seconds. Lasts 10 min.     Only one Elemental Shield can be active on the Hero at any one time.",1,0,0,0,2,0,0,0
Shaman,Enhancement,Ability,"Nature Resistance Totem",10595,"Summons a Nature Resistance Totem with 5 health at the feet of the caster for 5 min that increases the nature resistance of party and raid members within 50 yards by 30.  This ability is usable while shapeshifted.",30,0,0,26,28,0,0,0
Shaman,Enhancement,Ability,"Rockbiter Weapon",8017,"Imbue your weapon, increasing attack power by 20. The attack power granted is doubled for two-handed weapons. You only gain 33% of the attack power while your Primary Stat is Intellect or Spirit. This effect lasts for 2 hours.",10,0,0,4,4,0,0,0
Shaman,Enhancement,Ability,"Shamanistic Rage",30823,"Reduces all damage taken by 30% and gives your successful melee and ranged attacks a chance to regenerate mana equal to 15% of your attack power. This spell is usable while stunned. Lasts 15 sec.    This ability is usable while Shapeshifted.",36,0,0,32,34,0,12,27
Shaman,Enhancement,Ability,"Stoneskin Totem",8071,"Summons a Stoneskin Totem with 5 health at the feet of the caster. The totem protects party and raid members within 50 yards, increasing armor by 95. Lasts 5 min.   This ability is usable while shapeshifted.",1,0,0,0,0,0,0,0
Shaman,Enhancement,Ability,"Stormstrike",17364,"Instantly attack with both weapons for 100% weapon damage.  In addition, the next 4 sources of Nature damage dealt to the target from the Shaman are increased by 20%. Lasts 12 sec.",30,0,0,0,28,0,9,21
Shaman,Enhancement,Ability,"Strength of Earth Totem",8075,"Summons a Strength of Earth Totem with 5 health at the feet of the caster. The totem increases the Strength and Agility of all party and raid members within 50 yards by 8. Lasts 5 min.   Does not stack with other similar effects.  This ability is usable while shapeshifted.",10,0,0,12,8,0,0,0
Shaman,Enhancement,Ability,"Sundering",760121,"Shatters a line of earth in front of you, causing 111 Firestrike damage and Incapacitating any enemy hit for 3 sec. This effect does not break from periodic Fire damage. Also, resets the cooldown of Lava Burst.",34,0,0,40,32,0,0,0
Shaman,Enhancement,Ability,"Water Breathing",131,"Allows the target to breathe underwater for 30 min and increases swim speed by 20%.  This ability is usable while shapeshifted.",22,0,0,6,20,0,0,0
Shaman,Enhancement,Ability,"Water Walking",546,"Allows the friendly target to walk across water for 10 min. Any damage will cancel the effect.  This ability is usable while shapeshifted.",28,0,0,5,26,0,0,0
Shaman,Enhancement,Ability,"Windfury Totem",8512,"Summons a Windfury Totem with 5 health at the feet of the caster. The totem provides 16% melee haste to all party and raid members within 50 yards.  Lasts 5 min.  This ability is usable while shapeshifted.",32,0,0,32,30,0,0,0
Shaman,Enhancement,Ability,"Windfury Weapon",8232,"Imbue your weapon with wind.  Each hit has a 20% chance of dealing additional damage equal to two extra attacks with 46 extra attack power.    This effect lasts for 2 hours.",30,0,0,26,28,0,0,0
Shaman,Enhancement,Ability,"Wrath of Air Totem",3738,"Summons a Wrath of Air Totem with 5 health at the feet of the caster. The totem provides 5% spell haste to all party and raid members within 50 yards. Lasts 5 min.   Does not stack with other similar effects.  This ability is usable while shapeshifted.",40,0,0,26,38,0,0,0
Shaman,Restoration,Ability,"Ancestral Spirit",2008,"Returns the spirit to the body, restoring a dead target to life with 65 health and 120 mana.  Cannot be cast when in combat.",10,0,0,2,8,0,0,0
Shaman,Restoration,Ability,"Bind Elemental",954520,"Binds the target hostile elemental for up to 50 sec. The bound unit is unable to move, attack or cast spells. Any damage caused will release the target. Only one target can be bound at a time.",20,0,0,17,18,0,0,0
Shaman,Restoration,Ability,"Chain Heal",1064,"Heals the friendly target for 192 to 214, then jumps to heal additional nearby targets. If cast on a party member, the heal will only jump to other party members. Each jump reduces the effectiveness of the heal by 20%. Heals 3 total targets.",40,0,0,11,38,0,0,0
Shaman,Restoration,Ability,"Cleanse Spirit",51886,"Cleanse the spirit of a friendly target, removing 1 poison effect, 1 disease effect, and 1 curse effect.",30,0,0,26,28,0,9,21
Shaman,Restoration,Ability,"Cleansing Totem",8170,"Summons a Cleansing Totem with 5 health at the feet of the caster that attempts to remove 1 disease and 1 poison effect from party members within 30 yards every 3 seconds.  Lasts 5 min.  This ability is usable while shapeshifted.",34,0,0,40,32,0,0,0
Shaman,Restoration,Ability,"Cloudburst Totem",760009,"Summons a totem with 5 health for 15 sec that stores 30% of your Nature healing. When it expires or is recalled, it heals injured allies within 40 yards, divided evenly. Recasting the spell recalls the totem and releases the healing.",28,0,0,40,26,0,0,0
Shaman,Restoration,Ability,"Cure Toxins",526,"Cures 1 poison effect and 1 disease effect on a friendly target.",16,0,0,14,14,0,0,0
Shaman,Restoration,Ability,"Earth Shield",974,"Protects the target with an earthen shield. Lasts 10 min or 6 charges.     Attacks heal the shielded target for 53 (increased by 25% against monsters) and reduce casting or channel time lost when damaged by 34%.     This effect can only occur once every 3 seconds.    Earth Shield can only be placed on one target at a time.",36,0,0,32,34,0,12,27
Shaman,Restoration,Ability,"Earthliving Weapon",51730,"Imbue your weapon with earthen life. Increases healing done by 26 and each direct heal has a 20% chance to proc Earthliving on the target, healing an additional 64 over 12 sec. This effect lasts for 2 hours.",30,0,0,26,28,0,0,0
Shaman,Restoration,Ability,"Healing Rain",954861,"Calls forth healing rains to blanket the area, restoring health over time up to 5 party or raid members in a 10 yard area every 2 sec for 8 sec. This periodic effect can critically strike.",24,0,0,7,22,0,0,0
Shaman,Restoration,Ability,"Healing Stream Totem",5394,"Summons a Healing Stream Totem with 5 health at the feet of the caster for 5 min that heals group members within 30 yards for 6 every 2 seconds.  This ability is usable while shapeshifted.",16,0,0,14,14,0,0,0
Shaman,Restoration,Ability,"Healing Wave",331,"Heals a friendly target for 30 to 37.",1,0,0,0,0,0,0,0
Shaman,Restoration,Ability,"Lesser Healing Wave",8004,"Heals a friendly target for 103 to 116.",20,0,0,20,18,0,0,0
Shaman,Restoration,Ability,"Mana Spring Totem",5675,"Summons a Mana Spring Totem with 5 health at the feet of the caster for 5 min that restores 16 mana every 5 seconds to all party and raid members within 30 yards.   Does not stack with other similar effects.  This ability is usable while shapeshifted.",26,0,0,22,24,0,0,0
Shaman,Restoration,Ability,"Mana Tide Totem",16190,"Summons a Mana Tide Totem with 10% of the caster's health at the feet of the caster for 12 sec that restores 5% of total mana every 3 seconds to group members within 30 yards.  This ability is usable while shapeshifted.",30,0,0,30,28,0,9,21
Shaman,Restoration,Ability,"Nature's Swiftness",16188,"When activated, your next Shaman Nature spell with a base casting time less than 10 sec. becomes instant and increases your cast speed by 10% for 20 sec. Does not stack with other similar cast speed increasing effects.",22,0,0,32,20,0,6,12
Shaman,Restoration,Ability,"Reincarnation",20608,"Allows you to resurrect yourself upon death with 20% health and mana.    This has a 30 minute cooldown.",10,0,0,8,8,0,0,0
Shaman,Restoration,Ability,"Riptide",61295,"Heals a friendly target for 117 to 126 and another 205 over 15 sec.  Your next Chain Heal cast on that primary target within 15 sec will consume the healing over time effect and increase the amount of the Chain Heal by 25%.",40,0,0,0,38,0,15,30
Shaman,Restoration,Ability,"Tidal Force",55198,"Call upon the power of the Tides to empower your heals for 10 sec.  Healing Wave: Heals the target again for 30% of the original amount healed after 1 second.  Lesser Healing Wave: Increases your healing on the target by 5% for 8 seconds, stacks up to 3 times.  Chain Heal: No longer diminishes in healing with each jump.  Healing Rain: Duration is increased by 50%.",16,0,0,23,14,0,3,6
Shaman,Restoration,Ability,"Totemic Recall",36936,"Returns your totems to the earth, giving you 50% of the mana required to cast each totem destroyed by Totemic Recall.  This ability is usable while shapeshifted.",30,0,0,8,28,0,0,0
Shaman,Restoration,Ability,"Tremor Totem",8143,"Summons a Tremor Totem with 5 health at the feet of the caster that shakes the ground around it, removing Fear, Charm and Sleep effects from party members within 30 yards.  Lasts 5 min.  This ability is usable while shapeshifted.",18,0,0,40,16,0,0,0
Shaman,Restoration,Ability,"Water Elemental Totem",2896,"Summons an elemental totem that calls forth a greater water elemental to rain destruction on the caster's enemies. Lasts 2 min.    This ability is usable while shapeshifted.  This uses Fire Elemental Totem modifiers.",40,0,0,40,38,0,0,0
Shaman,Restoration,Ability,"Water Shield",52127,"The caster is surrounded by 5 globes of water, granting 10 mana per 5 sec. When a spell, melee or ranged attack hits the caster, 40 mana is restored to the caster. This expends one water globe. Only one globe will activate every few seconds. Lasts 10 min.",20,0,0,17,18,0,0,0
Shaman,Restoration,Ability,"Windwalk Totem",954510,"Summons an Air Totem with 5 health at the feet of the caster for 6 sec, granting party members within 10 yards Windwalk. Their movement speed is increased by 20% and cannot go below 100% speed while affected.    This ability is usable while shapeshifted.",20,0,0,29,18,0,0,0
Warlock,Affliction,Ability,"Corruption",172,"Corrupts the target, causing 28 Shadow damage over 12 sec.",1,0,0,0,0,0,0,0
Warlock,Affliction,Ability,"Curse of Agony",980,"Curses the target with agony, causing 36 Shadow damage over 24 sec.  This damage is dealt slowly at first, and builds up as the Curse reaches its full duration. Only one Curse per Warlock can be active on any one target.",1,0,0,0,0,0,0,0
Warlock,Affliction,Ability,"Curse of Doom",603,"Curses the target with impending doom, causing 1518 Shadow damage after 1 min. If the target yields experience or honor when it dies from this damage, a Doomguard will be summoned.      Cannot be cast on players.",40,0,0,30,38,0,0,0
Warlock,Affliction,Ability,"Curse of Exhaustion",18223,"Reduces the target's movement speed by 30% for 12 sec.",22,0,0,32,20,0,6,12
Warlock,Affliction,Ability,"Curse of the Elements",1490,"Curses the target for 5 min, reducing Arcane, Fire, Frost, Nature, and Shadow resistances by 45 and increasing magic damage taken by 8%.   Does not stack with other similar effects.",32,0,0,40,30,0,0,0
Warlock,Affliction,Ability,"Curse of Tongues",1714,"Forces the target to speak in Demonic, increasing the casting time of all spells by 25%. Lasts 30 sec.    Lasts 12 seconds on players.   Does not stack with other similar effects.",26,0,0,23,24,0,0,0
Warlock,Affliction,Ability,"Curse of Weakness",702,"Target's attack power is reduced by 21 and armor is reduced by 5% for 2 min. Only one Curse per Warlock can be active on any one target.  Does not stack with other similar effects.",1,0,0,0,2,0,0,0
Warlock,Affliction,Ability,"Dark Pact",18220,"Drains 221 of your summoned demon's mana, returning 100% to you.",30,0,0,26,28,0,9,21
Warlock,Affliction,Ability,"Death Coil",6789,"Causes the enemy target to run in horror for 3 sec and causes 244 Shadow damage. The caster gains 300% of the damage caused in health.",40,0,0,40,38,0,0,0
Warlock,Affliction,Ability,"Drain Life",689,"Transfers 10 health every 1 sec from the target to the caster.  Lasts 5 sec.",14,0,0,4,12,0,0,0
Warlock,Affliction,Ability,"Drain Mana",5138,"Transfers 3% of target's maximum mana every 1 sec from the target to the caster (up to a maximum of 6% of the caster's maximum mana every 1 sec).  Lasts 5 sec.",24,0,0,21,22,0,0,0
Warlock,Affliction,Ability,"Drain Soul",1120,"Drains the soul of the target dealing 55 Shadow damage over 15 sec. Deals Four times damage to targets at or below 25% health.    If the target dies while being drained, and yields experience or honor, the caster gains a Soul Shard.  Each time the Drain Soul damages the target, it also has a chance to generate a Soul Shard.  Soul Shards are required for other spells.    Deals three times damage to players.",10,0,0,2,8,0,0,0
Warlock,Affliction,Ability,"Fear",5782,"Strikes fear in the enemy, causing it to run in fear for up to 10 sec. (6 seconds on players). Damage caused may interrupt the effect. Only 1 target can be feared at a time.",10,0,0,9,6,0,0,0
Warlock,Affliction,Ability,"Haunt",48181,"You send a ghostly soul into the target, dealing 212 to 250 Shadow damage and increasing all damage done by your Shadow damage-over-time effects on the target by 20% for 12 sec.    When the Haunt spell ends or is dispelled, the soul returns to you, healing you for 100% of the damage. (up to 20% of your Maximum Health).",40,0,0,0,38,0,15,30
Warlock,Affliction,Ability,"Howl of Terror",5484,"Howl, causing 5 enemies within 10 yds to flee in terror for 6 sec. Damage caused may interrupt the effect.",30,0,0,40,28,0,0,0
Warlock,Affliction,Ability,"Life Tap",1454,"Converts 15 health into 15 mana.  Spell power increases the amount of mana returned.",1,0,0,4,2,0,0,0
Warlock,Affliction,Ability,"Seed of Corruption",27243,"Imbeds a demon seed in the enemy target, causing 480 Shadow damage over 18 sec.  When the target takes 0 total damage or dies, the seed will inflict 571 to 655 Shadow damage to all enemies within 15 yards of the target.",40,0,0,11,38,0,0,0
Warlock,Affliction,Ability,"Soul Swap",954614,"You copy your damage-over-time effects from the target, preserving their power and duration.  For 5 sec afterwards, the next target you cast Soul Swap: Exhale on will be afflicted by the copied damage-over-time effects.  You cannot Soul Swap to the same target.",28,0,0,40,26,0,0,0
Warlock,Affliction,Ability,"Unstable Affliction",30108,"Shadow energy slowly destroys the target, causing 550 damage over 15 sec.  In addition, if the Unstable Affliction is dispelled it will cause 990 damage to the dispeller and silence them for 5 sec. This spell benefits from haste.",36,0,0,0,34,0,12,27
Warlock,Demonology,Ability,"Banish",710,"Banishes the enemy target, preventing all action but making it invulnerable for up to 20 sec. Only one target can be banished at a time. Casting Banish on a banished target will cancel the spell. Only works on Demons and Elementals.    Lasts 6 seconds on players.",28,0,0,24,26,0,0,0
Warlock,Demonology,Ability,"Blood Horror",954516,"While channeling, encases yourself in a barrier of blood, making you immune to interrupts, silences and stuns. Any time an enemy within 15 yards deals non-periodic damage to you, you drain their health and cause them to run in horror for 4 sec.",40,0,0,40,38,0,0,0
Warlock,Demonology,Ability,"Create Firestone",6366,"While applied to target weapon it increases damage dealt by spells by 1% and spell critical strike rating by 7. This effect lasts for 2 hours.     You can only benefit from one Warlock weapon enchant at a time.",28,0,0,24,26,0,0,0
Warlock,Demonology,Ability,"Create Healthstone",6201,"Creates a Minor Healthstone that can be used to instantly restore 100 health.  Conjured items disappear if logged out for more than 15 minutes.  This ability is usable while shapeshifted.",10,0,0,8,8,0,0,0
Warlock,Demonology,Ability,"Create Soulstone",693,"Creates a Minor Soulstone. The Soulstone can be used to store one target's soul.  If the target dies while his soul is stored, he will be able to resurrect with 400 health and 700 mana.  Conjured items disappear if logged out for more than 15 minutes.",18,0,0,15,16,0,0,0
Warlock,Demonology,Ability,"Create Spellstone",2362,"While applied to target weapon it increases damage dealt by periodic spells by 2% and spell haste rating by 7. This effect lasts for 2 hours.    You can only benefit from one Warlock weapon enchant at a time.",28,0,0,24,26,0,0,0
Warlock,Demonology,Ability,"Dark Apotheosis",275585,"Your threat generated is significantly increased.    Teaches you Challenging Howl and Demon Claws.    Dark Apotheosis cannot cower behind a shield. Shields cannot be equipped while transformed.      Demon Claws 15 Rage Requires  Dark Apotheosis Strike twice, dealing 8 Physical damage per strike.   Challenging Howl 30 yd range 8 sec cooldown Taunts the target to attack you, but has no effect if the target is already attacking you.    Shares a cooldown with other single target taunt abilities and Distracting Shot. Can only be cast while in Dark Apotheosis.    This spell cannot miss and is automatically learned and unlearned with Dark Apotheosis.",1,0,0,0,0,0,0,0
Warlock,Demonology,Ability,"Demon Skin",687,"Protects the caster, increasing armor by 54, and healing received by 5%.    Does not stack with other similar effects.     Lasts until cancelled.",1,0,0,0,0,0,0,0
Warlock,Demonology,Ability,"Demonic Circle: Summon",48018,"You summon a Demonic Circle at your feet, lasting 6 min. You can only have one Demonic Circle active at a time.",50,0,0,40,48,0,0,0
Warlock,Demonology,Ability,"Demonic Empowerment",47193,"Grants the Warlock's summoned demon Empowerment.  Imp - Increases the Imp's spell critical strike chance by 20% for 30 sec.  Voidwalker - Increases the Voidwalker's health by 20%, and its threat generated from spells and attacks by 20% for 20 sec.  Succubus - Instantly vanishes, causing the Succubus to go into an improved Invisibility state. The vanish effect removes all stuns, snares and movement impairing effects from the Succubus.  Felhunter - Dispels all magical effects from the Felhunter.  Felguard - Increases the Felguard's attack speed by 20% and breaks all stun, snare and movement impairing effects and makes your Felguard immune to them for 15 sec.",30,0,0,26,28,0,9,21
Warlock,Demonology,Ability,"Demonic Leap",954521,"Leap into the air upon demonic wings, moving a short distance. If you reactivate it within 1 sec you will leap again.",30,0,0,40,28,0,0,0
Warlock,Demonology,Ability,"Detect Invisibility",132,"Allows the friendly target to detect lesser invisibility for 10 min.  This ability is usable while shapeshifted.",26,0,0,23,24,0,0,0
Warlock,Demonology,Ability,"Enslave Demon",890,"Teaches you the necessary abilities to Enslave a Demon companion.  Teaches you Enslave Demon, Summon Demon, Dismiss Demon, Revive Demon and Demon Lore.      Enslave Demon Begins enslaving a demon to be your companion.     Your armor is reduced by 100% while you focus on taming the demon for 20 sec.     If you lose the demon's attention for any reason, the enslaving process will fail. Each type of demon has unique abilities that you will be able to make use of.",1,0,0,14,8,0,0,0
Warlock,Demonology,Ability,"Eye of Kilrogg",126,"Summons an Eye of Kilrogg and binds your vision to it. The eye moves quickly but is very fragile.  This ability is usable while shapeshifted.",22,0,0,6,20,0,0,0
Warlock,Demonology,Ability,"Fel Armor",28176,"Surrounds you with fel energy, increasing spell power by 40 plus 30% of your Spirit.   Restores 2% of your max health every 5 sec.     Only one Armor spell can be active at a time. Lasts until cancelled.",40,0,0,40,38,0,0,0
Warlock,Demonology,Ability,"Fel Domination",18708,"Your next Imp, Voidwalker, Succubus, Felhunter or Felguard Summon spell has its casting time reduced by 5.5 sec and its Mana cost reduced by 50%.",22,0,0,32,20,0,6,12
Warlock,Demonology,Ability,"Health Funnel",755,"Gives 12 health to the caster's pet every second for 10 sec as long as the caster channels.",10,0,0,2,8,0,0,0
Warlock,Demonology,Ability,"Inferno",1122,"Summons a meteor from the Twisting Nether, causing 200 Fire damage and stunning all enemy targets in the area for 2 sec. An Infernal rises from the crater, under the command of the caster for 1 min.",34,0,0,40,32,0,0,0
Warlock,Demonology,Ability,"Metamorphosis",47241,"You transform into a Demon for 30 sec.     This form grants you some unique demon abilities in addition to your normal abilities.     You may only use spells and abilities that deal Fire or Shadow damage(and spells usable while shapeshifted) in this form.    This form increases your armor from cloth and leather by 130%.    Increases your damage by 20%.    Reduces the chance you'll be critically hit by melee attacks by 6% and reduces the duration of stun and snare effects by 50%.",40,0,0,40,38,0,15,30
Warlock,Demonology,Ability,"Reign of Dread",288912,"Surge into the air and scorch all enemies below with 119 to 144 Shadowflame damage over 2 sec.    Can be channeled while moving. While airborne, your movement speed is reduced by 25% and melee attacks against you have 60% increased chance to miss.",20,0,0,20,0,0,0,0
Warlock,Demonology,Ability,"Ritual of Doom",18540,"Begins a ritual that sacrifices a random participant's health to summon a doomguard. Requires the caster and 4 additional party members to complete the ritual. In order to participate, all players must right-click the portal and not move until the ritual is complete.",40,0,0,34,38,0,0,0
Warlock,Demonology,Ability,"Ritual of Souls",29890,"Begins a ritual that creates a Soulwell. Raid members can click the Soulwell to acquire a Major Healthstone. The Soulwell lasts for 3 min or 25 charges.     Requires the caster and 2 additional party members to complete the ritual. In order to participate, all players must right-click the soul portal and not move until the ritual is complete.",34,0,0,30,32,0,0,0
Warlock,Demonology,Ability,"Ritual of Summoning",698,"Begins a ritual that creates a summoning portal. The summoning portal can be used by 2 party or raid members to summon a targeted party or raid member.      The ritual portal requires the caster and 2 additional party or raid members to complete.     In order to participate, all players must be out of combat and right-click the portal and not move until the ritual is complete.     Cannot be used in High-Risk mode",20,0,0,5,18,0,0,0
Warlock,Demonology,Ability,"Shadow Ward",6229,"Absorbs 290 Shadow damage. Lasts 30 sec.  This ability is usable while shapeshifted.",32,0,0,12,30,0,0,0
Warlock,Demonology,Ability,"Soul Harvest",86395,"Increases your magic damage and your pets' damage by 15%. Lasts 6 sec, increased by 3 sec for each target afflicted by your Corruption, Curse of Agony, Immolate, Shadow Word: Pain and Devouring Plague, up to a maximum of 24 sec.   Does not stack with other similar effects.  This ability is usable while shapeshifted.",36,0,0,40,34,0,0,0
Warlock,Demonology,Ability,"Soul Link",19028,"When active, 20% of all damage taken by the caster is taken by your Summoned or Enslaved Demon or your Ghoul summoned through Master of Ghouls. That damage cannot be prevented. Lasts as long as the linked pet is active, controlled and you are within 30 yards of it.",16,0,0,24,14,0,3,6
Warlock,Demonology,Ability,"Soulshatter",29858,"Reduces threat by 50% for all enemies within 50 yards.",32,0,0,28,30,0,0,0
Warlock,Demonology,Ability,"Summon Felguard",30146,"Summons a Felguard under the command of the Warlock.",36,0,0,40,34,0,12,27
Warlock,Demonology,Ability,"Summon Felhunter",691,"Summons a Felhunter under the command of the Warlock.",30,0,0,40,28,0,0,0
Warlock,Demonology,Ability,"Summon Imp",688,"Summons an Imp under the command of the Warlock.",1,0,0,0,0,0,0,0
Warlock,Demonology,Ability,"Summon Succubus",712,"Summons a Succubus under the command of the Warlock.",20,0,0,29,18,0,0,0
Warlock,Demonology,Ability,"Summon Voidwalker",697,"Summons a Voidwalker under the command of the Warlock.",10,0,0,14,8,0,0,0
Warlock,Demonology,Ability,"Summoner's Armor",701521,"Empowers your tamed beast, tamed dragonkin, dominated undead, enslaved demon, summoned demon, wild imp or tethered elemental, increasing their critical strike chance with spells and abilities by 2% and their spell damage done by 3%.  Only one type of Warlock Armor spell can be active at any time.",1,0,0,0,0,0,0,0
Warlock,Demonology,Ability,"Temporary Enslaved Demon",1098,"Enslaves the target demon, up to level 32, forcing it to do your bidding. While enslaved, the time between the demon's attacks is increased by 30% and its casting speed is slowed by 20%. Lasts up to 5 min.",30,0,0,26,28,0,0,0
Warlock,Demonology,Ability,"Unending Breath",5697,"Allows the target to breathe underwater for 30 min.  This ability is usable while shapeshifted.",16,0,0,4,14,0,0,0
Warlock,Demonology,Ability,"Unending Resolve",954512,"Hardens your skin, reducing all damage taken by 30% and preventing your spells from being interrupted or silenced for 6 sec.",40,0,0,40,38,0,0,0
Warlock,Destruction,Ability,"Burning Rush",954806,"Drains 5% of your maximum health every 2 seconds to increase your movement speed by 50%. This damage does not break crowd control effects.     Allows you to cast Fire spells while moving, and movement-impairing effects may not reduce you below 100% of normal movement speed. Lasts for 6 sec.",40,0,0,40,38,0,0,0
Warlock,Destruction,Ability,"Chaos Bolt",50796,"Sends a bolt of chaotic fire at the enemy, dealing 518 Shadowflame damage. Chaos Bolt cannot be resisted, and pierces through all absorption, deflection, and reflection effects.",40,0,0,0,38,0,15,30
Warlock,Destruction,Ability,"Conflagrate",17962,"Consumes an Immolate or Shadowflame effect on the enemy target to instantly deal damage equal to 60% of your Immolate or Shadowflame, and causes an additional 40% damage over 6 sec. This periodic damage may critically strike.",30,0,0,0,28,0,9,21
Warlock,Destruction,Ability,"Hand of Gul'dan",954611,"Calls down a demonic meteor dealing Shadowflame damage to enemies within 5 yards and summons 4 Wild Imps which burst forth to attack the target for 10 sec.",32,0,0,9,30,0,0,0
Warlock,Destruction,Ability,"Hellfire",1949,"Ignites the area surrounding the caster, causing 83 periodic Fire damage to herself and 83 periodic Fire damage to all nearby enemies every 1 sec. Lasts 15 sec.",30,0,0,8,28,0,0,0
Warlock,Destruction,Ability,"Immolate",348,"Burns the enemy for 8 Fire damage and then an additional 20 Fire damage over 15 sec.",1,0,0,0,0,0,0,0
Warlock,Destruction,Ability,"Incinerate",29722,"Deals 100 to 118 Fire damage to your target and an additional 25 to 30 Fire damage if the target is affected by an Immolate spell.",18,0,0,5,16,0,0,0
Warlock,Destruction,Ability,"Rain of Fire",5740,"Calls down a fiery rain to burn enemies in the area of effect for 480 Fire damage over 8 sec.",20,0,0,5,18,0,0,0
Warlock,Destruction,Ability,"Searing Pain",5676,"Inflict searing pain on the enemy target, causing 30 to 37 Fire damage. Causes a high amount of threat.",16,0,0,4,14,0,0,0
Warlock,Destruction,Ability,"Shadow Bolt",686,"Sends a shadowy bolt at the enemy, causing 16 to 21 Shadow damage.",1,0,0,0,0,0,0,0
Warlock,Destruction,Ability,"Shadowburn",17877,"Instantly blasts the target for 102 Shadowflame damage.     If the target dies within 5 sec of Shadowburn, and yields experience or honor, the caster gains a Soul Shard.",22,0,0,0,20,0,6,12
Warlock,Destruction,Ability,"Shadowflame",47897,"Targets in a cone in front of the caster take 61 to 66 Shadowflame damage and an additional 64 Shadowflame damage over 8 sec.",36,0,0,10,34,0,0,0
Warlock,Destruction,Ability,"Shadowfury",30283,"Shadowfury is unleashed, causing 208 to 245 Shadow damage and stunning all enemies within 8 yds for 3 sec.",36,0,0,40,34,0,12,27
Warlock,Destruction,Ability,"Soul Fire",6353,"Burn the enemy's soul, causing 265 Fire damage.",26,0,0,7,24,0,0,0
Warrior,Arms,Ability,"Avatar",886380,"Transform into an unstoppable colossus for 12 sec, causing you to deal 15% increased Physical damage and take 20% less damage.    While in this state you move at 80% speed which cannot be reduced or increased. You are also immune to immobilizing effects.",40,0,0,40,38,0,0,0
Warrior,Arms,Ability,"Battle Stance",2457,"A balanced combat stance that increases the armor penetration of all of physical attacks by 10%.",1,0,0,0,0,0,0,0
Warrior,Arms,Ability,"Bladestorm",46924,"Instantly Whirlwind up to 4 nearby targets and for the next 6 sec you will perform a whirlwind attack every 1 sec.  While under the effects of Bladestorm, you can move but cannot perform any other abilities but you do not feel pity or remorse or fear and you cannot be stopped unless disarmed or killed.",40,0,0,40,38,0,15,30
Warrior,Arms,Ability,"Charge",100,"Charge an enemy, generate 12 rage, and root it for 1.50 sec.  This ability is usable while shapeshifted.",1,0,0,6,2,0,0,0
Warrior,Arms,Ability,"Colossus Smash",86361,"Smashes a target for 150% weapon damage, which ignores armor, to weaken their defenses, allowing your attacks to bypass 30% of their armor for 6 sec.",30,0,0,26,28,0,0,0
Warrior,Arms,Ability,"Demoralizing Banner",955062,"Throw down a war banner that decreases the armor of all enemies within 30 yards by 20% and their critical strike chance by 10%. Lasts 15 sec. Does not stack with other similar effects.  You can Intervene to your war banner.  This ability can be used while shapeshifted.",32,0,0,40,30,0,0,0
Warrior,Arms,Ability,"Hamstring",1715,"Attack the enemy for 3 damage and maims the enemy, reducing movement speed by 50% for 15 sec. Lasts 10sec vs players.",10,0,0,5,6,0,0,0
Warrior,Arms,Ability,"Heroic Leap",86358,"Leap through the air toward a target location, slamming down with destructive force to deal Physical damage and slow all enemies within 8 yards by 50% for 2 sec. While in the air you are immune to crowd control effects.  Usable while shapeshifted.",30,0,0,40,28,0,0,0
Warrior,Arms,Ability,"Heroic Strike",78,"A strong attack that increases melee damage by 11 and causes a high amount of threat.",1,0,0,0,0,0,0,0
Warrior,Arms,Ability,"Heroic Throw",57755,"Throws your weapon at the enemy causing 18 damage (based on attack power).  This ability causes high threat.",50,0,0,11,48,0,0,0
Warrior,Arms,Ability,"Mocking Blow",694,"A mocking attack, dealing weapon damage, that causes a moderate amount of threat and forces the target to focus attacks on you for 6 sec.",16,0,0,14,14,0,0,0
Warrior,Arms,Ability,"Mortal Strike",12294,"A vicious strike that deals 100% weapon damage plus 55 and wounds the target, reducing the effectiveness of any healing by 50% for 10 sec.   Does not stack with other similar effects.",30,0,0,32,28,0,9,21
Warrior,Arms,Ability,"Overpower",7384,"Instantly overpower the enemy, causing 100% weapon damage. Only usable after the target dodges. The Overpower cannot be blocked, dodged or parried.",10,0,0,1,6,0,0,0
Warrior,Arms,Ability,"Ravager",293180,"Throws a whirling weapon at the target location, inflicting 80% weapon damage plus 65 to all enemies every second over 8 sec.    Ravager hits with your off-hand weapon while wielding one-handed weapons.",40,0,0,0,0,0,0,0
Warrior,Arms,Ability,"Rend",772,"Wounds the target causing them to bleed for 25 damage plus an additional 2 (based on weapon damage) over 15 sec.    While wielding a single Two-Handed weapon, this periodic damage can critically strike.",1,0,0,0,0,0,0,0
Warrior,Arms,Ability,"Retaliation",20230,"Instantly counterattack any enemy that strikes you in melee for 12 sec.  Melee attacks made from behind cannot be counterattacked.  A maximum of 20 attacks will cause retaliation.",20,0,0,29,18,0,0,0
Warrior,Arms,Ability,"Shattering Throw",64382,"Throws your weapon at the enemy causing 18 damage (based on attack power) and removing any invulnerabilities.     If no invulnerability is removed, you lower the target's armor by 20% for 10 seconds and reduce the cooldown of your next Shattering Throw by 30 seconds.",40,0,0,40,38,0,0,0
Warrior,Arms,Ability,"Skull Banner",954514,"Throw down a war banner at your feet that increases the melee and ranged critical strike chance of party or raid members within 40 yards of the banner by 20%. Lasts 10 sec.  Allies receiving this effect will become Fatigued and unable to benefit from Skull Banner for 3 min.  You can Intervene to your war banner.  This ability is usable while shapeshifted.",40,0,0,40,38,0,0,0
Warrior,Arms,Ability,"Sweeping Strikes",12328,"While active, casting a melee ability that deals damage will cause a Sweeping Strike, dealing 40% weapon damage to 5 nearby enemies, further increased by attack power. Lasts 10 sec.    Can't be active at the same time as Blade Flurry.    This ability is usable while shapeshifted.",22,0,0,32,20,0,6,12
Warrior,Arms,Ability,"Thunder Clap",6343,"Blasts nearby enemies dealing 15 damage and increasing the time between their attacks by 10% for 10 sec. This ability causes additional threat.",1,0,0,0,0,0,0,0
Warrior,Fury,Ability,"Battle Shout",6673,"Increases the Strength and Agility of all raid and party members within 30 yards by 2. Lasts 30 min.   Does not stack with other similar effects.  This ability is usable while shapeshifted.",1,0,0,0,0,0,0,0
Warrior,Fury,Ability,"Berserker Rage",18499,"The warrior enters a berserker rage, removing and granting immunity to Fear, Sap and Incapacitate effects and generating extra rage when taking damage.  Lasts 10 sec.  This ability is usable while shapeshifted.",32,0,0,40,30,0,0,0
Warrior,Fury,Ability,"Berserker Stance",2458,"An aggressive stance. Critical hit chance is increased by 3% and all damage taken is increased by 5%.",30,0,0,26,28,0,0,0
Warrior,Fury,Ability,"Bloodbath",954814,"For the next 5 sec, causes your Physical melee abilities to deal 50 bleed damage over 5 sec and reduces the movement speed of the target by 30% for 3 sec.    This ability can be used while shapeshifted.",40,0,0,40,38,0,0,0
Warrior,Fury,Ability,"Bloodthirst",23881,"Instantly attack the target causing 7 damage. Each bleed applied by you increases the damage of Bloodthirst by 8%, up to a maximum of 40%. In addition, the next 3 successful melee attacks will restore 1% of max health. This effect lasts 8 sec. Damage is based on your attack power.  This ability is usable while shapeshifted.",30,0,0,32,28,0,9,21
Warrior,Fury,Ability,"Challenging Shout",1161,"Forces all enemies within 10 yards to focus attacks on you for 6 sec.",26,0,0,7,24,0,0,0
Warrior,Fury,Ability,"Cleave",845,"A sweeping attack that does your weapon damage plus 13 to the target and his nearest ally.",16,0,0,4,14,0,0,0
Warrior,Fury,Ability,"Commanding Shout",469,"Increases maximum health of all party and raid members within 30 yards by 266. Lasts 30 min.   Does not stack with other similar effects.  This ability is usable while shapeshifted.",60,0,0,34,58,0,0,0
Warrior,Fury,Ability,"Death Wish",812292,"When activated you become enraged, increasing your physical damage by 15% but increasing all damage taken by 5%. Lasts 30 sec.  This ability is usable while shapeshifted.",22,0,0,32,20,0,6,12
Warrior,Fury,Ability,"Demoralizing Shout",1160,"Reduces the attack power of all enemies within 10 yards by 35 for 30 sec.   Does not stack with other similar effects.  This ability is usable while shapeshifted.",10,0,0,8,8,0,0,0
Warrior,Fury,Ability,"Enraged Regeneration",55694,"You regenerate 30% of your total health over 10 sec.  This ability requires an Enrage effect, consumes all Enrage effects and prevents any from affecting you for the full duration.",50,0,0,40,48,0,0,0
Warrior,Fury,Ability,"Execute",5308,"Attempt to finish off a wounded foe, causing 65 damage and converting each extra point of rage into 2 additional damage (up to a maximum cost of 30 rage). Only usable on enemies that have less than 20% health.",16,0,0,4,14,0,0,0
Warrior,Fury,Ability,"Heroic Fury",60970,"Removes any movement impairing effects and refreshes the cooldown of your Intercept and Siegebreaker abilities.  This ability is usable while shapeshifted.",36,0,0,40,34,0,12,27
Warrior,Fury,Ability,"Intercept",20252,"Charge an enemy, causing 1 damage (based on attack power) and stunning it for 3 sec.    This ability is usable while shapeshifted.",20,0,0,29,18,0,0,0
Warrior,Fury,Ability,"Intimidating Shout",5246,"The caster shouts, causing up to 5 enemies within 8 yards to cower in fear for 8 seconds. The targeted enemy will be unable to move while cowering.  This ability is usable while shapeshifted.",22,0,0,32,20,0,0,0
Warrior,Fury,Ability,"Piercing Howl",12323,"Causes all enemies within 10 yards to be Dazed, reducing movement speed by 50% for 6 sec.  This ability is usable while shapeshifted.",16,0,0,14,14,0,3,6
Warrior,Fury,Ability,"Pummel",6552,"Pummel the target, interrupting spellcasting and preventing spells of that school from being cast for 4 sec.    This ability shares a cooldown with other interrupts.",30,0,0,40,28,0,0,0
Warrior,Fury,Ability,"Raging Blow",954836,"A mighty blow that deals 125% weapon damage from both melee weapons. Requires a weapon in the mainhand and off-hand to use.  Becoming Enraged enables one use of Raging Blow. You can store up to 2 charges.    Multiple Raging Blow! charges cannot be gained within the same global cooldown. Does not receive a charge from Wrecking Crew.",28,0,0,8,26,0,0,0
Warrior,Fury,Ability,"Rampage",29801,"Increases ranged and melee critical strike chance of all party and raid members within 100 yds by 5%.    Does not stack with other similar effects.",36,0,0,32,34,0,12,27
Warrior,Fury,Ability,"Recklessness",1719,"Your attack speed is increased by 30%, but all damage taken is increased by 10%. Your next 3 non-periodic Warrior abilities have an additional 100% to critically hit, 3 yards extra range and will cause you to charge toward your enemy if not in melee range already. Lasts for 8 sec.    Charges are not consumed versus monsters.    While active, the duration of stun and movement impairing effects on you is reduced by 50%.",34,0,0,40,32,0,0,0
Warrior,Fury,Ability,"Siegebreaker",954876,"Use your full strength to slam the target with your weapon, dealing 150% weapon damage to up to 5 nearby enemies in a conal attack.  If the target is a player, it also knocks them back. Enemies the target collides with are knocked back slightly and take 150% weapon damage.",40,0,0,40,38,0,0,0
Warrior,Fury,Ability,"Single-Minded Fury",988256,"While a one-handed weapon is equipped in both hands, your Mortal Strike, Overpower and Slam deal 5% less damage but will trigger an additional attack with your off-hand weapon.   Cannot be used with daggers.",10,0,0,34,38,0,15,30
Warrior,Fury,Ability,"Slam",1464,"Slams the opponent, causing 100% weapon damage plus 9.",1,0,0,0,0,0,0,0
Warrior,Fury,Ability,"Titan's Grip",46917,"Allows you to wield a Two-Handed Axe, Mace, or Sword in each hand.    Also allows for a weapon or shield to be held in the off-hand while a Staff is equipped.    Physical damage dealt is reduced by 10%.    While a Staff is equipped in your main hand, your Magic damage and healing done are reduced by 10%.",10,0,0,34,38,0,15,30
Warrior,Fury,Ability,"Victory Rush",34428,"Instantly attack the target causing 5 damage.  Can only be used within 20 sec after you kill an enemy that yields experience or honor. Damage is based on your attack power.",1,0,0,1,4,0,0,0
Warrior,Fury,Ability,"Whirlwind",1680,"In a whirlwind of steel you attack up to 4 enemies within 8 yards, causing 100% weapon damag from both melee weapons to each enemy.",14,0,0,4,12,0,0,0
Warrior,Protection,Ability,"Bloodrage",2687,"Generates 20 rage at the cost of health, and then generates an additional 10 rage over 10 sec.    This ability is usable while shapeshifted.",10,0,0,8,8,0,0,0
Warrior,Protection,Ability,"Concussion Blow",12809,"Stuns the opponent for 5 sec and deals 5 damage. (based on attack power).     Causes a High amount of threat.",22,0,0,32,20,0,6,12
Warrior,Protection,Ability,"Defensive Stance",71,"Significantly Increases your threat generation.    Increases your armor by 10% and decreases damage taken by 10%.    Your damage and healing done is decreased by 5%.     Teaches you Taunt.",1,0,0,16,8,0,0,0
Warrior,Protection,Ability,"Devastate",20243,"Sunder the target's armor causing the Sunder Armor effect. In addition, causes 120% weapon damage (96% if a two-handed weapon is equipped) plus 4 for each application of Sunder Armor on the target. The Sunder Armor effect can stack up to 5 times.    Sunder Armor Sunders the target's armor, reducing it by 4%. Stacks up to 5 times and lasts for 30 sec. Does not stack with other similar effects.",10,0,0,0,0,0,0,0
Warrior,Protection,Ability,"Disarm",676,"Disarm the enemy, removing their weapons, shields, or other equipment for 6 sec.",16,0,0,23,14,0,0,0
Warrior,Protection,Ability,"Intervene",3411,"Run at high speed towards a party or raid member, intercepting the next melee or ranged attack made against them and taunts up to 3 enemies attacking the target to attack you instead.",30,0,0,40,28,0,0,0
Warrior,Protection,Ability,"Last Stand",12975,"When activated, this ability temporarily grants you 30% of your maximum health for 20 sec.  After the effect expires, the health is lost.    This ability is usable while shapeshifted.",16,0,0,23,14,0,3,6
Warrior,Protection,Ability,"Revenge",6572,"Instantly counterattack an enemy for 88 to 107 damage.  Revenge is only usable after the warrior blocks, dodges or parries an attack.",12,0,0,3,10,0,0,0
Warrior,Protection,Ability,"Shield Bash",72,"Bash the target with your shield dazing them and interrupting spellcasting, which prevents spells of that school from being cast for 6 sec.     This ability shares a cooldown with other interrupts.",12,0,0,17,10,0,0,0
Warrior,Protection,Ability,"Shield Block",2565,"Increases your chance to block and block value by 100% for 10 sec.",1,0,0,4,4,0,0,0
Warrior,Protection,Ability,"Shield Slam",23922,"Slam the target with your shield, causing 294 to 307 damage, modified by your shield block value, and dispels 1 magic effect on the target. Causes a high amount of threat.",40,0,0,11,38,0,0,0
Warrior,Protection,Ability,"Shield Wall",871,"Reduces all damage taken by 60% for 12 sec.",28,0,0,40,26,0,0,0
Warrior,Protection,Ability,"Shockwave",46968,"Sends a wave of force in front of the caster, causing 6 damage (based on attack power) and stunning all enemy targets in a frontal cone for 4 sec.",40,0,0,40,38,0,15,30
Warrior,Protection,Ability,"Spell Reflection",23920,"Raise your shield, reflecting the next spell cast on you. Lasts 5 sec.",50,0,0,40,48,0,0,0
Warrior,Protection,Ability,"Vigilance",50720,"Focus your protective gaze on a group or raid target to reduce their damage taken by 3% and transfer 15% of the threat they cause to you.    Each time they are hit by an attack your Taunt and Growl cooldown is refreshed. Lasts 30 min. This effect can only be on one target at a time.",30,0,0,26,28,0,9,21
