Class,Tab,Type,Name,ID,Description,RequiredLevel,RequiredClassAEInvestment,RequiredTabAEInvestment,RequiredClassPoints,RequiredAEInvestment,RequiredClassTEInvestment,RequiredTabTEInvestment,RequiredTEInvestment
DeathKnight,Blood,Ability,"Blood Boil",48721,"Boils the blood of all enemies within 10 yards, dealing 42 to 51 Shadow damage.  Deals additional damage to targets infected with Blood Plague or Frost Fever.",16,0,0,12,14,0,0,0
DeathKnight,Blood,Ability,"Blood Presence",48266,"Strengthens you with the presence of blood, increasing damage by 2% and heals you for 2% of your damage dealt.    Only one Presence may be active at a time.    Heals up to a maximum of 5% of your health per hit.",1,0,0,0,0,0,0,0
DeathKnight,Blood,Ability,"Blood Strike",45902,"Instantly strike the enemy, causing 40% weapon damage plus 12, total damage increased by 12.5% for each of your diseases on the target.",1,0,0,0,0,0,0,0
DeathKnight,Blood,Ability,"Blood Tap",45529,"Immediately activates a Blood Rune and converts it into a Death Rune for the next 20 sec.  Death Runes count as a Blood, Frost or Unholy Rune.",18,0,0,26,16,0,0,0
DeathKnight,Blood,Ability,"Dancing Rune Weapon",49028,"Summons a second rune weapon that fights on its own for 8 sec, doing the same attacks as you but for 75% reduced damage.",40,0,0,40,38,0,15,30
DeathKnight,Blood,Ability,"Death Pact",48743,"Sacrifices an undead minion, healing you for 20% of its maximum health.",22,0,0,32,20,0,0,0
DeathKnight,Blood,Ability,"Heart Strike",55050,"Instantly strike the target and his nearest ally, causing 50% weapon damage plus 69 on the primary target, and 25% weapon damage plus 35 on the secondary target.  Each target takes 10% additional damage for each of your diseases active on that target.",36,0,0,0,34,0,12,27
DeathKnight,Blood,Ability,"Hysteria",49016,"Induces a friendly unit into a killing frenzy for 30 sec. The target is Enraged, which increases their physical damage by 15%, but causes them to lose health equal to 1% of their maximum health every second.",30,0,0,40,28,0,9,21
DeathKnight,Blood,Ability,"Mark of Blood",49005,"Place a Mark of Blood on an enemy.  Whenever the marked enemy deals damage to a target, that target is healed for 4% of its maximum health.  Lasts for 20 sec or up to 20 hits.",22,0,0,32,20,0,6,12
DeathKnight,Blood,Ability,"Pestilence",50842,"Spreads existing Blood Plague and Frost Fever infections from your target to all other enemies within 10 yards.",10,0,0,2,8,0,0,0
DeathKnight,Blood,Ability,"Rune of Cinderglacier",53341,"Affixes your rune weapon with a rune that has a chance to cause your target to take 20% increased Frost and Shadow damage from you.  Requires a Rune Forge.",20,0,0,32,18,0,0,0
DeathKnight,Blood,Ability,"Rune of Lichbane",53331,"Affixes your rune weapon with a rune that adds 2% extra weapon damage as Fire damage or 4% versus Undead targets.     Requires a Rune Forge.",20,0,0,32,18,0,0,0
DeathKnight,Blood,Ability,"Rune of Razorice",53343,"Affixes your weapon with a rune that causes 2% extra weapon damage as Frost damage and increases enemies' vulnerability to your Frost attacks.    Requires a Rune Forge.",20,0,0,32,18,0,0,0
DeathKnight,Blood,Ability,"Rune of Spellbreaking",54447,"Affixes your one-handed rune weapon with a rune that deflects 2% of all spell damage and reduces the duration of Silence effects by 50% (not cumulative with additional Silence duration reduction).    Requires a Rune Forge.",20,0,0,32,18,0,0,0
DeathKnight,Blood,Ability,"Rune of Spellshattering",53342,"Affixes your two-handed rune weapon with a rune that deflects 4% of all spell damage and reduces the duration of Silence effects by 50%.     Requires a Rune Forge.",20,0,0,32,18,0,0,0
DeathKnight,Blood,Ability,"Rune of Swordbreaking",54446,"Affixes your one-handed rune weapon with a rune that increases Parry chance by 2% and reduces the duration of Disarm effects by 50%.  Modifying your rune weapon requires a Rune Forge in Ebon Hold.",20,0,0,32,18,0,0,0
DeathKnight,Blood,Ability,"Rune of Swordshattering",53323,"Affixes your two-handed rune weapon with a rune that increases Parry chance by 4% and reduces the duration of Disarm effects by 50%.      Requires a Rune Forge.",20,0,0,32,18,0,0,0
DeathKnight,Blood,Ability,"Rune of the Fallen Crusader",53344,"Affixes your rune weapon with a rune that has a chance to heal you for 3% of your maximum health and increase total Strength by 15% for 15 sec.    Requires a Rune Forge.",20,0,0,32,18,0,0,0
DeathKnight,Blood,Ability,"Rune of the Nerubian Carapace",70164,"Affixes your rune weapon with a rune that increases Defense by 13 and total Stamina by 1%.    Requires a Rune Forge.",20,0,0,32,18,0,0,0
DeathKnight,Blood,Ability,"Rune of the Stoneskin Gargoyle",62158,"Affixes your two-handed rune weapon with a rune that increases Defense by 25 and total Stamina by 2%.    Requires a Rune Forge.",20,0,0,32,18,0,0,0
DeathKnight,Blood,Ability,"Rune Tap",48982,"Converts 1 Blood Rune into 10% of your maximum health.",16,0,0,14,14,0,3,6
DeathKnight,Blood,Ability,"Runeforging Mastery",53428,"You gain Runeforging Mastery when learning any Runeforge Spell.     This Mastery automatically unlocks Runeforge Spells when you reach their Class Point requirements at no additional ability essence cost.      Rune of Swordshattering Affixes your two-handed weapon with a rune that increases parry chance and reduces the duration of disarms.    Rune of Lichbane Affixes your weapon with a rune that causes you to deal Fire damage with your attacks, increased versus undead.    Rune of Cinderglacier Affixes your weapon with a rune that has a chance to increase the damage of your next 2 attacks that deal Frost or Shadow damage.    Rune of Spellshattering Affixes your two-handed weapon with a rune that deflects spell damage and reduces the duration of silence efffects.    Rune of Razorice Affixes your weapon with a rune that causes extra Frost damage when you attack and causes them to be more vulnerable to your Frost attacks.    Rune of the Fallen Crusader Affixes your weapon with a rune that has a chance to heal you and increase your Strength.    Rune of the Stoneskin Gargoyle Affixes your two-handed weapon with a rune that increases your defense and Stamina.    Rune of the Nerubian Carapace Affixes your weapon with a rune that increases your defense and Stamina.",20,0,0,17,42,0,0,0
DeathKnight,Blood,Ability,"Strangulate",47476,"Strangulates an enemy, silencing them for 5 sec.  Non-player victim spellcasting is also interrupted for 3 sec.",22,0,0,32,20,0,0,0
DeathKnight,Blood,Ability,"Vampiric Blood",55233,"Temporarily grants you 15% of your maximum health and increases the amount of health generated through your Death Knight spells and effects by 35% for 10 sec. After the effect expires, the health is lost.",34,0,0,40,32,0,9,24
DeathKnight,Blood,Talent,"Abomination's Might",53137,"Increases the attack power by 10% of party and raid members within 100 yards.      Increases your Strength by 2%.",24,0,0,0,0,0,6,15
DeathKnight,Blood,Talent,"Blade Barrier",49182,"Whenever your Blood Runes are on cooldown, you gain the Blade Barrier effect, which decreases damage taken by 5% for the next 10 sec.",10,0,0,0,0,0,0,0
DeathKnight,Blood,Talent,"Bladed Armor",48978,"Increases your melee attack power by 5 for every 250 armor value you have.",12,0,0,0,0,0,0,0
DeathKnight,Blood,Talent,"Blood Gorged",61154,"When you are above 75% health, you deal 10% more damage.  In addition, your attacks ignore up to 20% of your opponent's armor at all times.    The all-damage increase does not stack with Enhanced Weapon Mastery, Unending Fury, Answered Prayers, Blessed Weapons or Blood Presence. Only the highest increase applies.",40,0,0,0,0,0,12,30
DeathKnight,Blood,Talent,"Bloodworms",49027,"Reduces the chance you'll be critically hit by a melee and spells by 6%.    Your weapon hits have a 9% chance to cause the target to spawn 2-4 Bloodworms.  Bloodworms attack your enemies, healing you as they do damage for 20 sec or until killed.",20,0,0,0,0,0,9,21
DeathKnight,Blood,Talent,"Bloody Strikes",48977,"Increases the damage of Blood Strike by 15% and Heart Strike by 45%.    Increases the damage of Blood Boil by 30%.",10,0,0,0,0,0,6,12
DeathKnight,Blood,Talent,"Bloody Vengeance",48988,"Gives you a 3% bonus to physical damage you deal for 30 sec after dealing a critical strike from a weapon swing, spell, or ability.  This effect stacks up to 3 times.",24,0,0,0,0,0,6,15
DeathKnight,Blood,Talent,"Butchery",48979,"Whenever you kill an enemy that grants experience or honor, you generate up to 20 rage.      You generate 2 rage per 5 sec while in combat.",10,0,0,0,0,0,0,0
DeathKnight,Blood,Talent,"Dance Lessons",102215,"Increases Dancing rune weapons's damage modifier by 25% and its duration by 4 sec.",40,0,0,40,0,0,0,0
DeathKnight,Blood,Talent,"Dark Conviction",48987,"Increases your chance to critically hit with weapons, spells and abilities by 5%.",16,0,0,0,0,0,3,6
DeathKnight,Blood,Talent,"Death Rune Mastery",49467,"Whenever you hit with Death Strike or Obliterate there is a 100% chance that the Frost and Unholy Runes will become Death Runes when they activate.    Death Runes count as a Blood, Frost or Unholy Rune.",15,0,0,0,0,0,3,6
DeathKnight,Blood,Talent,"Improved Blood Presence",50365,"Healing done to you is increased by 10% in Blood Presence.    Threat caused decreased by 20% while in Blood Presence.     Capstone Bonus: Increases the healing from your Blood Presence by an additional 3%.    Increases the damage done while in Blood Presence by an additional 8%.    While in Frost Presence or Unholy Presence, you retain 2% healing from Blood Presence.        The all-damage increase does not stack with Enhanced Weapon Mastery, Unending Fury, Answered Prayers, Blessed Weapons, Blood Gorged or Demonic Pact. Only the highest increase applies.",30,0,0,0,0,0,9,21
DeathKnight,Blood,Talent,"Improved Death Strike",62905,"Increases the damage of your Death Strike by 30%, increases its critical strike chance by 6%, and increases the healing granted by 50%.",34,0,0,0,0,0,9,24
DeathKnight,Blood,Talent,"Improved Rune Tap",48985,"Increases the health provided by Rune Tap by 100% and lowers its cooldown by 30 sec.",18,0,0,14,0,0,3,9
DeathKnight,Blood,Talent,"Might of Mograine",49023,"Increases the critical strike damage bonus of your Blood Boil, Blood Strike, Death Strike, and Heart Strike abilities by 45%.",36,0,0,0,0,0,12,27
DeathKnight,Blood,Talent,"Scent of Blood",49004,"You have a 15% chance after dodging, parrying or taking direct damage to gain the Scent of Blood effect, causing your next 3 melee hits to generate 10 rage.",10,0,0,0,0,0,0,0
DeathKnight,Blood,Talent,"Spell Deflection",49145,"You have a chance equal to your Parry chance of taking 45% less damage from a direct damage spell.",18,0,0,0,0,0,3,9
DeathKnight,Blood,Talent,"Subversion",48997,"Increases the critical strike chance of Blood Strike, Scourge Strike, Heart Strike and Obliterate by 9%.    Reduces all threat generated while in Blood or Unholy Presence by 25%.",10,0,0,0,0,0,0,0
DeathKnight,Blood,Talent,"Sudden Doom",49018,"Requires  Grave Coil (Rank 1)  Direct damage abilities and spells have a 9% chance to cast a free Grave Coil at your target.",20,0,0,0,0,0,9,24
DeathKnight,Blood,Talent,"Two-Handed Weapon Specialization",55107,"Increases the physical damage you deal with two-handed melee weapons by 4%.",12,0,0,0,0,0,0,0
DeathKnight,Blood,Talent,"Vendetta",49015,"Heals you for up to 6% of your maximum health whenever you kill a target that yields experience or honor.",18,0,0,0,0,0,3,9
DeathKnight,Blood,Talent,"Veteran of the Third War",49006,"Increases your total Strength by 6%, your Stamina by 3%, and your expertise by 6.",22,0,0,0,0,0,6,12
DeathKnight,Blood,Talent,"Will of the Necropolis",49189,"Damage that would take you below 35% health or taken while you are at 35% health is reduced by 15%.",36,0,0,0,0,0,12,27
DeathKnight,Frost,Ability,"Chains of Ice",45524,"Shackles the target with frozen chains, reducing their movement by 45%, and infects them with Frost Fever. The target regains 4% of their movement each second for 10 sec.",14,0,0,18,12,0,0,0
DeathKnight,Frost,Ability,"Deathchill",49796,"When activated, makes your next Icy Touch, Howling Blast, Frost Strike or Obliterate a critical hit if used within 30 sec.",22,0,0,32,20,0,6,12
DeathKnight,Frost,Ability,"Empower Rune Weapon",47568,"Empower your rune weapon, immediately activating all your runes and generating 25 rage.",30,0,0,40,28,0,0,0
DeathKnight,Frost,Ability,"Frost Presence",48263,"Increases Stamina by 4% and significantly increases threat generated.   Increases the Armor contribution Cloth, Leather, Mail and Plate items by 30%   Reduces damage taken by 2%.    Only one Presence may be active at a time.",1,0,0,8,8,0,0,0
DeathKnight,Frost,Ability,"Frost Strike",49143,"Instantly strike the enemy, causing 55% weapon damage plus 31 as Frost damage.",36,0,0,0,34,0,12,27
DeathKnight,Frost,Ability,"Horn of Winter",57330,"Increases the Strength and Agility of all party or raid members within 30 yards by 2 and generates 10 rage. Lasts 30 min.",1,0,0,4,0,0,0,0
DeathKnight,Frost,Ability,"Howling Blast",49184,"Blast the target with a frigid wind dealing 119 to 129 Frost damage to all enemies within 10 yards.",40,0,0,0,38,0,15,30
DeathKnight,Frost,Ability,"Hungering Cold",49203,"Purges the earth around the you of all heat. Enemies within 10 yards are trapped in ice, preventing them from performing any action for 10 sec and infecting them with Frost Fever. Enemies are considered Frozen, but any damage other than diseases will break the ice.",30,0,0,40,28,0,9,21
DeathKnight,Frost,Ability,"Icebound Fortitude",48792,"Freeze your blood to become immune to Stun effects and reduce all damage taken by 30% plus additional damage reduction based on Defense for 12 sec.",34,0,0,40,32,0,0,0
DeathKnight,Frost,Ability,"Icy Touch",45477,"Chills the target for 11 to 12 Frost damage and infects them with Frost Fever, a disease that deals periodic damage and reduces melee and ranged attack speed by 14% for 15 sec. Generates very high threat while in a Tank Stance.",1,0,0,0,0,0,0,0
DeathKnight,Frost,Ability,"Improved Icy Talons",55610,"Increases the melee haste of all party and raid members within 100 yds by 20%.    Increases your melee and ranged haste by an additional 5%.",24,0,0,0,22,0,6,15
DeathKnight,Frost,Ability,"Lichborne",49039,"Draw upon unholy energy to become undead for 10 sec.  While undead, you are immune to Charm, Fear and Sleep effects.",16,0,0,23,14,0,3,6
DeathKnight,Frost,Ability,"Mind Freeze",47528,"Smash the target's mind with cold, interrupting spellcasting and preventing any spell in that school from being cast for 4 sec.    This ability shares a cooldown with other interrupts.",14,0,0,20,12,0,0,0
DeathKnight,Frost,Ability,"Obliterate",49020,"A brutal instant attack that deals 80% weapon damage plus 28, total damage increased 12.5% per each of your diseases on the target, but consumes the diseases.",20,0,0,5,18,0,0,0
DeathKnight,Frost,Ability,"Path of Frost",3714,"Surrounds the caster with a freezing aura beneath her feet, allowing her and her party or raid to walk on water for 10 min. Works while mounted. Any damage will cancel the effect.",30,0,0,8,28,0,0,0
DeathKnight,Frost,Ability,"Rune Strike",56815,"Strike the target for 150% weapon damage plus 2. Only usable after you dodge or parry an attack. Can't be dodged, blocked, or parried. This attack causes a high amount of threat.",32,0,0,9,30,0,0,0
DeathKnight,Frost,Ability,"Threat of Thassarian",65661,"When dual-wielding your, Plague Strike, Death Strike, Blood Strike, Frost Strike, Obliterate and Rune Strike hits also strike with your off-hand weapon.",10,0,0,32,0,0,9,24
DeathKnight,Frost,Ability,"Unbreakable Armor",51271,"Reinforces your armor with a thick coat of ice, increasing your armor by 25% and increasing your Strength by 20% for 20 sec.",34,0,0,40,32,0,9,24
DeathKnight,Frost,Talent,"Acclimation",49200,"When you are hit by a spell, you have a 30% chance to boost your resistance to that type of magic for 18 sec.  Stacks up to 3 times.",36,0,0,0,0,0,12,27
DeathKnight,Frost,Talent,"Annihilation",51468,"Increases your critical strike chance by 3%.      Your Obliterate will do its damage without consuming diseases.",16,0,0,0,0,0,3,6
DeathKnight,Frost,Talent,"Black Ice",49140,"Increases your Frost damage by 10%.    Increases your Shadow damage by 5%.",12,0,0,0,0,0,0,0
DeathKnight,Frost,Talent,"Blood of the North",54639,"Increases Blood Strike and Frost Strike damage by 10%.      Whenever you hit with Blood Strike or Pestilence there is a 100% chance that the Blood Rune will become a Death Rune when it activates.      Death Runes count as a Blood, Frost or Unholy Rune.",20,0,0,0,0,0,9,24
DeathKnight,Frost,Talent,"Chilblains",50040,"Victims of your Frost Fever disease are Chilled, reducing movement speed by 50% for 10 sec.",20,0,0,0,0,0,9,21
DeathKnight,Frost,Talent,"Chill of the Grave",49149,"Your Chains of Ice, Howling Blast, Icy Touch and Obliterate generate 5.0 additional rage.",15,0,0,0,0,0,3,9
DeathKnight,Frost,Talent,"Endless Winter",49137,"Your strength is increased by 4%.    The cost of your Mind Freeze is reduced by 20 rage.",18,0,0,0,0,0,3,9
DeathKnight,Frost,Talent,"Fortified Frost Presence",102391,"While Frost Presence is active, its Stamina bonus is increased by 4%, Armor contribution from Cloth, Leather, Mail and Plate is increased by 30%, and damage taken is reduced by an additional 4%.",34,0,0,40,0,0,0,0
DeathKnight,Frost,Talent,"Frigid Dreadplate",49186,"Reduces the chance melee attacks will hit you by 3%.",22,0,0,0,0,0,6,12
DeathKnight,Frost,Talent,"Glacier Rot",49471,"Diseased enemies take 20% more damage from your Icy Touch, Howling Blast and Frost Strike.",22,0,0,0,0,0,6,12
DeathKnight,Frost,Talent,"Guile of Gorefiend",50187,"Increases the critical strike damage bonus of your Blood Strike, Frost Strike, Howling Blast and Obliterate abilities by 45%.    Increases the duration of your Icebound Fortitude by 6 secs.",36,0,0,0,0,0,12,27
DeathKnight,Frost,Talent,"Icy Reach",55061,"Increases the range of your damaging spells by 6 yards, and the range of your Icy Touch, Chains of Ice, and Howling Blast by an additional 4 yards.    This does not stack with other similar effects.",12,0,0,0,0,0,0,0
DeathKnight,Frost,Talent,"Icy Talons",50880,"You leech heat from victims of your Frost Fever, so that when their melee attack speed is reduced, yours increases by 20% for the next 20 sec.",15,0,0,0,0,0,3,6
DeathKnight,Frost,Talent,"Improved Frost Presence",50384,"While in Blood Presence or Unholy Presence, you retain 8% stamina from Frost Presence.    Damage done to you is decreased by an additional 2% in Frost Presence.",30,0,0,0,0,0,9,21
DeathKnight,Frost,Talent,"Improved Icy Touch",49175,"Your Icy Touch does an additional 15% damage and your Frost Fever reduces melee and ranged attack speed by an additional 6%.",10,0,0,0,0,0,0,0
DeathKnight,Frost,Talent,"Killing Machine",51123,"Your melee abilities have a chance to make your next Frost spell or ability guaranteed to critically strike.  Effect occurs more often than Killing Machine (Rank 4).",15,0,0,0,0,0,3,9
DeathKnight,Frost,Talent,"Merciless Combat",49024,"Increases damage done by all frost spells and abilities by 12% to targets under 35% health.",24,0,0,0,0,0,6,15
DeathKnight,Frost,Talent,"Nerves of Cold Steel",49226,"Increases your chance to hit by 5%.    Increases the damage done by your off-hand weapon by 33%.  Does not stack with Dual Wield Mastery",12,0,0,0,0,0,0,0
DeathKnight,Frost,Talent,"Rime",49188,"Increases the critical strike chance of your Icy Touch and Obliterate by 15%.    Casting Obliterate has a 15% chance to reset the cooldown on Howling Blast and cause your next Howling Blast to consume no runes.",20,0,0,0,0,0,6,15
DeathKnight,Frost,Talent,"Runic Focus",61758,"Your spell critical strikes now deal 200% damage.     This does not stack with other similar effects.   Capstone Bonus: Diseased enemies take 4% more damage from you.",16,0,0,0,0,0,6,6
DeathKnight,Frost,Talent,"Runic Power Mastery",49455,"Increases your maximum rage by 20.",24,0,0,0,0,0,6,15
DeathKnight,Frost,Talent,"Toughness",49042,"Increases your armor value from items by 10%.    Reduces the duration of all movement slowing effects by 30%.",10,0,0,0,0,0,0,0
DeathKnight,Frost,Talent,"Tundra Stalker",49202,"Your spells and abilities deal 15% more damage to targets infected with your Frost Fever.    Increases your expertise by 5.",40,0,0,0,0,0,12,30
DeathKnight,Unholy,Ability,"Anti-Magic Shell",48707,"Surrounds you in an Anti-Magic Shell, absorbing 75% of the damage dealt by harmful spells (up to a maximum of 50% of your health) and preventing application of harmful magical effects.      20% of the absorbed damage by Anti-Magic Shell is granted as additional rage. Lasts 5 sec.",22,0,0,32,20,0,0,0
DeathKnight,Unholy,Ability,"Anti-Magic Zone",51052,"Places a large, stationary Anti-Magic Zone that reduces spell damage done to party or raid members inside it by 75%. The Anti-Magic Zone lasts for 10 sec or until it absorbs 10024 spell damage.",30,0,0,40,28,0,9,21
DeathKnight,Unholy,Ability,"Army of the Dead",42650,"Summons an entire legion of Ghouls to fight for you over 4 sec. The Ghouls will swarm the area, taunting and fighting anything they can.  While channeling Army of the Dead, you take less damage equal to your Dodge plus Parry chance.",34,0,0,40,32,0,0,0
DeathKnight,Unholy,Ability,"Bone Shield",49222,"Your are surrounded by 3 whirling bones.  While at least 1 bone remains, you take 20% less damage from all sources and deals 2% more damage with all attacks, spells and abilities.  Each damaging attack that lands consumes 1 bone.  Lasts 5 min.",34,0,0,40,32,0,9,24
DeathKnight,Unholy,Ability,"Corpse Explosion",49158,"Cause a corpse to explode for 166 Shadow damage to all enemies within 10 yards.  Will use a nearby corpse if the target is not a corpse.  Does not affect mechanical or elemental corpses.",16,0,0,0,14,0,3,6
DeathKnight,Unholy,Ability,"Death and Decay",43265,"Corrupts the ground at the targeted area, causing 14 Shadow damage every sec that targets remain in the area for 10 sec. This ability produces a high amount of threat.",20,0,0,16,18,0,0,0
DeathKnight,Unholy,Ability,"Death Grip",49576,"Harness the unholy energy that surrounds and binds all matter, drawing the target towards you and forces them to attack you for 3 sec.",20,0,0,29,18,0,0,0
DeathKnight,Unholy,Ability,"Death Strike",49998,"A deadly attack that deals 75% weapon damage plus 23 and heals you for 5% of your maximum health for each of your diseases on the target.",14,0,0,12,12,0,0,0
DeathKnight,Unholy,Ability,"Dominate Undead",891,"Teaches you the necessary abilities to Dominate an Undead companion.  Teaches you Dominate Undead, Raise Undead, Dismiss Undead, Revive Undead and Undead Lore.      Dominate Undead Begins dominating an undead to be your companion.     Your armor is reduced by 100% while you focus on dominating the undead for 20 sec.     If you lose the undead's attention for any reason, the domination process will fail. Each type of undead has unique abilities that you will be able to make use of.",1,0,0,5,8,0,0,0
DeathKnight,Unholy,Ability,"Ghoul Frenzy",63560,"Grants your Ghoul pet 25% haste for 30 sec and heals it for 60% of its health over the duration.",30,0,0,22,28,0,9,21
DeathKnight,Unholy,Ability,"Grave Coil",47541,"Fire a blast of unholy energy, causing 26 Shadow damage to an enemy target or healing 39 damage from a friendly Undead target.    Ancient Death Knights remember this dark spell as Death Coil",12,0,0,5,10,0,0,0
DeathKnight,Unholy,Ability,"Master of Ghouls",52143,"Reduces the cooldown on Raise Dead by 60 sec, and the Ghoul summoned by your Raise Dead spell is considered a pet under your control.  Unlike normal Death Knight Ghouls, your pet does not have a limited duration.    While your Ghoul is active and within 100 yards, it increases your Strength by 5% and reduces damage taken by 5%.",24,0,0,21,22,0,6,15
DeathKnight,Unholy,Ability,"Plague Strike",45462,"A vicious strike that deals 50% weapon damage plus 8 and infects the target with Blood Plague, a disease dealing 3 Shadow damage over time.",1,0,0,0,0,0,0,0
DeathKnight,Unholy,Ability,"Raise Ally",61999,"Raises the corpse of a raid or party member to fight by your side. The player will have control over the Ghoul for 5 min.",24,0,0,21,22,0,0,0
DeathKnight,Unholy,Ability,"Raise Dead",46584,"Raises a Ghoul to fight by your side. You can have a maximum of one Ghoul at a time.  Lasts 1 min.",18,0,0,26,16,0,0,0
DeathKnight,Unholy,Ability,"Scourge Strike",55090,"An unholy strike that deals 70% of weapon damage as Physical damage plus 102.  In addition, for each of your diseases on your target, you deal an additional 12% of the Physical damage done as Shadow damage.",36,0,0,0,34,0,12,27
DeathKnight,Unholy,Ability,"Summon Gargoyle",49206,"A Gargoyle flies into the area and bombards the target with Nature damage, increased by 33% of the higher of your attack power or spell power. The Gargoyle inherits your spell penetration, hit chance, and 30% of your stamina. Persists for 30 sec.",40,0,0,0,38,0,15,30
DeathKnight,Unholy,Ability,"Unholy Frenzy",91232,"Increases the attack rate of your Demon or Undead pet by 50% but drains 2% of its health every 1 seconds. Lasts 30 sec.",26,0,0,24,24,0,0,0
DeathKnight,Unholy,Ability,"Unholy Presence",48265,"Infuses you with unholy fury, increasing attack speed by 5%, movement speed by 15%, and reducing the global cooldown of all Death Knight abilities by 0.5 sec.     Only one Presence can be active at a time.",28,0,0,24,26,0,0,0
DeathKnight,Unholy,Talent,"Anticipation",55129,"Increases your Dodge chance by 5%.",10,0,0,0,0,0,0,0
DeathKnight,Unholy,Talent,"Blood-Caked Blade",49219,"Your auto attacks have a 30% chance to cause a Blood-Caked Strike, which hits for 25% weapon damage plus 12.5% for each of your diseases on the target.",15,0,0,0,0,0,3,9
DeathKnight,Unholy,Talent,"Crypt Fever",49032,"Your Death Knight diseases also cause Crypt Fever, which increases disease damage taken by the target by 30%.",20,0,0,0,0,0,9,24
DeathKnight,Unholy,Talent,"Desecration",55666,"Your Plague Strikes and Scourge Strikes cause the Desecrated Ground effect.  Targets in the area are slowed by 50% by the grasping arms of the dead while standing on the unholy ground.  Lasts 20 sec.",15,0,0,0,0,0,6,15
DeathKnight,Unholy,Talent,"Desolation",66799,"Your Blood Strikes cause you to deal 5% additional damage with all attacks for the next 20 sec.",30,0,0,0,0,0,9,21
DeathKnight,Unholy,Talent,"Dirge",49223,"Your Death Strike, Plague Strike and Scourge Strike generate 5.0 additional rage.",10,0,0,0,0,0,6,12
DeathKnight,Unholy,Talent,"Ebon Plaguebringer",51099,"Increases your critical strike chance by 3%.    Your Crypt Fever morphs into Ebon Plague, which increases magic damage taken by 13% in addition to increasing disease damage taken.",25,0,0,0,0,0,12,27
DeathKnight,Unholy,Talent,"Epidemic",49036,"Increases the duration of Blood Plague and Frost Fever by 6 sec.",10,0,0,0,0,0,0,0
DeathKnight,Unholy,Talent,"Frenzied Unholy Presence",102227,"Increases your attack speed benefit of Unholy Presence by 10%.",34,0,0,40,0,0,0,0
DeathKnight,Unholy,Talent,"Improved Unholy Presence",50391,"While in Blood Presence or Frost Presence, you retain 15% increased movement speed from Unholy Presence.     Your runes finish their cooldowns 10% faster in Unholy Presence.",30,0,0,0,0,0,9,21
DeathKnight,Unholy,Talent,"Impurity",49220,"The attack power bonus of your Deathknight spells is increased by 20%.",22,0,0,0,0,0,6,12
DeathKnight,Unholy,Talent,"Magic Suppression",49224,"You take 6% less damage from all magic.      Your Anti-Magic Shell absorbs an additional 25% of spell damage.",24,0,0,0,0,0,6,15
DeathKnight,Unholy,Talent,"Morbidity",48963,"Increases the damage and healing of Grave Coil by 15%.    Reduces the cooldown on Death and Decay by 15 sec.",12,0,0,0,0,0,0,0
DeathKnight,Unholy,Talent,"Necrosis",51459,"Your melee auto attacks deal an additional 20% Shadow damage.",16,0,0,0,0,0,3,6
DeathKnight,Unholy,Talent,"Night of the Dead",55620,"Increases all damage done by 2%.    Reduces the cooldown on Raise Dead by 90 sec and the cooldown on Army of the Dead by 4 min.",18,0,0,0,0,0,3,9
DeathKnight,Unholy,Talent,"On a Pale Horse",49146,"You become as hard to stop as death itself.      The duration of all Stun and Fear effects used against you is reduced by 20%.    Your mounted speed is increased by 20%.    This does not stack with other movement speed increasing effects.  This does not stack with other Stun or Fear reduction effects.",18,0,0,0,0,0,3,9
DeathKnight,Unholy,Talent,"Outbreak",49013,"Increases the damage of Plague Strike by 30% and Scourge Strike by 20%.",10,0,0,0,0,0,3,6
DeathKnight,Unholy,Talent,"Rage of Rivendare",50117,"Your spells and abilities deal 10% more damage to targets infected with your Blood Plague.    Increases your expertise by 5.",40,0,0,0,0,0,12,30
DeathKnight,Unholy,Talent,"Ravenous Dead",48965,"Increases your total Strength by 3% and the contribution your Ghouls get from your Strength and Stamina by 60%",12,0,0,0,0,0,0,0
DeathKnight,Unholy,Talent,"Reaping",49208,"Whenever you hit with Blood Strike or Pestilence there is a 100% chance that the Blood Rune becomes a Death Rune when it activates.      Death Runes count as a Blood, Frost or Unholy Rune.",20,0,0,0,0,0,6,15
DeathKnight,Unholy,Talent,"Unholy Blight",49194,"Causes the victims of your Grave Coil to be surrounded by a vile swarm of unholy insects, taking 10% of the damage done by the Grave Coil over 10 sec, and preventing any diseases on the victim from being dispelled.",12,0,0,0,0,0,3,9
DeathKnight,Unholy,Talent,"Unholy Command",49588,"Reduces the cooldown of your Death Grip ability by 10 sec.",22,0,0,0,0,0,6,12
DeathKnight,Unholy,Talent,"Vicious Strikes",51745,"Increases the critical strike chance by 6% and critical strike damage bonus by 30% of your Plague Strike and Scourge Strike.",10,0,0,0,0,0,0,0
DeathKnight,Unholy,Talent,"Virulence",48962,"Increases your hit chance by 3%.    Reduces the chance that your damage over time diseases can be cured by 30%.",10,0,0,0,0,0,0,0
DeathKnight,Unholy,Talent,"Wandering Plague",49217,"When your Death Knight diseases damage an enemy, there is a chance equal to your melee critical strike chance that they will cause 100% additional damage to the target and all enemies within 8 yards.    Ignores any target under the effect of a spell that is cancelled by taking damage.",20,0,0,0,0,0,12,27
Druid,Balance,Ability,"Barkskin",22812,"The caster's skin becomes as tough as bark.  All damage taken is reduced by 20%.  While protected, damaging attacks will not cause spellcasting delays. Lasts 12 sec.    This spell is usable while stunned, frozen, incapacitated, feared or asleep.     This ability is usable while shapeshifted.",36,0,0,40,34,0,0,0
Druid,Balance,Ability,"Cyclone",33786,"Tosses the enemy target into the air, preventing all action but making them invulnerable for up to 6 sec. Only one target can be affected by your Cyclone at a time.",50,0,0,40,48,0,0,0
Druid,Balance,Ability,"Entangling Roots",339,"Roots the target in place and causes 24 Nature damage over 12 sec. (8 seconds on players).     Damage caused may interrupt the effect.",10,0,0,9,6,0,0,0
Druid,Balance,Ability,"Faerie Fire",770,"Decrease the armor of the target by 5% for 40 sec (20 seconds on players). While affected, the target cannot stealth or turn invisible.   Does not stack with other similar effects.",14,0,0,12,12,0,0,0
Druid,Balance,Ability,"Feline Grace",20719,"Reduces damage from falling.",40,0,0,5,38,0,0,0
Druid,Balance,Ability,"Force of Nature",33831,"Summons 3 treants to attack enemy targets for 30 sec. Shares a cooldown with other Force of Nature spells.  Can't be used while having an active pet.    This ability is usable while shapeshifted.",36,0,0,40,34,0,12,27
Druid,Balance,Ability,"Hibernate",2637,"Forces the enemy target to sleep for up to 20 sec.  Any damage will awaken the target. Only one target can be forced to hibernate at a time. Only works on Beasts and Dragonkin.",18,0,0,15,16,0,0,0
Druid,Balance,Ability,"Hurricane",16914,"Creates a violent storm in the target area causing 112 Nature damage to enemies every 1 sec, and increasing the time between attacks of enemies by 20%.    Does not stack with other similar effects.    Lasts 10 sec.",40,0,0,11,38,0,0,0
Druid,Balance,Ability,"Hypnosis",955072,"Forces the enemy target to sleep for 30 sec (6 sec versus players). Any damage taken will be increased by 10%, but will awaken the target. Only one target can be forced to sleep at a time.     This spell is castable while moving.",30,0,0,40,28,0,0,0
Druid,Balance,Ability,"Innervate",29166,"Causes the target to regenerate mana equal to 225% of the caster's base mana pool over 10 sec.",40,0,0,26,38,0,0,0
Druid,Balance,Ability,"Insect Swarm",5570,"The enemy target is swarmed by insects, decreasing their chance to hit by 3% and causing 156 Nature damage over 12 sec.",22,0,0,0,20,0,6,12
Druid,Balance,Ability,"Mass Entanglement",954507,"Roots the target and all enemies within 8 yards in place for 8 sec. 6 sec versus players. Damage may interrupt the effect.  When the effect breaks, the target is slowed by 30% for 3 sec.  Usable while shapeshifted.  This spell cannot miss.",18,0,0,26,16,0,0,0
Druid,Balance,Ability,"Moonfire",8921,"Burns the enemy for 5 to 7 Arcane damage and then an additional 9 Arcane damage over 9 sec.",1,0,0,0,0,0,0,0
Druid,Balance,Ability,"Moonkin Form",24858,"Increases armor from cloth and leather by 150%, damage taken while stunned is reduced by 15%. Your direct damaging spells have a 33% chance to regenerate 2% of your total mana.   All party and raid members gain 5% increased spell critical effect chance. Does not stack with similar effects.  Casting any healing spell will take you out of Moonkin Form.",30,0,0,40,28,0,9,21
Druid,Balance,Ability,"Nature's Grasp",16689,"For 45 sec, any time an enemy within 15 yards hits the caster they have a 100% chance to become afflicted by Entangling Roots which roots them in place for 5 sec.     Does not trigger on enemies already affected by a root effect.",10,0,0,14,8,0,0,0
Druid,Balance,Ability,"Solar Beam",954523,"You summon a beam of solar light, silencing all enemies under the beam while it is active. Solar Beam lasts for 6 sec.  This ability is usable while shapeshifted.",34,0,0,40,32,0,0,0
Druid,Balance,Ability,"Soothe Animal",2908,"Soothes the target beast, reducing the range at which it will attack you by 10 yards and reducing its attack speed by 20%. Only affects Beast and Dragonkin targets level 40 or lower. Lasts 30 sec.",22,0,0,4,20,0,0,0
Druid,Balance,Ability,"Starfall",48505,"You summon a flurry of stars from the sky on all targets within 20 yards of the caster, each dealing 66 to 75 Arcane damage. Also causes 12 Arcane damage to all other enemies within 5 yards of the enemy target. Maximum 20 stars. Lasts 10 sec.      Shapeshifting into an animal form or mounting cancels the effect. Any effect which causes you to lose control of your character will suppress the starfall effect.",40,0,0,40,38,0,15,30
Druid,Balance,Ability,"Starfire",2912,"Causes 121 to 149 Arcane damage to the target.",20,0,0,5,18,0,0,0
Druid,Balance,Ability,"Starsurge",954800,"Deals 199 to 241 Spellstorm damage to the target.",28,0,0,7,26,0,0,0
Druid,Balance,Ability,"Teleport: Moonglade",18960,"Teleports the caster to the Moonglade.",10,0,0,2,8,0,0,0
Druid,Balance,Ability,"Thorns",467,"Thorns sprout from the friendly target causing 3 Nature damage to attackers when hit.  Lasts 30 min.",1,0,0,4,6,0,0,0
Druid,Balance,Ability,"Typhoon",50516,"You summon a violent Typhoon that does 351 Nature damage when in contact with hostile targets, knocking them back and dazing them for 6 sec.",36,0,0,40,34,0,12,27
Druid,Balance,Ability,"Ursol's Vortex",954504,"Conjures a vortex of wind for 8 sec around yourself, reducing the movement speed of all enemies within 5 yards by 30%. When an enemy leaves the vortex, winds will pull that enemy back to its center.     Enemies can only get pulled from any vortex once every 8 seconds.  This ability is usable while shapeshifted.",40,0,0,40,38,0,0,0
Druid,Balance,Ability,"Wrath",5176,"Causes 17 to 19 Nature damage to the target.",1,0,0,0,0,0,0,0
Druid,Balance,Talent,"Balance of Power",33592,"Increases your hit chance by 4%.    Reduces your magic damage taken by 6%.",24,0,0,0,0,0,6,15
Druid,Balance,Talent,"Brambles",16836,"Damage from your Thorns increased by 75% and damage done by your Treants increased by 15%.     Melee attacks done to you while you have Barkskin active have a 15% chance to daze the target for 3 sec.",16,0,0,0,0,0,3,6
Druid,Balance,Talent,"Celestial Bane",57849,"Increases your Nature damage by 6% to targets affected by your Insect Swarm.  Increases your Critical Strike chance with Arcane spells 6% to targets affected by your Moonfire.",20,0,0,0,0,0,6,12
Druid,Balance,Talent,"Celestial Focus",16850,"Increases your haste by 2%.    Reduces the pushback suffered from damaging attacks by 70%.",18,0,0,0,0,0,3,9
Druid,Balance,Talent,"Dreamstate",33597,"Regenerate mana equal to 10% of your Intellect every 5 sec, even while casting.",24,0,0,0,0,0,6,15
Druid,Balance,Talent,"Earth and Moon",48506,"Increases your spell damage by 6%.   Wrath, Starfire and Starsurge apply the Earth and Moon effect, which increases magic damage taken by 13% for 8 sec.    Does not stack with other similar effects.",20,0,0,0,0,0,12,30
Druid,Balance,Talent,"Eclipse",48516,"Dealing direct Arcane damage grants you a 100% chance to increase the damage of your Wrath and Starsurge by 40% for 15 seconds.    Dealing direct Nature damage grants you a 100% chance to increase your critical strike chance with Starfire and Starsurge by 40% for 15 seconds.    Both effects cannot occur at the same time and each effect can only occur once every 30 seconds.",25,0,0,0,0,0,12,27
Druid,Balance,Talent,"Gale Winds",48488,"Increases your Hurricane and Typhoon damage by 30%.",34,0,0,0,0,0,9,24
Druid,Balance,Talent,"Genesis",57810,"Increases the periodic damage and healing of your spells by 5%.",10,0,0,0,0,0,0,0
Druid,Balance,Talent,"Improved Faerie Fire",33600,"Your Faerie Fire spell also increases the chance the target will be hit by spell attacks by 3%.    Increases the critical strike chance of your damage spells by 3% on targets afflicted by Faerie Fire.",20,0,0,0,0,0,9,21
Druid,Balance,Talent,"Improved Moonfire",16821,"Increases the damage of Moonfire spell by 15% and the critical strike chance of Starfire and Starsurge by 10%.  Capstone Bonus: Your direct Arcane damage critical hits on targets afflicted by your Moonfire instantly trigger an extra Arcane damage. This can happen once every 1.5 sec.",10,0,0,0,0,0,0,0
Druid,Balance,Talent,"Improved Moonkin Form",48384,"Your Moonkin Aura also causes affected targets to gain 3% spell haste.   Does not stack with similar effects.  In Moonkin Form, you to gain 30% of your spirit as additional spell damage.",30,0,0,40,0,0,9,21
Druid,Balance,Talent,"Lunar Guidance",33589,"Increases your spell damage by 12% of your Intellect.",22,0,0,0,0,0,6,12
Druid,Balance,Talent,"Moonfury",16896,"Increases the damage of your Starfire, Moonfire, Wrath, and Starsurge by 10%.",10,0,0,0,0,0,6,15
Druid,Balance,Talent,"Moonglow",16845,"Reduces the mana cost of your Starfire, Wrath, Starsurge, Healing Touch, Regrowth, Rejuvenation, and Swiftmend spells by 9%.",12,0,0,0,0,0,0,0
Druid,Balance,Talent,"Nature's Grace",16880,"Direct damaging or healing Druid spell criticals have a 100% chance to grant you Nature's Grace, increasing your haste by 20% for 4 sec.",16,0,0,0,0,0,3,6
Druid,Balance,Talent,"Nature's Majesty",35363,"Increases the critical strike chance of your Wrath, Starfire, Starfall, Starsurge, Nourish and Healing Touch spells by 4%.",12,0,0,0,0,0,0,0
Druid,Balance,Talent,"Nature's Reach",16819,"Increases the range of your damaging spells with a channeling or cast time by 6 yards.     Does not stack with other similar effects.  Capstone Bonus: Your Nature non-periodic spells have a 100% chance to spread your Insect Swarm to all enemies within 5 yards, if hitting a target affected by Insect Swarm. This effect has a 6 sec internal cooldown.",16,0,0,0,0,0,3,6
Druid,Balance,Talent,"Nature's Splendor",857866,"Increases the duration of your Moonfire and Rejuvenation by 3 sec, your Regrowth by 6 sec, and your Insect Swarm, Lifebloom, Efflorescence and Flourish by 2 sec.",10,0,0,0,0,0,3,6
Druid,Balance,Talent,"Owlkin Frenzy",48389,"While in Moonkin Form, attacks against you have a 24% chance to trigger a Frenzy, increasing your damage done by 5%.     This also grants immunity to casting pushback for Balance spells and restores 2% base mana every 2 sec. Lasts 10 sec.",34,0,0,40,0,0,9,24
Druid,Balance,Talent,"Starlight Wrath",16814,"Increases the critical strike chance of Wrath by 9%.    Increases the damage of Starfire and Starsurge by 6%.",10,0,0,0,0,0,0,0
Druid,Balance,Talent,"Vengeance",16909,"Your spell critical strikes now deal 200% damage.   Does not stack with similar effects.  Capstone Bonus: Your direct Arcane and Nature criticals  have a chance to attract a Vengeful Soul, increasing your magic damage by 3% for 12 seconds. When this effect ends the Soul leaves your body, restoring 5% of your missing mana.",18,0,0,0,0,0,3,9
Druid,Balance,Talent,"Wrath of Cenarius",33603,"Increases the spell damage scaling of your Starfire and Starsurge by 20% and the spell damage scaling of your Wrath by 10%.",34,0,0,0,0,0,9,24
Druid,Feral,Ability,"Aquatic Form",1066,"Shapeshift into aquatic form, increasing swim speed by 50% and allowing the druid to breathe underwater. Also protects the caster from Polymorph effects.",16,0,0,4,14,0,0,0
Druid,Feral,Ability,"Bash",5211,"Stuns the target for 2 sec and interrupts non-player spellcasting for 3 sec.",12,0,0,17,10,0,0,0
Druid,Feral,Ability,"Bear Form",5487,"Shapeshift into Bear Form.    Increasing melee attack power by 30, armor contribution from cloth and leather items by 65%, and Stamina by 15%.     Teaches you Growl.",1,0,0,0,0,0,0,0
Druid,Feral,Ability,"Berserk",50334,"When activated, this ability causes your Mangle abilities to hit up to 3 targets and have no cooldown for 15 sec.    Reduces the cost of all your Cat Form and Bear Form abilities by 50%.     While active your Savage Defense absorb effect is doubled.",40,0,0,40,38,0,15,30
Druid,Feral,Ability,"Cat Form",768,"Shapeshift into cat form, increasing melee attack power by 1 plus 25% of Agility. Allows the use of various cat abilities.",1,0,0,0,0,0,0,0
Druid,Feral,Ability,"Challenging Roar",5209,"Forces all nearby enemies within 10 yards to focus attacks on you for 6 sec.",28,0,0,8,26,0,0,0
Druid,Feral,Ability,"Cower",8998,"Cower, causing no damage but lowering your threat a large amount, making enemies less likely to attack you.",28,0,0,8,26,0,0,0
Druid,Feral,Ability,"Dash",1850,"Increases movement speed by 50% while in Cat Form for 15 sec. Does not break prowling.",12,0,0,24,10,0,0,0
Druid,Feral,Ability,"Demoralizing Roar",99,"The druid roars, decreasing nearby enemies' attack power by 31.  Lasts 30 sec.   Does not stack with other similar effects.",10,0,0,8,8,0,0,0
Druid,Feral,Ability,"Enrage",5229,"Generates 20 rage, and then generates an additional 10 rage over 10 sec, but reduces base armor by 27% in Bear Form and 16% in Dire Bear Form.",10,0,0,4,2,0,0,0
Druid,Feral,Ability,"Faerie Fire (Feral)",16857,"Decrease the armor of the target by 5% for 40 sec(20 seconds on players) While affected, the target cannot stealth or turn invisible. Deals 3 damage and additional threat when used in Bear Form or Dire Bear Form.   Does not stack with other similar effects.",14,0,0,4,12,0,0,0
Druid,Feral,Ability,"Feral Charge",49377,"Teaches Feral Charge (Bear) and Feral Charge (Cat).       Feral Charge - Bear Causes you to charge an enemy gaining 15 rage, immobilizing them for 3 sec and interrupting any spell being cast for 4 sec.    This shares a cooldown with other Feral Charges.    Feral Charge - Cat Causes you to leap behind an enemy, dazing them for 3 sec.  This shares a cooldown with other Feral Charges.",22,0,0,32,20,0,6,12
Druid,Feral,Ability,"Ferocious Bite",22568,"Finishing move that causes damage per combo point and converts each extra point of energy (up to a maximum of 30 extra energy) into 0.7 additional damage.    1 point  : 18-23 damage    2 points: 31-36 damage    3 points: 44-49 damage    4 points: 56-61 damage    5 points: 69-74 damage",10,0,0,4,8,0,0,0
Druid,Feral,Ability,"Frenzied Regeneration",22842,"Converts up to 10 rage per second into health for 10 sec.  Each point of rage is converted into 0.3% of max health.",36,0,0,32,34,0,0,0
Druid,Feral,Ability,"Ironfur",760100,"Reduces damage taken by 4% plus an additional 4% per active application for 6 sec. Each application has an individual duration.  Max 3 charges. 10 second recharge timer.",40,0,0,40,38,0,0,0
Druid,Feral,Ability,"Lacerate",33745,"Lacerates the enemy target, dealing 7 damage and making them bleed for 35 damage over 15 sec and causing a high amount of threat.  Damage increased by attack power.      Stacks up to 3 times on the same target.",10,0,0,4,8,0,0,0
Druid,Feral,Ability,"Leader of the Pack",17007,"While in Cat, Bear or Dire Bear Form, the Leader of the Pack increases ranged and melee critical strike chance of all party and raid members by 5%.    Does not stack with other similar effects.",30,0,0,26,28,0,9,21
Druid,Feral,Ability,"Maim",22570,"Finishing move that causes damage and incapacitates the target. Causes more damage and lasts longer per combo point:    1 point  : 131-133 damage, 1 sec    2 points: 215-217 damage, 2 sec    3 points: 299-301 damage, 3 sec    4 points: 383-385 damage, 4 sec    5 points: 467-469 damage, 5 sec    Non-player victim spellcasting is also interrupted for 3 sec.     Any damage caused will interrupt the incapacitating effect.    Does not break from periodic damage.",44,0,0,40,42,0,0,0
Druid,Feral,Ability,"Mangle",33917,"Mangle the target, inflicting damage and causing the target to take 30% additional damage from bleeds for 1 min.   Does not stack with similar effects.  This ability can be used in Cat Form or Dire Bear Form.",36,0,0,0,34,0,12,27
Druid,Feral,Ability,"Maul",6807,"A strong attack that increases melee damage by 18 and causes a high amount of threat. Effects which increase Bleed damage also increase Maul damage.",1,0,0,4,0,0,0,0
Druid,Feral,Ability,"Pounce",9005,"Pounce, stunning the target for 3.50 sec and causing 270 damage over 18 sec. Must be prowling. Awards 1 combo point.",36,0,0,32,34,0,0,0
Druid,Feral,Ability,"Prowl",5215,"Allows the Druid to prowl around, but reduces your movement speed by 30%. Lasts until cancelled.",10,0,0,14,8,0,0,0
Druid,Feral,Ability,"Rake",1822,"Rake the target for 12 bleed damage and an additional 65 damage over 9 sec. Awards 1 combo point.",18,0,0,5,16,0,0,0
Druid,Feral,Ability,"Ravage",6785,"Ravage the target, causing 385% damage plus 77 to the target. Must be prowling and behind the target. Awards 1 combo point.",32,0,0,18,30,0,0,0
Druid,Feral,Ability,"Rip",1079,"Finishing move that causes damage over time.  Damage increases per combo point:     1 point  : 16 damage over 12 sec     2 points: 26 damage over 12 sec     3 points: 36 damage over 12 sec     4 points: 46 damage over 12 sec     5 points: 56 damage over 12 sec",1,0,0,4,0,0,0,0
Druid,Feral,Ability,"Shred",5221,"Shred the target, causing 225% damage plus 15 to the target. Must be behind the target. Awards 1 combo point.  Effects which increase Bleed damage also increase Shred damage.",10,0,0,2,8,0,0,0
Druid,Feral,Ability,"Stampeding Roar",954508,"You roar, increasing the movement speed of all party members within 10 yards by 60% for 6 sec. Does not break prowling.",28,0,0,38,26,0,0,0
Druid,Feral,Ability,"Survival Instincts",61336,"Increases your maximum health by 20% and triples effectiveness of Nurturing Instinct's increased healing received effect for 20 sec. Only usable while in Cat, Bear or Dire Bear Form. After the effect expires, the health is lost.",16,0,0,23,14,0,3,6
Druid,Feral,Ability,"Swipe (Cat)",62078,"Swipe nearby enemies, inflicting 140% weapon damage.",1,0,0,4,4,0,0,0
Druid,Feral,Ability,"Tiger's Fury",5217,"Adds 10 damage to your attacks and increases damage by 5% for 6 sec.",24,0,0,15,22,0,0,0
Druid,Feral,Ability,"Track Humanoids (Cat Form)",5225,"Shows the location of all nearby humanoids on the minimap. Only one form of tracking can be active at a time.",32,0,0,5,30,0,0,0
Druid,Feral,Ability,"Travel Form",783,"Shapeshift into travel form, increasing movement speed by 40%.  Also protects the caster from Polymorph effects. Only usable outdoors.  The act of shapeshifting frees the caster of movement impairing and Polymorph effects.",16,0,0,32,14,0,0,0
Druid,Feral,Talent,"Brutal Impact",16940,"Increases the stun duration of your Bash and Pounce abilities by 1 sec.    Reduces the cooldown of Bash by 30 sec.",22,0,0,0,0,0,6,12
Druid,Feral,Talent,"Elder Hide",16929,"Increases the Armor contribution from cloth and leather items by 12%.",12,0,0,0,0,0,0,0
Druid,Feral,Talent,"Feral Aggression",16858,"Increases the damage you do to targets above 75% health by 9%.    Increases your attack power while in Feral forms by 150% of your level.",10,0,0,0,0,0,0,0
Druid,Feral,Talent,"Feral Instinct",16947,"Increases Swipe and Ravage damage by 30%.  Increases all damage dealt by 3% while Tiger's Fury is active.   Reduces the chance enemies have to detect you while Prowling.   Capstone Bonus: Dealing damage with Swipe and Ravage reduce the cooldown of Tiger's Fury and Enrage by 1 second.",10,0,0,0,0,0,0,0
Druid,Feral,Talent,"Feral Swiftness",17002,"Increases your movement speed by 20% in Cat Form.    Increases your chance to dodge while in Cat Form, Bear Form and Dire Bear Form by 4%.",16,0,0,0,0,0,3,6
Druid,Feral,Talent,"Ferocity",16934,"Increases all attributes by 5% and reduces the energy cost of your Swipe (Cat), Claw, Rake and Mangle (Cat) abilities by 10 Energy.  Reduces the rage cost of your Maul, Swipe (Bear), and Mangle (Bear) by 5 Rage.",10,0,0,0,0,0,0,0
Druid,Feral,Talent,"Heart of the Wild",17003,"Increases your Intellect by 9%.     While in Bear or Dire Bear Form your Stamina is increased by 6%.    While in Cat Form your attack power is increased by 6%.",24,0,0,0,0,0,6,15
Druid,Feral,Talent,"Improved Leader of the Pack",34297,"Leader of the Pack also causes affected targets to heal themselves for 4% of their base health when they critically hit with a melee or ranged attack.      You gain 16% of your base mana when you benefit from this heal.    The healing effect cannot occur more than once every 6 sec.",30,0,0,26,0,0,9,21
Druid,Feral,Talent,"Improved Mangle",48532,"Reduces the cooldown of your Mangle (Bear) ability by 1.5 sec.     Reduces the energy cost of your Mangle (Cat) ability by 6.",36,0,0,0,0,0,12,27
Druid,Feral,Talent,"Improved Shapeshifting",901564,"Your Druid shapeshifting spells now cause the act of shapeshifting to free the caster of Polymorph and movement impairment effects.    Increases the Armor contribution from cloth and leather items by 20% while in Bear Form.",20,0,0,30,0,0,0,0
Druid,Feral,Talent,"Infected Wounds",48483,"Shred, Maul, Swipe, and Mangle attacks cause an Infected Wound in the target.     Infected Wound slows the target's movement speed by 50%, and reduces attack speed by 20%. Lasts 12 sec.  Does not stack with other similar effects.",20,0,0,0,0,0,9,24
Druid,Feral,Talent,"King of the Jungle",48492,"While in Bear Form or Dire Bear Form, your Enrage ability increases physical damage done by 15%.  While in Cat Form, casting Tiger's Fury restores 60 energy.     Reduces the mana cost of Bear Form, Cat Form, and Dire Bear Form by 60%.  Capstone Bonus: The global cooldown of Cat Form and Bear Form is reduced by 0.5 sec.",20,0,0,0,0,0,12,27
Druid,Feral,Talent,"Natural Reaction",57878,"Increases your chance to dodge by 6% while in Bear Form or Dire Bear Form.    You regenerate 15 rage every time you dodge while in Bear Form or Dire Bear Form.",24,0,0,0,0,0,6,15
Druid,Feral,Talent,"Nurturing Instinct",33872,"Increases your healing spells by up to 70% of your Agility, and increases healing done to you by 20%  while in Cat form.",22,0,0,0,0,0,6,12
Druid,Feral,Talent,"Predatory Instincts",33859,"While in Cat Form increases your damage from all critical strikes by 15% and reduces the damage taken from area of effect attacks by 10%.     This does not stack with other similar effects.",34,0,0,0,0,0,9,24
Druid,Feral,Talent,"Predatory Strikes",16972,"Reduces the energy cost of your Cat Form finishing moves by 9.     Your Feral finishing moves have a 20% chance per combo point spent to make your next Nature spell with a base casting time less than 10 sec. become an instant cast spell.",10,0,0,0,0,0,3,9
Druid,Feral,Talent,"Primal Fury",37116,"Gives you a 100% chance to gain an additional 5 Rage anytime you get a critical strike while in Bear and Dire Bear Form.    Your critical strikes from Cat Form abilities that add combo points have a 100% chance to add an additional combo point.",10,0,0,0,0,0,3,9
Druid,Feral,Talent,"Primal Gore",63503,"Grants the periodic damage from your Lacerate and Rip abilities the ability to critically hit.",40,0,0,0,0,0,12,30
Druid,Feral,Talent,"Primal Precision",48409,"Increases your energy regeneration rate by 20%.    Increases your Expertise by 10.    Cat Form finishing moves that fail to land are refunded 80% of the energy cost.  Capstone Bonus: Your Cat Form finishing moves reduce the cooldown of Berserk by 3 sec. and Tiger's Fury by 2 sec.",18,0,0,0,0,0,3,9
Druid,Feral,Talent,"Primal Tenacity",33851,"While in Cat Form the duration of fear effects are reduced by 30% and all damage taken while stunned by 30%.",30,0,0,0,0,0,9,21
Druid,Feral,Talent,"Protector of the Pack",57873,"While in Bear or Dire Bear Form your attack power is increased by 6% and the physical damage you take is reduced by 12%.",34,0,0,26,0,0,9,24
Druid,Feral,Talent,"Rend and Tear",48432,"Increases damage done by your Maul and Shred attacks on bleeding targets by 20%.    Increases the critical strike chance of your Ferocious Bite ability on bleeding targets by 25%.",30,0,0,0,0,0,12,30
Druid,Feral,Talent,"Savage Defense",277401,"Each time you critically strike with melee damage while in Bear Form or Dire Bear Form you have a 100% chance to trigger Savage Defense.    When triggered versus players this effect has 8 sec cooldown and only reduces the damage taken by 1 hit.    Savage Defense Reduces damage from the next 3 physical attacks made against you by an amount equal to 3% of your maximum health plus 8% of your attack power.",10,0,0,0,0,0,0,0
Druid,Feral,Talent,"Savage Fury",16998,"Increases the damage caused by your Claw, Rake, Shred, Mangle (Cat), Mangle (Bear), and Maul abilities by 20%.",10,0,0,0,0,0,0,0
Druid,Feral,Talent,"Sharpened Claws",16942,"Increases your critical strike chance with all spells and abilities while in Bear, Dire Bear or Cat Form by 6%.",16,0,0,0,0,0,3,6
Druid,Feral,Talent,"Shredding Attacks",16966,"Reduces the energy cost of your Shred ability by 18.    Reduces the rage cost of your Lacerate ability by 2.",15,0,0,0,0,0,3,9
Druid,Feral,Talent,"Survival of the Fittest",33853,"While you are in Bear Form:    Increases all attributes by 6%.    Reduces the chance you'll be critically hit by melee attacks by 6%.    Increases your armor contribution from cloth and leather items by 33%.",24,0,0,0,0,0,6,15
Druid,Restoration,Ability,"Abolish Poison",2893,"Attempts to cure 1 poison effect on the target, and 1 more poison effect every 3 seconds for 12 sec.",26,0,0,15,24,0,0,0
Druid,Restoration,Ability,"Cure Poison",8946,"Cures 1 poison effect on the target.",14,0,0,12,12,0,0,0
Druid,Restoration,Ability,"Efflorescence",86382,"Restores health to allies within 15 yards of the initial target every 2 sec and increases the caster's healing on affected targets by 18% for 6 sec.",44,0,0,40,42,0,0,0
Druid,Restoration,Ability,"Flourish",760107,"Heals a friendly target for 198 to 246 and increases all healing done by your Nature healing over time effects on the target by 100% for 4 sec.",32,0,0,9,30,0,0,0
Druid,Restoration,Ability,"Healing Touch",5185,"Heals a friendly target for 21 to 29.",1,0,0,0,0,0,0,0
Druid,Restoration,Ability,"Lifebloom",33763,"Heals the target for 84 over 7 sec.      When Lifebloom completes its duration or is dispelled, the target instantly heals themself for 190 to 191 and the Druid regains half the cost of the spell.      This effect can stack up to 3 times on the target.",36,0,0,10,34,0,0,0
Druid,Restoration,Ability,"Mark of the Wild",1126,"Increases the friendly target's armor by 25 for 30 min.   Does not stack with other similar effects.",1,0,0,4,0,0,0,0
Druid,Restoration,Ability,"Natural Alacrity",17116,"When activated, your next Druid Nature spell with a base casting time less than 10 sec. becomes instant. In addition, the effectiveness of your Nature healing spells are increased by 10% for 20 sec.",22,0,0,32,20,0,6,12
Druid,Restoration,Ability,"Nature Ward",760210,"Absorbs 290 Nature damage.  Lasts 30 sec.  This ability is usable while shapeshifted.",20,0,0,10,18,0,0,0
Druid,Restoration,Ability,"Nourish",50464,"Heals a friendly target for 351 to 415. Heals for an additional 20% if you have a Rejuvenation, Regrowth, Lifebloom, or Wild Growth effect active on the target.",44,0,0,11,42,0,0,0
Druid,Restoration,Ability,"Rebirth",20484,"Returns the spirit to the body, restoring a dead target to life with 400 health and 700 mana.",20,0,0,17,18,0,0,0
Druid,Restoration,Ability,"Regrowth",8936,"Heals a friendly target for 44 to 51 and another 63 over 21 sec.",12,0,0,12,10,0,0,0
Druid,Restoration,Ability,"Rejuvenation",774,"Heals the target for 25 over 15 sec.",1,0,0,1,2,0,0,0
Druid,Restoration,Ability,"Remove Curse",2782,"Dispels 1 Curse from a friendly target.",24,0,0,17,22,0,0,0
Druid,Restoration,Ability,"Revive",50769,"Returns the spirit to the body, restoring a dead target to life with 65 health and 120 mana.  Cannot be cast when in combat.",12,0,0,3,10,0,0,0
Druid,Restoration,Ability,"Swiftmend",18562,"Consumes a Rejuvenation or Regrowth effect on a friendly target to instantly heal them an amount equal to 12 sec. of Rejuvenation or 18 sec. of Regrowth.",30,0,0,0,28,0,9,21
Druid,Restoration,Ability,"Tranquility",740,"Heals all nearby group members for 131 every 2 seconds for 8 sec.  Caster must channel to maintain the spell.",20,0,0,29,18,0,0,0
Druid,Restoration,Ability,"Tree of Life",65139,"Shapeshift into the Tree of Life.   While in this form you increase healing received by 6% for all party and raid members.  Does not stack with similar effects.  Tree of Life reduces the mana cost of your healing over time spells by 20%.   While in this form, you can only cast healing spells in addition to Innervate, Barkskin, Nature's Grasp, Thorns spells, and non-offensive spells usable while shapeshifted.  If your Primary Stat is Spirit, shapeshifting into Tree of Life will free you from all movement impairing effects.",36,0,0,40,34,0,12,27
Druid,Restoration,Ability,"Wild Growth",48438,"Heals up to 5 friendly party or raid members within 15 yards of the target for 126 over 7 sec. The amount healed is applied quickly at first, and slows down as the Wild Growth reaches its full duration.",40,0,0,0,38,0,15,30
Druid,Restoration,Talent,"Empowered Touch",33879,"Your Healing Touch gains an additional 40% and your Nourish and Flourish gain an additional 20% of your bonus healing effects.",24,0,0,0,0,0,6,15
Druid,Restoration,Talent,"Furor",17056,"Increases your Arcane and Nature spell damage done by 6%.     Increases your Stamina in Bear and Dire Bear Form by 9%.     Increases your damage in Cat Form by 6%.",10,0,0,0,0,0,0,0
Druid,Restoration,Talent,"Gift of Nature",17104,"Increases the amount healed by your spells by 10%.    The healing increase does not stack with Spiritual Healing, Purification or Answered Prayers. Only the highest increase applies.",22,0,0,0,0,0,6,12
Druid,Restoration,Talent,"Gift of the Earthmother",51179,"Increases your spell haste by 10%.    Reduces the global cooldown of your Lifebloom spell by 10%.",40,0,0,0,0,0,12,30
Druid,Restoration,Talent,"Improved Barkskin",63410,"Grants 60% additional armor contribution from cloth and leather items while in Travel Form or while not shapeshifted.    Increases the damage reduction granted by your Barkskin spell by 10%.    Reduces the chance your Barkskin is dispelled by 70%.",40,0,0,0,0,0,12,30
Druid,Restoration,Talent,"Improved Mark of the Wild",17050,"Increases all of total attributes by 2%.    Increases the effects of your Mark of the Wild and Gift of the Wild spells by 40%.",10,0,0,0,0,0,0,0
Druid,Restoration,Talent,"Improved Rejuvenation",17111,"Increases the effect of your Rejuvenation spell by 15%.",15,0,0,0,0,0,3,9
Druid,Restoration,Talent,"Improved Tranquility",17123,"Reduces threat caused by Tranquility by 100%, and reduces the cooldown by 60%.",22,0,0,0,0,0,6,12
Druid,Restoration,Talent,"Improved Tree of Life",48535,"Increases your armor contribution from items while in Tree of Life Form by 80%    Increases your healing spell power by 15% of your spirit while in Tree of Life Form.",36,0,0,40,0,0,12,27
Druid,Restoration,Talent,"Intensity",17106,"Allows 25% of your mana regeneration to continue while casting.    Your Enrage ability instantly generate 15 rage and 30% base mana.",16,0,0,0,0,0,3,6
Druid,Restoration,Talent,"Living Seed",48496,"Critical heals from your Druid direct Nature spells or Lesser Healing Wave have a 100% chance to plant a Living Seed on the target, storing 30% of the healing done.    Living Seed will bloom when the target is next hit by a direct spell or attack. Lasts 15 sec.",34,0,0,0,0,0,9,24
Druid,Restoration,Talent,"Living Spirit",34151,"Increases your total Spirit by 15%.  Capstone Bonus: Your Rejuvenation now heals for an additional 50% on targets below 50% health.",30,0,0,0,0,0,9,21
Druid,Restoration,Talent,"Master Shapeshifter",48411,"Grants an effect which lasts while the Druid is within the respective shapeshift form.  Bear Form - Increases physical damage by 4%.  Cat Form - Increases melee critical strike chance by 4%.  Moonkin Form - Increases Arcane and Nature damage by 4%.  Tree of Life Form - Increases healing by 4%.",10,0,0,0,0,0,3,6
Druid,Restoration,Talent,"Natural Perfection",33881,"Your critical strike chance with all spells is increased by 3% and critical strikes against you give you the Natural Perfection effect reducing all damage taken by 4%.  Stacks up to 3 times.  Lasts 8 sec.",30,0,0,0,0,0,9,21
Druid,Restoration,Talent,"Natural Shapeshifter",16833,"Reduces the mana cost of all shapeshifting by 30%.",12,0,0,0,0,0,0,0
Druid,Restoration,Talent,"Naturalist",17069,"Increases Physical damage done by 3%.    Increases critical strike chance of your Healing Touch by 9%.",12,0,0,0,0,0,0,0
Druid,Restoration,Talent,"Nature's Bounty",17074,"Increases the critical effect chance of your Regrowth and Nourish spells by 25%.",24,0,0,0,0,0,6,15
Druid,Restoration,Talent,"Nature's Focus",17063,"Increases your haste by 2%.    Reduces the pushback suffered from damaging attacks while casting any spells by 70%.",10,0,0,0,0,0,0,0
Druid,Restoration,Talent,"Nature's Rejuvenation",33886,"The bonus healing effects of your Nature healing over time spells is increased by 20%.",34,0,0,0,0,0,9,24
Druid,Restoration,Talent,"Omen of Clarity",16864,"Damage, healing and auto attacks have a 6% chance of causing you to enter a Clearcasting state.     The Clearcasting state reduces the Mana, Rage or Energy cost of your next damage, healing spell or offensive ability by 100%. This effect has a 2 second cooldown.",10,0,0,0,0,0,3,6
Druid,Restoration,Talent,"Revitalize",48539,"Your Rejuvenation, Wild Growth and Efflorescence spells have a 15% chance, and your Healing Touch and Regrowth has a 100% chance to restore 8 Energy, 4 Rage and 1% Mana.  Capstone Bonus: Healing a target to full health with Healing Touch will restore 30% of its mana cost.",25,0,0,0,0,0,12,27
Druid,Restoration,Talent,"Subtlety",17118,"Increases your haste by 3%.    Reduces the chance your helpful Druid spells, Moonfire, and Insect Swarm will be dispelled by 30%.    Capstone Bonus: All threat generated is reduced by 30%. This capstone effect does not stack with similar capstone effects.",12,0,0,0,0,0,0,0
Druid,Restoration,Talent,"Tranquil Spirit",24968,"Reduces the mana cost of your Healing Touch, Nourish and Tranquility spells by 15%.",18,0,0,0,0,0,3,9
General,General1,Ability,"'Stealth'",284579,"You turn into a crate, hidden to all but the most observant adventurers, also prevents movement since you have no legs.    This uses crate modifiers. Perfect for board players.",20,0,0,0,0,0,0,0
General,General1,Ability,"Abomination's Limb",288830,"Command your undead pet or summoned ghoul to grip nearby enemy monsters to itself.",60,0,0,0,0,0,0,0
General,General1,Ability,"Absolute Zero",285148,"Unleash Absolute Zero around you, dealing 29 Frost damage every 2 seconds and afflicting enemies with Absolute Zero, reducing their movement speed by 20%. Stacks 5 times and stuns for 3 sec at max stacks.    Scales with Frost Nova modifiers.",10,0,0,0,0,0,0,0
General,General1,Ability,"Abyssal Ward",280785,"This spell belongs to Cultist    Coalesce an Abyssal Ward reducing your damage taken by 50% for 10 sec or 5 attacks. For the duration, each attack received will decrease the value by 10%.    Usable while stunned.",10,0,0,0,0,0,0,0
General,General1,Ability,"Aether Counter",911840,"A strike that becomes active after parrying an opponent's attack. This attack deals 32 Spellstrike damage and immobilizes the target for 5 sec.  This uses Counterattack modifiers. Aether Counter cannot be blocked, dodged, or parried.",22,0,0,6,20,0,0,0
General,General1,Ability,"Aether Mangle",939000,"Mangle the target, inflicting Spellstrike damage and causing the target to take 30% additional damage from bleeds for 1 min.   Does not stack with other similar effects.  This ability can be used in Cat Form or Dire Bear Form. This uses Mangle modifiers.",36,0,0,0,0,0,0,0
General,General1,Ability,"Aether Rake",904120,"Rake the target for 7 Spellstrike damage and an additional 65 Spellstrike damage over 9 sec. Awards 1 combo point.    This uses Rake modifiers.",18,0,0,0,0,0,0,0
General,General1,Ability,"Aether Revenge",910880,"Instantly counterattack an enemy for 58 to 70 Spellstrike damage. Arcane Vengeance is only usable after the warrior blocks, dodges or parries an attack.  This uses Revenge modifiers.",12,0,0,3,10,0,0,0
General,General1,Ability,"Aether Rupture",904960,"Finishing move that causes Spellstrike damage over time. Lasts longer per combo point:     1 point  : 40 Spellstrike damage over 8 sec     2 points: 61 Spellstrike damage over 10 sec     3 points: 87 Spellstrike damage over 12 sec     4 points: 117 Spellstrike damage over 14 sec     5 points: 153 Spellstrike damage over 16 sec    This uses Rupture modifiers.",20,0,0,0,0,0,0,0
General,General1,Ability,"Aether Sever",913297,"A vicious strike that deals 65% weapon damage as Spellstrike plus 36 and wounds the target, reducing the effectiveness of any healing by 50% for 10 sec.  This uses Mortal Strike modifiers. Does not stack with other similar effects.",30,0,0,26,28,0,0,0
General,General1,Ability,"Aether Siphon",913242,"A deadly attack that deals 50% weapon damage as Spellstrike plus 11 and heals you for 5% of your maximum health for each of your diseases on the target.  This uses Death Strike modifiers.",14,0,0,28,12,0,0,0
General,General1,Ability,"Aether Smash",907380,"Blasts nearby enemies dealing 10 Spellstrike damage and increasing the time between their attacks by 10% for 10 sec. This ability causes additional threat.    This uses Thunder Clap modifiers.",1,0,0,0,0,0,0,0
General,General1,Ability,"Aether Spree",913465,"Step through the shadows from enemy to enemy within 10 yards, attacking an enemy for 85% weapon damage as Spellstrike every 0.5 sec with both weapons until 5 assaults are made. Can hit the same target multiple times. Cannot hit invisible or stealthed targets.  This uses Killing Spree modifiers.",40,0,0,40,38,0,0,0
General,General1,Ability,"Aether Strike",903000,"An instant arcane-infused strike that causes 3 Spellstrike damage in addition to 65% of your normal weapon damage (55% if a two-handed weapon is equipped). Awards 1 combo point.    This uses Sinister Strike modifiers.",1,0,0,0,0,0,0,0
General,General1,Ability,"Aetherpierce",913402,"Pierce the target, causing 100% weapon damage as Spellstrike plus 7 to the target. Must be behind the target. Requires a dagger in the main hand. Awards 1 combo point.  This uses Backstab modifiers.",1,0,0,0,0,0,0,0
General,General1,Ability,"Aethershred",904240,"Shred the target, causing 145% weapon damage plus 15 as Spellstrike damage to the target. Must be behind the target. Awards 1 combo point. Effects which increase bleed damage also increase Aethershred damage.    This uses Shred modifiers.",10,0,0,0,0,0,0,0
General,General1,Ability,"Aethersinger Shot",910760,"You attempt to finish the wounded target off, firing a ranged attack dealing 150% weapon damage plus 48 Spellstrike damage. Aethersinger Shot can only be used on enemies that have 20% or less health.  This uses Kill Shot modifiers.",32,0,0,9,30,0,0,0
General,General1,Ability,"Air Strike",289365,"This spell belongs to Tinker    Mark the target location for an Air Strike. After 7 sec, it deals 221 Fire damage to enemies caught within the blast.    This ability always critically strikes.",40,0,0,0,0,0,0,0
General,General1,Ability,"Align",276343,"Heals your target for 64 and applies Aligned for 8 sec. Aligning Time-bound allies causes additional Temporal Distortion.  Casting Align consumes 5 energy, if Temporal Distortion or Eternity is known.  This uses Moonfire modifiers.",10,0,0,0,0,0,0,0
General,General1,Ability,"Amphibimorph",280140,"This spell belongs to Witch Doctor    Transform enemies at target location into a frog, making them unable to attack or cast spells, and slowing their movement speed by 25% for 40 sec. While transformed into a frog the enemy is considered a Beast.    Damage caused may interrupt the effect.",10,0,0,0,0,0,0,0
General,General1,Ability,"Ancient Curse",289120,"This spell belongs to Cultist    Curse an enemy, dealing 140 Shadow damage and increasing all Shadow damage they take from you by 10% for 10 sec.",25,0,0,0,0,0,0,0
General,General1,Ability,"Ancient of Lore",281260,"This spell belongs to Primalist    Funnel nature's energies into yourself, transforming into an Ancient of Lore for 20 sec.    While active, your stats are increased by 10% and nearby party members have their costs reduced by 30%.    While transformed, your movement speed is reduced by 50%.    Applies |CffffffffAncient Weariness|r to nearby party members, preventing them from benefiting from another Ancient form for 10 min.",40,0,0,0,0,0,0,0
General,General1,Ability,"Ancient of War",281261,"This spell belongs to Primalist    Funnel nature's fury into yourself, transforming into an Ancient of War for 20 sec.    While active, nearby party members have their critical strike chance increased by 20%.    While transformed, your movement speed is reduced by 50%.    Applies |CffffffffAncient Weariness|r to nearby party members, preventing them from benefiting from another Ancient form for 10 min.",40,0,0,0,0,0,0,0
General,General1,Ability,"Apotheosis",280365,"This spell belongs to Bloodmage    Enter a blood trance for 10 sec, healing for 100% of all damage dealt.    While active, you suffer 10% of your maximum health as damage every sec.",10,0,0,0,0,0,0,0
General,General1,Ability,"Arcane Bullet",904720,"An aimed shot that deals 100% weapon damage plus 12 as Spellstrike damage and reduces healing done to that target by 50%. Lasts 10 sec.   Does not stack with other similar effects.  This uses Aimed Shot modifiers.",16,0,0,0,0,0,0,0
General,General1,Ability,"Arcane Execution",913110,"Attempt to finish off a wounded foe, causing 65% of 65 Spellstrike damage and converting each extra point of rage into 65% of 2 additional Spellstrike damage (up to a maximum cost of 30 rage). Only usable on enemies that have less than 20% health.  This uses Execute modifiers.",16,0,0,4,14,0,0,0
General,General1,Ability,"Arcane Finish",904840,"Finishing move that causes Spellstrike damage per combo point:     1 point  : 5-7 Spellstrike damage     2 points: 9-11 Spellstrike damage     3 points: 14-16 Spellstrike damage     4 points: 19-21 Spellstrike damage     5 points: 24-26 Spellstrike damage    This uses Eviscerate modifiers.",1,0,0,0,0,0,0,0
General,General1,Ability,"Arcane Slam",903100,"Slams the opponent with arcane force, causing 65% weapon damage plus 6 Spellstrike damage.    This uses Slam modifiers.",1,0,0,0,0,0,0,0
General,General1,Ability,"Arcane Slash",907140,"A strong attack that increases melee damage by 11 as Spellstrike damage and causes a high amount of threat.    This uses Heroic Strike modifiers.",1,0,0,0,0,0,0,0
General,General1,Ability,"Arcane Swipe (Bear)",912081,"Swipe nearby enemies, inflicting 12 Spellstrike damage plus 1 Spellstrike damage.  This uses Swipe modifiers.",1,0,0,4,0,0,0,0
General,General1,Ability,"Arcane Swipe (Cat)",912080,"Swipe nearby enemies, inflicting 90% weapon damage as Spellstrike.  This uses Swipe modifiers.",1,0,0,4,4,0,0,0
General,General1,Ability,"Arcanist's Explosion",284697,"Causes an explosion of arcane magic around the caster, causing 68 Arcane damage to all targets within 15 yards.    This uses Arcane Explosion modifiers.",12,0,0,0,0,0,0,0
General,General1,Ability,"Arctis",276743,"Unleash frostfire that deals 110 Frostfire damage and an additional 41 Frostfire damage over 12 seconds.    This deals 20% less damage than Pyroblast and uses Pyroblast modifiers.",16,0,0,0,0,0,0,0
General,General1,Ability,"Arrow of the Goddess",280640,"This spell belongs to Starcaller    Fire a star-infused arrow in a line, dealing 250% Ranged Weapon Damage as Arcane to enemies struck.",25,0,0,0,0,0,0,0
General,General1,Ability,"Arrows of Fire",281674,"Your ranged attacks also fire Arrows of Fire and consume 2% of your maximum mana.    Arrows of Fire Deals 4 Fire damage every second for 5 sec. Stacks up to 5.",10,0,0,0,0,0,0,0
General,General1,Ability,"Arrows of Frost",281667,"Your ranged attacks now shoot Arrows of Frost and consume 2% of your maximum mana.    Arrows of Frost Deals 6 Frost damage and slows enemy movement speed by 6%. Stacks up to 5 and lasts 4 sec.",10,0,0,0,0,0,0,0
General,General1,Ability,"Arterial Bind",280850,"This spell belongs to Bloodmage    Place a pool of blood on the ground beneath enemies and allies, healing allies for 100 every 1 sec and silencing all enemies for 4 sec.",25,0,0,0,0,0,0,0
General,General1,Ability,"Astral Flare",274977,"Deals 90 to 110 Spellfire damage to the target.    This uses Starfire modifiers.",20,0,0,0,0,0,0,0
General,General1,Ability,"Astral Plasma",274986,"Deals 147 to 177 Spellfire damage to the target.    This uses Starsurge modifiers.",28,0,0,0,0,0,0,0
General,General1,Ability,"Astral Reconstitution",280225,"This spell belongs to Starcaller    Surround yourself with lunar light, causing 30% of damage taken to be converted into mana. Holds 5 charges. Lasts 20 sec.",25,0,0,0,0,0,0,0
General,General1,Ability,"Astral Storm",271626,"You call down spiritual ancestors, dealing 438 to 500 Spellstorm damage to the target. Castable while moving.    This uses Thunderstorm modifiers.",40,0,0,0,0,0,0,0
General,General1,Ability,"Atal'ai Totem",282905,"Summons an Atal'ai Totem with 5 health at your feet for 1.25 min that repeatedly attacks an enemy within 20 yards, dealing 11 to 14 Nature damage.    This ability is usable while shapeshifted.  This uses Searing Totem modifiers and benefits from the Call of Flame talent.",10,0,0,0,0,0,0,0
General,General1,Ability,"Backtrack",280080,"This spell belongs to Chronomancer    Marks an enemy's location, yanking them back to the location after 3.50 sec.",24,0,0,0,0,0,0,0
General,General1,Ability,"Battle Charge",270697,"Battle charge the enemy, dealing 70% weapon damage and generating 9 rage.    This ability is usable while shapeshifted.    This uses Charge modifiers. Usable in melee range.",10,0,0,0,0,0,0,0
General,General1,Ability,"Beacon of Shadow",276960,"Requires  Path of Healing  Dealing damage with Mind Flay or healing another target with Shadow Mend now triggers a 211 heal on your Beacon of Shadow ally.    Only one target can be the Beacon of Shadow at a time. Cannot be cast on self. Lasts 30 min.",40,0,0,0,0,0,0,0
General,General1,Ability,"Beacon of Virtue",277680,"Applies Beacon of Virtue to your target and 4 injured allies within 60 yds for 10 sec.    While active, your Holy heals with a cast time will also heal those affected by your Beacon of Virtue for 25% of the original amount    This has reduced global cooldown.",30,0,0,0,0,0,0,0
General,General1,Ability,"Beam of Hatred",278000,"Deals 36 Shadowflame damage every 0.5 sec over 5 sec.    Casting Soul Fire reduces its cooldown by 2 second.",28,0,0,0,0,0,0,0
General,General1,Ability,"Big Game Shot",284517,"Fires an opening shot dealing 263% weapon damage plus 2. Only usable on enemies above 80% health.    Big Game Shot increases the damage of your next Hunter Trap by 100%.    Scales with Aimed Shot modifiers.",16,0,0,0,0,0,0,0
General,General1,Ability,"Black Widow Strike",286387,"A poisonous strike dealing 34 Physical damage and an additional 6 Plague damage every 3 seconds for 15 sec.     This uses Black Arrow modifiers.",36,0,0,0,0,0,0,0
General,General1,Ability,"Blades of Flame",913432,"Instantly Whirlwind up to 4 nearby targets for 65% weapon damage as Firestrike and for the next 6 sec you will perform a whirlwind attack every 1 sec. While under the effects of Blades of Flame, you can move but cannot perform any other abilities and you cannot be stopped unless disarmed or killed.  This uses Bladestorm modifiers.",40,0,0,40,38,0,0,0
General,General1,Ability,"Blades of Frost",913435,"Instantly Whirlwind up to 4 nearby targets for 65% weapon damage as Froststrike and for the next 6 sec you will perform a whirlwind attack every 1 sec. While under the effects of Blades of Frost, you can move but cannot perform any other abilities and you cannot be stopped unless disarmed or killed.  This uses Bladestorm modifiers.",40,0,0,40,38,0,0,0
General,General1,Ability,"Blades of Light",913444,"Instantly Whirlwind up to 4 nearby targets for 65% weapon damage as Holystrike and for the next 6 sec you will perform a whirlwind attack every 1 sec. While under the effects of Blades of Light, you can move but cannot perform any other abilities and you cannot be stopped unless disarmed or killed.  This uses Bladestorm modifiers.",40,0,0,40,38,0,0,0
General,General1,Ability,"Blades of Lightning",913438,"Instantly Whirlwind up to 4 nearby targets for 65% weapon damage as Stormstrike and for the next 6 sec you will perform a whirlwind attack every 1 sec. While under the effects of Blades of Lightning, you can move but cannot perform any other abilities and you cannot be stopped unless disarmed or killed.  This uses Bladestorm modifiers.",40,0,0,40,38,0,0,0
General,General1,Ability,"Blades of Magic",913447,"Instantly Whirlwind up to 4 nearby targets for 65% weapon damage as Spellstrike and for the next 6 sec you will perform a whirlwind attack every 1 sec. While under the effects of Blades of Magic, you can move but cannot perform any other abilities and you cannot be stopped unless disarmed or killed.  This uses Bladestorm modifiers.",40,0,0,40,38,0,0,0
General,General1,Ability,"Blades of Shadow",913441,"Instantly Whirlwind up to 4 nearby targets for 65% weapon damage as Shadowstrike and for the next 6 sec you will perform a whirlwind attack every 1 sec. While under the effects of Blades of Shadow, you can move but cannot perform any other abilities and you cannot be stopped unless disarmed or killed.  This uses Bladestorm modifiers.",40,0,0,40,38,0,0,0
General,General1,Ability,"Blazing Barrier",283392,"Instantly shields you, absorbing 347 damage and making you immune to pushback. Lasts 20 sec. If the shield breaks, a Blast Nova slows enemies for 3 sec.",40,0,0,0,0,0,0,0
General,General1,Ability,"Blazing Bloodstrike",913120,"Instantly strike the enemy, causing 25% weapon damage as Firestrike plus 8, total damage increased by 12.5% for each of your diseases on the target.  This uses Blood Strike modifiers.",1,0,0,0,0,0,0,0
General,General1,Ability,"Blazing Finish",904900,"Finishing move that causes Firestrike damage per combo point:     1 point  : 5-7 Firestrike damage     2 points: 9-11 Firestrike damage     3 points: 14-16 Firestrike damage     4 points: 19-21 Firestrike damage     5 points: 24-26 Firestrike damage    This uses Eviscerate modifiers.",1,0,0,0,0,0,0,0
General,General1,Ability,"Blazing Flourish",280925,"This spell belongs to Witch Hunter    Perform an advanced flourish every 4 sec for 20 sec, dealing 81 Fire damage to nearby enemies.",10,0,0,0,0,0,0,0
General,General1,Ability,"Blazing Multi-Shot",910540,"Fires several missiles, hitting 3 targets for 65% weapon damage as Firestrike.  This uses Multi-Shot modifiers.",18,0,0,5,16,0,0,0
General,General1,Ability,"Blazing Shield Slam",910900,"Slam the target with your shield, causing 191 to 199 Firestrike damage, modified by your shield block value, and dispels 1 magic effect on the target. Causes a high amount of threat.  This uses Shield Slam modifiers.",40,0,0,11,38,0,0,0
General,General1,Ability,"Blind Revenge",276394,"A finishing move that deals damage to the target and two additional enemies.        1 point  : 11-17 damage     2 points: 19-25 damage     3 points: 27-33 damage     4 points: 36-42 damage     5 points: 44-50 damage    This uses Revenge modifiers.",12,0,0,0,0,0,0,0
General,General1,Ability,"Blood Arrow",276810,"A magical attack that deals 100% ranged weapon damage as Shadow and deals 10 damage every 1 sec and heals you for 10% of the damage for 5 sec.    This uses Drain Life modifiers.",10,0,0,0,0,0,0,0
General,General1,Ability,"Bloom",273348,"Heals all allies within 40 yards affected by your Seed of Life, consuming Seed of Life in the process.",10,0,0,0,0,0,0,0
General,General1,Ability,"Blooming Shot",276884,"Launches a blooming shot that deals 10 Spellstorm damage to enemies, heals 5 allies for 9.    Requires 20 sec seconds to fully bloom another shot after firing, which increases its healing and damage by 400% and reduces its mana cost by 40%. Casting Hunter Shot reduces this time by 4 sec.     This uses Arcane Shot modifiers.",10,0,0,0,0,0,0,0
General,General1,Ability,"Blurred Blade",277020,"Requires  Duelist's Glove  A Duelist's Glove is an off-hand item that enables Swashbuckling. It is granted whenever you learn a talent or ability that requires it. Requires a one-handed weapon and does not work while shapeshifted.    While active, your parries cause an immediate follow-up attack.    Finishing move that increases melee attack speed by 10% and decreases all damage taken by 4%. Lasts longer per combo point:     1 point  : 9 seconds     2 points: 12 seconds     3 points: 15 seconds     4 points: 18 seconds     5 points: 21 seconds    Uses Slice and Dice modifiers.",10,0,0,0,0,0,0,0
General,General1,Ability,"Boltripper",904100,"Finishing move that causes Stormstrike damage over time.  Damage increases per combo point:     1 point  : 16 Stormstrike damage over 12 sec     2 points: 26 Stormstrike damage over 12 sec     3 points: 36 Stormstrike damage over 12 sec     4 points: 46 Stormstrike damage over 12 sec     5 points: 56 Stormstrike damage over 12 sec    This uses Rip modifiers.",1,0,0,0,0,0,0,0
General,General1,Ability,"Boltsinger Shot",910700,"You attempt to finish the wounded target off, firing a ranged attack dealing 150% weapon damage plus 48 Stormstrike damage. Boltsinger Shot can only be used on enemies that have 20% or less health.  This uses Kill Shot modifiers.",32,0,0,9,30,0,0,0
General,General1,Ability,"Bomb Toss",281270,"This spell belongs to Tinker    Lob a bomb at an enemy, dealing 46 Fire damage and reducing their armor by 5% for 15 sec, stacking 4 times.",10,0,0,0,0,0,0,0
General,General1,Ability,"Bonds of Justice",280100,"This spell belongs to Starcaller  Send forth bonds of justice to an enemy, tethering them to you for 8 sec.  If the tether is broken through expiration or the target runs at least 10 yds from you, they are gripped back towards you, taking 33 Arcane damage.",25,0,0,0,0,0,0,0
General,General1,Ability,"Bone Arrow",284879,"Fire a bone arrow that deals 32 Physical damage and causes the target to bleed for 11 damage every 3 seconds with a chance to trigger your Rapid Killing talent. Lasts for 21 sec.    Max 2 charges. 30 second recharge timer. Hunter ranged and melee ability casts have a chance to restore a charge.    Rapid Killing can only trigger this way once every 6 sec.",10,0,0,0,0,0,0,0
General,General1,Ability,"Bone Spear",284890,"Throw a Bone Spear that pierces through armor and resistances, dealing 9 Shadow damage and an additional 10 damage every 3 over 9 seconds.",10,0,0,0,0,0,0,0
General,General1,Ability,"Bone Toss",284920,"Throw a bone that bounces to 2 nearby enemies, dealing 14 Shadow damage. This ability causes high threat.",10,0,0,0,0,0,0,0
General,General1,Ability,"Boulder Dash",281160,"This spell belongs to Primalist    Raise a boulder out of the ground and encase yourself within it, preventing you from attacking or casting spells.  For 10 sec, you roll forward at 70% increased movement speed, dealing 8 Physical damage to enemies you roll over, and you are immune to crowd control effects.",10,0,0,0,0,0,0,0
General,General1,Ability,"Breath of Neltharion",280595,"This spell belongs to Pyromancer    Breathe superheated flames in a cone in front of you, melting the weapons of affected enemies and disarming their melee and ranged weapons for 6 sec.",25,0,0,0,0,0,0,0
General,General1,Ability,"Breath of Sindragosa",288819,"Targets in a cone in front of the caster take 362 Frost damage every second for 5 seconds.    Castable while moving but reduces your movement speed by 70%.",60,0,0,0,0,0,0,0
General,General1,Ability,"Brilliant Bloodstrike",913168,"Instantly strike the enemy, causing 25% weapon damage as Holystrike plus 8, total damage increased by 12.5% for each of your diseases on the target.  This uses Blood Strike modifiers.",1,0,0,0,0,0,0,0
General,General1,Ability,"Brilliant Slam",907906,"Slams the opponent with holy force, causing 65% weapon damage plus 6 Holystrike damage.    This uses Slam modifiers.",1,0,0,0,0,0,0,0
General,General1,Ability,"Build: Firepot Drone",289190,"This spell belongs to Tinker    3 Charges, 10 sec recharge  Build a Firepot Drone that flies towards your target, dropping a bomb along its path and exploding upon landing, dealing 12 Fire damage in a 5 yd radius, leaving oil on the ground for 6 sec that slows enemies within by 30%.",10,0,0,0,0,0,0,0
General,General1,Ability,"Build: Noise Box",280310,"This spell belongs to Tinker    Build a Noise Box for 15 sec that periodically unleashes screeching noise on nearby enemies, interrupting spellcasts and preventing spells of that school from being cast for 3 sec.",10,0,0,0,0,0,0,0
General,General1,Ability,"Build: Oil-Spill Pylon",289010,"This spell belongs to Tinker    Build an Oil-Spill Pylon at target location for 10 sec, spilling oil in an 8 yd radius that reduces enemies movement speed by 60% and increases their Fire damage taken by you by 5%.",25,0,0,0,0,0,0,0
General,General1,Ability,"Build: Repulsion Unit",280300,"This spell belongs to Tinker    Build a Repulsion Unit that periodically knocks back enemies within 6 yds every 5 sec for 20 sec.",10,0,0,0,0,0,0,0
General,General1,Ability,"Build: Spider Bomb Factory",289200,"This spell belongs to Tinker    Build a Spider Bomb Factory in front of you for 20 sec.    For the duration, using damaging spells and abilities will summon 2 Spider Bombs that immediately run towards your target and detonate, dealing Fire damage.    This can not occur more than once every 4 seconds.",40,0,0,0,0,0,0,0
General,General1,Ability,"Build: Spider Bomb",289180,"This spell belongs to Tinker    Build a Spider Bomb that will immediately run towards your target and detonate, dealing 63 Fire damage in an 8 yd radius.",10,0,0,0,0,0,0,0
General,General1,Ability,"Bulwark",275166,"Raise a mighty bulwark for 6 sec, granting 60% block chance and causing you to deal Physical damage to enemies in front of you every second, modified by your shield block value. Movement speed reduced by 25%.  Bulwark's damage scales from Shield Slam modifiers.",10,0,0,0,0,0,0,0
General,General1,Ability,"Burning Execution",913060,"Attempt to finish off a wounded foe, causing 65% of 65 Firestrike damage and converting each extra point of rage into 65% of 2 additional Firestrike damage (up to a maximum cost of 30 rage). Only usable on enemies that have less than 20% health.  This uses Execute modifiers.",16,0,0,4,14,0,0,0
General,General1,Ability,"Burning Slam",903120,"Slams the opponent with fire force, causing 65% weapon damage plus 6 Firestrike damage.    This uses Slam modifiers.",1,0,0,0,0,0,0,0
General,General1,Ability,"Burst of Thorns",282195,"Thorns emerge from your ally's armor for 15 sec, damaging nearby enemies and granting Thornscale when struck.    This ability is usable while shapeshifted.    Thornscale can only occur once every 8 sec, and the damage effect can only occur once every 1 sec.      Thornscale Increases armor by 22 and increases mana regeneration by 2. Lasts 5 sec.",10,0,0,0,0,0,0,0
General,General1,Ability,"Bushcraft",280984,"This spell belongs to Ranger    Gain the ability to craft Crude Leather from the Leather obtained from Skinning, gives you a chance to find it when Skinning beasts, and increases your Skinning speed.    Allows you to craft items that require Crude Leather.",8,0,0,0,0,0,0,0
General,General1,Ability,"Buy Time",280840,"This spell belongs to Chronomancer    Put all enemies and allies in an 8 yd radius in target area into a stasis, banishing them for 6 sec, making them invulnerable to all effects but unable to move.",30,0,0,0,0,0,0,0
General,General1,Ability,"Call Fungarians",281618,"Summons 3 Fungarians to assault enemies for 30 sec, emitting a Cloud of Rot that suffocates nearby enemies.    Cannot be used while having an active pet.    This uses Force of Nature modifiers.    Cloud of Rot Inflicts 11 Nature damage to nearby enemies every 2 sec for 30 sec.",50,0,0,0,0,0,0,0
General,General1,Ability,"Caltrops",280745,"This spell belongs to Witch Hunter    Throw caltrops over a 5 yd area, lasting for 12 sec.    Enemies that walk over the caltrops suffer 14 Physical damage and 50% reduced movement speed for 2 sec.",25,0,0,0,0,0,0,0
General,General1,Ability,"Carnage Incarnate",276203,"Encases you in blood and bones. Healing you for 18 and dealing 18 to 27 damage to nearby enemies every second.    Lasts for 5 sec. Duration is doubled in Bear Form.    Damage is split among targets hit.",10,0,0,0,0,0,0,0
General,General1,Ability,"Carnage Rend",276204,"Wounds the target causing them to bleed for 9 every 3 over 15 sec.    This uses Rend modifiers.",10,0,0,0,0,0,0,0
General,General1,Ability,"Carrion Swarm",282993,"Deals 6 Shadow damage to enemies in a cone in front of you and reduces their healing received by 25% for 10 sec.    This ability is usable while shapeshifted.",10,0,0,0,0,0,0,0
General,General1,Ability,"Cat-a-clysm",274356,"Deals 41 Fire damage to 6 enemies within 8 yards, increasing your Fire damage dealt to them by 20% for 10 sec.",10,0,0,0,0,0,0,0
General,General1,Ability,"Cauterize",280330,"This spell belongs to Pyromancer    Cauterize an ally's wound, removing 1 bleed effect from them.",24,0,0,0,0,0,0,0
General,General1,Ability,"Cauterizing Fire",271205,"Requires  Path of Healing  Hurls a fiery ball that deals 14 to 22 Fire damage and an additional 2 Fire damage over 8 sec to enemies or 21 to 27 Radiant healing and an additional 4 Radiant healing over 8 sec to allies.    This uses Fireball modifiers. Immunity spells prevent this healing, and this effect does not benefit from range-increasing effects.",1,0,0,0,0,0,0,0
General,General1,Ability,"Cavalry Charge",280255,"This spell belongs to Guardian    Increases mounted movement speed of all party and raid members within 40 yds by 50% and makes them immune to movement impairing effects for 10 sec.   Can be used while mounted. Does not stack with other similar effects.",10,0,0,0,0,0,0,0
General,General1,Ability,"Champion of the Sun",280375,"This spell belongs to Sun Cleric    Become a champion of An'she, causing your melee auto attacks to deal an additional 50% of the damage dealt as Holy damage. Lasts 20 sec.",25,0,0,0,0,0,0,0
General,General1,Ability,"Champion's Spear",291180,"Throw a spear at the target location, dealing 150% weapon damage and rooting enemies hit for 4 sec, then dealing 50% weapon damage every second for 8 sec.",40,0,0,0,0,0,0,0
General,General1,Ability,"Chaos Rush",280350,"This spell belongs to Felsworn    2 Charges, 10 sec recharge  Engulf yourself in fel energy and dash forward in the direction you are running.",30,0,0,0,0,0,0,0
General,General1,Ability,"Charred Bite",274359,"Finishing move that deals Firestrike damage per combo point and converts each extra point of energy (up to a maximum of 30 extra energy) into 0.7 additional damage:      1 point  : 13-16 damage      2 points: 21-24 damage      3 points: 30-33 damage      4 points: 38-41 damage      5 points: 47-50 damage    This uses Ferocious Bite modifiers.",10,0,0,0,0,0,0,0
General,General1,Ability,"Chosen of Elune",278075,"Requires  Eclipse (Rank 1)    Reduces the cooldown of Starsurge and Eclipse Blast by 60% for 15 sec and activates both Lunar Eclipse and Solar Eclipse.     This does not incur any cooldown on the Eclipse effects.",35,0,0,0,0,0,0,0
General,General1,Ability,"Cinder Rupture",907020,"Finishing move that causes Firestrike damage over time. Lasts longer per combo point:     1 point  : 40 Firestrike damage over 8 sec     2 points: 61 Firestrike damage over 10 sec     3 points: 87 Firestrike damage over 12 sec     4 points: 117 Firestrike damage over 14 sec     5 points: 153 Firestrike damage over 16 sec    This uses Rupture modifiers.",20,0,0,0,0,0,0,0
General,General1,Ability,"Cinder Strike",903024,"An instant fire-infused strike that causes 3 Firestrike damage in addition to 65% of your normal weapon damage (55% if a two-handed weapon is equipped). Awards 1 combo point.    This uses Sinister Strike modifiers.",1,0,0,0,0,0,0,0
General,General1,Ability,"Circle of Fire",280390,"This spell belongs to Pyromancer    Creates a circle of fire at the target location for 10 sec, dealing 18 Fire damage and incapacitating all enemies inside for 6 sec.    Entering the circle also damages and disorients enemies.",10,0,0,0,0,0,0,0
General,General1,Ability,"Circle of Life",271484,"Create an empowered Halo, forming a potent ring of Holy energy around you that rapidly expands, healing 10 party and raid members within 30 yards for 141 to 163. Heals with greater effect the closer the target is.     This uses Halo modifiers.",36,0,0,0,0,0,0,0
General,General1,Ability,"Circle of Valor",280905,"This spell belongs to Sun Cleric    Place a 10 yd holy circle at target location for 15 sec. Allies that stand inside of it will divert 30% of all damage taken to the caster, and will be healed for 52 every 1.50 sec.    Damage which reduces the caster below 10% maximum health will break the effect.",30,0,0,0,0,0,0,0
General,General1,Ability,"Clasp of Infinity",280385,"This spell belongs to Chronomancer    Conjure a magical binding upon an enemy that bounces to nearby enemies, rooting them in place for 4 sec.",10,0,0,0,0,0,0,0
General,General1,Ability,"Cleric's Light",285309,"Emits sanctified light in all directions, healing 5 allies within 30 yards for 42.    Does not heal self.",36,0,0,0,0,0,0,0
General,General1,Ability,"Cold Sever",913261,"A vicious strike that deals 65% weapon damage as Froststrike plus 36 and wounds the target, reducing the effectiveness of any healing by 50% for 10 sec.  This uses Mortal Strike modifiers. Does not stack with other similar effects.",30,0,0,26,28,0,0,0
General,General1,Ability,"Compound Shot",275320,"Finishing move that reduces healing done to that target by 40% for 6 seconds and deals ranged weapon damage:     1 point  : 115% weapon damage plus 31     2 points: 155% weapon damage plus 35     3 points: 195% weapon damage plus 39     4 points: 235% weapon damage plus 43     5 points: 275% weapon damage plus 47    This ability can be recast within 6 seconds to fire a Combo Shot.      Combo Shot 60 Energy Combo Shot harnesses the damage dealt by your Compound Shot to pierce through enemies causing them to bleed over 15 seconds.  This uses Aimed Shot modifiers.",20,0,0,0,0,0,0,0
General,General1,Ability,"Conduit",278408,"Consume your Lightning Shield to create a charged zone around you, dealing 13 Nature damage every 1 sec. Lasts 2 sec plus one second for every Lightning Shield charge consumed.    This uses Lightning Shield modifiers. Usable in Bear Form. This does not trigger any other effects.",10,0,0,0,0,0,0,0
General,General1,Ability,"Consecrated Weapon",200809,"Imbue your weapon with holy, increasing Holy Spell power by 11 and your attack power by 19 Each auto attack and melee ability causes 5.3 to 16.4 additional Holy damage, based on the speed of the weapon. Slower weapons cause more Holy damage per swing. This effect lasts for 2 hours.",15,0,0,0,0,0,0,0
General,General1,Ability,"Controlled Blast",283714,"A wave of flame radiates outward from the caster, damaging all enemies caught within the blast for 177 to 214 Fire damage and dazing them for 10 sec.    This uses Blast Wave modifiers.",30,0,0,0,0,0,0,0
General,General1,Ability,"Corrupt Mind",289473,"This spell belongs to Cultist    Corrupt the mind of an enemy and spread madness, fearing them in place for 40 sec (8 sec vs players), bouncing to up to 2 nearby enemies and applying Mind Rot to them.    Damage dealt may end this effect.   Mind Rot Increases the chance for spells to hit this target by 3%. If dispelled, the caster gains 30% spell critical strike chance for 5 sec.",10,0,0,0,0,0,0,0
General,General1,Ability,"Cremation",278067,"Consumes Fireball, Pyroblast, Living Bomb, or Searing Brand, dealing seven times the total remaining periodic damage and an additional 35 to 37 Fire damage over 10 seconds.    Can only consume the spells specified above.",10,0,0,0,0,0,0,0
General,General1,Ability,"Crippling Shot",289325,"This spell belongs to Ranger    Fire a crippling shot at an enemy slowing movement speed by 50% and knocking them off their mounts, making them unable to mount again for 5 sec.",10,0,0,0,0,0,0,0
General,General1,Ability,"Crusade Against all Evil",278410,"Force the ground to shatter in holy energy in a line in front of you, dealing 2 Holy damage every 1 sec for 4 sec.    Applies Sunder Armor to all targets hit.      Sunder Armor Sunders the target's armor, reducing it by 4%. Stacks up to 5 times and lasts for 30 sec. Does not stack with other similar effects.",20,0,0,0,0,0,0,0
General,General1,Ability,"Crusader's Hammer",286212,"Slams the ground with a holy hammer, stunning all enemies within 20 yards for 4 sec.  Uses Hammer of Justice modifiers.",10,0,0,0,0,0,0,0
General,General1,Ability,"Crushing Dissonance",280105,"This spell belongs to Cultist    Unleash a wave of maddening resonance, interrupting the current spell cast of all enemies around you and preventing any spell in that school from being cast for 2 sec.",10,0,0,0,0,0,0,0
General,General1,Ability,"Curse of the Swamp Witch",285641,"Deals 117 Plague damage every 2 sec and slows the target's movement speed by 35% for 10 sec.  This uses Curse of Exhaustion modifiers.",36,0,0,0,0,0,0,0
General,General1,Ability,"Cursed Effigy",280915,"This spell belongs to Witch Doctor    Drop a Cursed Effigy near you for 15 sec.    Enemies within 15 yds are unable to critically strike.",25,0,0,0,0,0,0,0
General,General1,Ability,"Daring Escape",289263,"This spell belongs to Witch Hunter    Jump backwards, causing all ranged attacks to miss you for 2 sec.",25,0,0,0,0,0,0,0
General,General1,Ability,"Dark Domination",285158,"Increases the damage of your Demon Pet by 30% and Wild Imps by 15% and causes them to regenerate 100 mana and 100 health every 2 seconds for 15 sec.    This uses Fel Domination modifiers.",30,0,0,0,0,0,0,0
General,General1,Ability,"Dark Iron Land Mine",282942,"Places a Dark Iron Land Mine on the ground. The next hostile creature to pass near the mine causes it to explode. Mines are unstable and only last 30 sec.       Detonation Deals 59 to 66 Fire damage to nearby enemies, and knocks them up.",34,0,0,0,0,0,0,0
General,General1,Ability,"Dark Tonic",289270,"This spell belongs to Witch Hunter    Drink a dark tonic, healing you for 124, scaling with your Stamina, and increasing your maximum health by 15% for 15 sec.    Shares a cooldown with other Tonics.",20,0,0,0,0,0,0,0
General,General1,Ability,"Dark Transfusion",274210,"Requires  Path of Healing  Restores 10 energy and awards 1 combo point if an enemy is within 30 yards.    Causes an explosion of holy light, dealing 34 Holy damage to enemies within 10 yards and healing up to 6 allies within 30 yards for 68.    Max 3 charges. 10 second recharge timer.    This uses Holy Nova modifiers.",14,0,0,0,0,0,0,0
General,General1,Ability,"Dawn Counter",911820,"A strike that becomes active after parrying an opponent's attack. This attack deals 32 Holystrike damage and immobilizes the target for 5 sec.  This uses Counterattack modifiers. Dawn Counter cannot be blocked, dodged, or parried.",22,0,0,6,20,0,0,0
General,General1,Ability,"Dawn Mangle",939120,"Mangle the target, inflicting Holystrike damage and causing the target to take 30% additional damage from bleeds for 1 min.   Does not stack with other similar effects.  This ability can be used in Cat Form or Dire Bear Form. This uses Mangle modifiers.",36,0,0,0,0,0,0,0
General,General1,Ability,"Dawn Rake",904160,"Rake the target for 7 Holystrike damage and an additional 65 Holystrike damage over 9 sec. Awards 1 combo point.    This uses Rake modifiers.",18,0,0,0,0,0,0,0
General,General1,Ability,"Dawn Revenge",910860,"Instantly counterattack an enemy for 58 to 70 Holystrike damage. Righteous Vengeance is only usable after the warrior blocks, dodges or parries an attack.  This uses Revenge modifiers.",12,0,0,3,10,0,0,0
General,General1,Ability,"Dawn Rupture",907000,"Finishing move that causes Holystrike damage over time. Lasts longer per combo point:     1 point  : 40 Holystrike damage over 8 sec     2 points: 61 Holystrike damage over 10 sec     3 points: 87 Holystrike damage over 12 sec     4 points: 117 Holystrike damage over 14 sec     5 points: 153 Holystrike damage over 16 sec    This uses Rupture modifiers.",20,0,0,0,0,0,0,0
General,General1,Ability,"Dawn Sever",913288,"A vicious strike that deals 65% weapon damage as Holystrike plus 36 and wounds the target, reducing the effectiveness of any healing by 50% for 10 sec.  This uses Mortal Strike modifiers. Does not stack with other similar effects.",30,0,0,26,28,0,0,0
General,General1,Ability,"Dawn Smash",907420,"Blasts nearby enemies dealing 10 Holystrike damage and increasing the time between their attacks by 10% for 10 sec. This ability causes additional threat.    This uses Thunder Clap modifiers.",1,0,0,0,0,0,0,0
General,General1,Ability,"Dawn Spike",913330,"An instant strike that deals 65% weapon damage as Holystrike and applies Hemorrhage, increasing Physical damage taken by up to 9. Lasts 10 charges or 15 sec. Awards 1 combo point.  Deals 114% weapon damage as Holystrike if a dagger is equipped and 55% if a two-hander is equipped.  This uses Hemorrhage modifiers.",22,0,0,22,20,0,0,0
General,General1,Ability,"Dawn Spree",913462,"Step through the shadows from enemy to enemy within 10 yards, attacking an enemy for 85% weapon damage as Holystrike every 0.5 sec with both weapons until 5 assaults are made. Can hit the same target multiple times. Cannot hit invisible or stealthed targets.  This uses Killing Spree modifiers.",40,0,0,40,38,0,0,0
General,General1,Ability,"Dawn Strike",907894,"An instant holy-infused strike that causes 3 Holystrike damage in addition to 65% of your normal weapon damage (55% if a two-handed weapon is equipped). Awards 1 combo point.    This uses Sinister Strike modifiers.",1,0,0,0,0,0,0,0
General,General1,Ability,"Dawnchaser",907660,"Instantly strike the enemy, causing 65% weapon damage as Holystrike damage. Only usable after the target dodges. Dawnchaser cannot be blocked, dodged, or parried.    This uses Overpower modifiers.",10,0,0,0,0,0,0,0
General,General1,Ability,"Dawnfang Bite",913502,"Finishing move that deals Holy damage per combo point and converts each extra point of energy (up to a maximum of 30 extra energy) into 0.7 additional damage:      1 point  : 13-16 damage      2 points: 21-24 damage      3 points: 30-33 damage      4 points: 38-41 damage      5 points: 47-50 damage    This uses Ferocious Bite modifiers.",10,0,0,0,0,0,0,0
General,General1,Ability,"Dawning Riposte",910500,"A strike that becomes active after parrying an opponent's attack. This attack deals 100% weapon damage as Holystrike and slows their melee attack speed by 20% for 30 sec. Awards 1 combo point.  This uses Riposte modifiers.",16,0,0,4,14,0,0,0
General,General1,Ability,"Dawnpierce",913390,"Pierce the target, causing 100% weapon damage as Holystrike plus 7 to the target. Must be behind the target. Requires a dagger in the main hand. Awards 1 combo point.  This uses Backstab modifiers.",1,0,0,0,0,0,0,0
General,General1,Ability,"Dawnreaver",903158,"An instant holy strike that causes 50% weapon damage as Holystrike damage.    This uses Crusader Strike modifiers.",1,0,0,0,0,0,0,0
General,General1,Ability,"Dawnripper",904040,"Finishing move that causes Holystrike damage over time.  Damage increases per combo point:     1 point  : 16 Holystrike damage over 12 sec     2 points: 26 Holystrike damage over 12 sec     3 points: 36 Holystrike damage over 12 sec     4 points: 46 Holystrike damage over 12 sec     5 points: 56 Holystrike damage over 12 sec    This uses Rip modifiers.",1,0,0,0,0,0,0,0
General,General1,Ability,"Dawnsinger Shot",910740,"You attempt to finish the wounded target off, firing a ranged attack dealing 150% weapon damage plus 48 Holystrike damage. Dawnsinger Shot can only be used on enemies that have 20% or less health.  This uses Kill Shot modifiers.",32,0,0,9,30,0,0,0
General,General1,Ability,"Dawnthirst",910380,"Instantly attack the target causing 4 Holystrike damage. Each bleed applied by you increases the damage of Dawnthirst by 8%, up to a maximum of 40%. In addition, the next 3 successful melee attacks will restore 1% of max health. This effect lasts 8 sec.  This uses Bloodthirst modifiers.",30,0,0,8,28,0,0,0
General,General1,Ability,"Death Mark",283169,"Instantly awards 5 combo points that are lost if not used or increased after 20 sec.",20,0,0,0,0,0,0,0
General,General1,Ability,"Death Tap",288800,"Sacrifice 10% of your maximum health to convert an available Frost, Unholy, or Blood rune into a Death Rune for 15 seconds.",20,0,0,0,0,0,0,0
General,General1,Ability,"Death's Advance",288817,"Increases movement speed by 35% and grants immunity to root and snare effects for 8 seconds.",30,0,0,0,0,0,0,0
General,General1,Ability,"Death's Due",280360,"This spell belongs to Necromancer    Force a target to accept the reality of death, removing any invulnerability or immunity effects from them and cursing them for 5 sec.    If the target's health is below 20% at the end of the duration, they take 802 Shadowfrost damage.",10,0,0,0,0,0,0,0
General,General1,Ability,"Deathball",289170,"This spell belongs to Tinker    Launch 3 Deathballs in a line, increasing in speed the further they travel.    They explode when they come into contact with an enemy, dealing 487 Fire damage to nearby enemies, increased based on distance traveled.",40,0,0,0,0,0,0,0
General,General1,Ability,"Deconstruct",283344,"Sunders the target's armor, dealing 65% Arcanestrike weapon damage (52% if a two-handed weapon is equipped) plus 4. Grants you Deconstruction for 1 second per stack of Sunder Armor on your target.    This uses Devastate modifiers.    Deconstruction Increases your spell power by 1.",10,0,0,0,0,0,0,0
General,General1,Ability,"Defiance",280010,"This spell belongs to Barbarian    Attempt to defy death, reducing all damage taken by 10% to 40% based on your current missing health for 10 sec.",28,0,0,0,0,0,0,0
General,General1,Ability,"Demonic Mind",283942,"While active, your spell critical strike chance is increased by 5%, but your healing done is reduced by 10%. Dealing direct spell damage now has a chance to reduce the target's healing received by 10%, stacking up to 3 times and lasting for 8 sec.  Cannot be used with bar-changing abilities like Stances or Forms.  Does not stack with other similar effects.",10,0,0,0,0,0,0,0
General,General1,Ability,"Destabilize Time",281110,"This spell belongs to Chronomancer    Reduces enemy casting speed by 10% for 20 sec, increasing by 10% every time they cast.    Gaining stacks does not extend the duration of the spell.",25,0,0,0,0,0,0,0
General,General1,Ability,"Desynchronization",280795,"This spell belongs to Chronomancer    Shift an enemy out of sync with the present, causing their grip to fail, disarming their melee and ranged weapons for 6 sec.    Upon removal, they are resynced, preventing them from regenerating their health for 6 sec.",29,0,0,0,0,0,0,0
General,General1,Ability,"Devil's Ignition",274357,"Deals 73 Fire damage to the target. Awards 2 combo points, and lowers the cooldown of Cat-a-Clysm by 3 sec.    This uses Incinerate modifiers.",18,0,0,0,0,0,0,0
General,General1,Ability,"Devour Mind",285133,"Afflicts a target with a disease that deals 61 Shadow damage every 2 sec and heals you for 15% of the damage done for 5 seconds.    Continuing to channel increases Devour Mind's duration by 2 every 0.50 sec.    This uses Devouring Plague modifiers.",20,0,0,0,0,0,0,0
General,General1,Ability,"Dimensional Divergence",281120,"This spell belongs to Chronomancer    Swap places with a target player.    If they're an enemy, you steal 80% of their movement speed for 3 sec.",20,0,0,0,0,0,0,0
General,General1,Ability,"Disease Cloud",284643,"A cloud of disease surrounds the bearer, dealing 19 Plague damage to enemies within 3 yards every 2 seconds for 12 sec.",10,0,0,0,0,0,0,0
General,General1,Ability,"Disembowel",273872,"Finishing move that disembowels your target, causing damage over time. While bleeding, the target takes extra damage from your Mutilate.     1 point  : 27 damage over 6 sec     2 points: 40 damage over 6 sec     3 points: 54 damage over 6 sec     4 points: 68 damage over 6 sec     5 points: 83 damage over 6 sec    This uses Eviscerate modifiers.",1,0,0,0,0,0,0,0
General,General1,Ability,"Divine Barrage",275465,"Launches several missiles at the enemy target, causing 226 Divine damage.     This uses Arcane Barrage modifiers.",40,0,0,0,0,0,0,0
General,General1,Ability,"Divine Blast",275433,"Blasts the target with energy, dealing 140 Divine damage.     Casting this increases all Arcane damage by 15% and its mana cost by 150%. Stacks up to 4 and lasts 6 sec, removed if you cast another Arcane ability that deals damage.     This uses Arcane Blast modifiers.",18,0,0,0,0,0,0,0
General,General1,Ability,"Divine Charge",280260,"This spell belongs to Templar    You and your party members leap upon a divine steed, increasing their movement speed by 100% and causing them to trample nearby enemies for 66 Holy damage every 0.50 sec for 6 sec.    While active, casting does not dismount you or your allies. Can only be used outdoors.",10,0,0,0,0,0,0,0
General,General1,Ability,"Divine Dash",284937,"Requires  Path of Healing  Dash towards a party or raid member at high speed, granting Divine Renewal to allies in your path.    This uses Intervene modifiers.      Divine Renewal Restore 142 health every 2 sec for 6 sec.",40,0,0,0,0,0,0,0
General,General1,Ability,"Divine Infusion",286266,"Causes a friendly target to grow with divine power, reducing their damage taken by 40% and granting them 60% resistance to enemy dispels for 8 sec. Knocks up players and reduces the movement speed of nearby enemies by 40% for 2 sec.    This uses Pain Suppression modifiers.",50,0,0,0,0,0,0,0
General,General1,Ability,"Divine Missiles",275434,"Launches Divine Missiles at the enemy, causing 21 Divine damage every 1 sec for 3 sec.    This uses Arcane Missiles modifiers.",10,0,0,0,0,0,0,0
General,General1,Ability,"Divine Steed",291021,"Leap atop your Charger for 3 sec, increasing movement speed by 70%. Usable while indoors and in combat.    Divine Steed is removed upon shapeshifting.",20,0,0,0,0,0,0,0
General,General1,Ability,"Downpour",285269,"Releases a burst of healing water, healing 5 allies in the area for 93 Nature healing.",20,0,0,0,0,0,0,0
General,General1,Ability,"Draconic Aspect",280600,"This spell belongs to Pyromancer    Assume a draconic aspect for 30 sec, changing your appearance and increasing spell power by 30% of your Intellect.",20,0,0,0,0,0,0,0
General,General1,Ability,"Dragon Charge",271897,"Run at 100% increased speed until you impact an enemy or for 2 sec. The impact unleashes a cone of fire in front of you dealing 9 Fire damage and slowing enemies by 60% for 3 sec.    Deals 300% more damage when impacting an enemy permanently immune to slows.    This uses Intercept modifiers.",30,0,0,0,0,0,0,0
General,General1,Ability,"Dragon Leap",280545,"This spell belongs to Pyromancer    Leap to a target location and come crashing down, dealing 29 Fire damage to up to 10 nearby enemies.",10,0,0,0,0,0,0,0
General,General1,Ability,"Dragon Roar",271895,"Roar explosively, dealing 161 armor-piercing physical damage to nearby enemies and reducing their movement speed by 60% for 2 sec.    This ability is usable while shapeshifted.",30,0,0,0,0,0,0,0
General,General1,Ability,"Dragonhawk Bite",904520,"Attack the enemy for 11 Holystrike damage.    This uses Mongoose Bite modifiers.",1,0,0,0,0,0,0,0
General,General1,Ability,"Drakhacrisp",277775,"Take flight, continuously breathing fire on everything underneath you for 69 Fire damage.    This uses Dragon's Breath modifiers.",50,0,0,0,0,0,0,0
General,General1,Ability,"Duality of Sin",278555,"Accumulate power in order to transcend into an Angel of Light or an Angel of Death.    Dealing direct Holy damage or periodic Shadow damage with spells has a chance to accumulate the respective power. Upon reaching 42 stacks of either power, the matching Angel form becomes usable.    After using a specific Angel form, you become sated for 2 min.    Angel of Light Devote to the powers of the Divine, your direct Smite and Holy Fire hits now unleash a blast of Holy energy dealing additional 100% damage to targets in line in front of you.    Angel of Death Succumb to the powers of Darkness, your periodic Shadow damage conjures a bolt of Dark Vengeance dealing additional 80% damage.",60,0,0,0,0,0,0,0
General,General1,Ability,"Dusk Mangle",939060,"Mangle the target, inflicting Shadowstrike damage and causing the target to take 30% additional damage from bleeds for 1 min.   Does not stack with other similar effects.  This ability can be used in Cat Form or Dire Bear Form. This uses Mangle modifiers.",36,0,0,0,0,0,0,0
General,General1,Ability,"Dusk Maul",904380,"A strong attack that increases melee damage by 18 as Shadowstrike damage and causes a high amount of threat. Effects which increase bleed effects also increase Maul damage.    This uses Maul modifiers.",1,0,0,0,0,0,0,0
General,General1,Ability,"Dusk Rake",904140,"Rake the target for 7 Shadowstrike damage and an additional 65 Shadowstrike damage over 9 sec. Awards 1 combo point.    This uses Rake modifiers.",18,0,0,0,0,0,0,0
General,General1,Ability,"Dusk Revenge",910840,"Instantly counterattack an enemy for 58 to 70 Shadowstrike damage. Dark Vengeance is only usable after the warrior blocks, dodges or parries an attack.  This uses Revenge modifiers.",12,0,0,3,10,0,0,0
General,General1,Ability,"Dusk Spike",913324,"An instant strike that deals 65% weapon damage as Shadowstrike and applies Hemorrhage, increasing Physical damage taken by up to 9. Lasts 10 charges or 15 sec. Awards 1 combo point.  Deals 114% weapon damage as Shadowstrike if a dagger is equipped and 55% if a two-hander is equipped.  This uses Hemorrhage modifiers.",22,0,0,22,20,0,0,0
General,General1,Ability,"Duskfang Bite",913491,"Finishing move that deals Shadow damage per combo point and converts each extra point of energy (up to a maximum of 30 extra energy) into 0.7 additional damage:      1 point  : 13-16 damage      2 points: 21-24 damage      3 points: 30-33 damage      4 points: 38-41 damage      5 points: 47-50 damage    This uses Ferocious Bite modifiers.",10,0,0,0,0,0,0,0
General,General1,Ability,"Duskreaver",903166,"An instant shadow strike that causes 50% weapon damage as Shadowstrike damage.    This uses Crusader Strike modifiers.",1,0,0,0,0,0,0,0
General,General1,Ability,"Duskripper",904020,"Finishing move that causes Shadowstrike damage over time.  Damage increases per combo point:     1 point  : 16 Shadowstrike damage over 12 sec     2 points: 26 Shadowstrike damage over 12 sec     3 points: 36 Shadowstrike damage over 12 sec     4 points: 46 Shadowstrike damage over 12 sec     5 points: 56 Shadowstrike damage over 12 sec    This uses Rip modifiers.",1,0,0,0,0,0,0,0
General,General1,Ability,"Duskshred",904260,"Shred the target, causing 145% weapon damage plus 15 as Shadowstrike damage to the target. Must be behind the target. Awards 1 combo point. Effects which increase bleed damage also increase Duskshred damage.    This uses Shred modifiers.",10,0,0,0,0,0,0,0
General,General1,Ability,"Duskthirst",910360,"Instantly attack the target causing 4 Shadowstrike damage. Each bleed applied by you increases the damage of Duskthirst by 8%, up to a maximum of 40%. In addition, the next 3 successful melee attacks will restore 1% of max health. This effect lasts 8 sec.  This uses Bloodthirst modifiers.",30,0,0,8,28,0,0,0
General,General1,Ability,"Earth's Embrace",281150,"This spell belongs to Primalist    Encapsulate your body in amber, becoming immune to all Physical attacks and spells for 8 sec, and healing you for 300 every 2 sec, but making you unable to move or act.  Usable while stunned, feared, or polymorphed.",25,0,0,0,0,0,0,0
General,General1,Ability,"Earthborer Acid",284803,"Sprays targets in front of you with acid, dealing 31 Nature damage and dealing an additional 4 Nature damage every 3 seconds. Reduces armor by 5% for 12 sec.    This ability is usable while shapeshifted.    Does not stack with other similar effects.",10,0,0,0,0,0,0,0
General,General1,Ability,"Ebbing Tides Totem",285234,"Requires  Path of Healing Summon an Ebbing Tides Totem with 5 health that increases the healing nearby allies receive from you by 10% every 3 sec. Stacks up to 3 times and lasts for 6 sec.  This ability can be cast while shapeshifted.",20,0,0,0,0,0,0,0
General,General1,Ability,"Eclipse Blast",278045,"Causes 138 to 166 Spellstorm damage to the target.    Deals 5.0% increased damage for each Nature periodic effect during Eclipse (Solar) or Arcane periodic effect during Eclipse (Lunar).    Uses Wrath modifiers.",20,0,0,0,0,0,0,0
General,General1,Ability,"Eclipse Strike",274514,"An instant strike that causes 3 Spellstorm damage in addition to 65% of your normal weapon damage (44% if a Two-Handed weapon is equipped). Awards 1 combo point.    This uses Sinister Strike modifiers.",1,0,0,0,0,0,0,0
General,General1,Ability,"Eldritch Weapon",270033,"Imbues your main-hand weapon with Eldritch Power increasing all threat generated by 30% and causing your melee abilities to trigger a wave of high-threat Arcane damage that restores 2% of your missing mana.    Eldritch Weapon can only trigger this way once every 5 sec and does not stack with other temporary weapon enhancements.",10,0,0,0,0,0,0,0
General,General1,Ability,"Eldritch Wrath",270034,"Release an Eldritch surge, dealing 78 Arcane damage to nearby enemies and reducing their attack power by 2. Does not stack with other similar effects.    This uses Holy Wrath modifiers. Attack power reduction increases with player level.",26,0,0,0,0,0,0,0
General,General1,Ability,"Elemental Immolate",274734,"Finishing move that scorches the target, dealing Elemental damage and additional Elemental damage over 15 sec. Deals increased damage per combo point.     1 point  : 6 damage and 13 over time     2 points: 7 damage and 15 over time     3 points: 9 damage and 18 over time     4 points: 10 damage and 22 over time     5 points: 12 damage and 25 over time    This uses Immolate modifiers.",10,0,0,0,0,0,0,0
General,General1,Ability,"Elune's Presence",280015,"This spell belongs to Starcaller    Gain the blessing of a goddess, granting all party or raid members within 40 yds 20% temporary maximum health for 10 sec.",30,0,0,0,0,0,0,0
General,General1,Ability,"Ember Touch",289415,"This spell belongs to Pyromancer    Warm an ally with everliving flames, healing them for 95, increased by scales with Spirit.",10,0,0,0,0,0,0,0
General,General1,Ability,"Emerald Visage",285951,"Summons a visage of an emerald drake unleashes a poisonous breath on enemies, dealing 10 Nature damage and an additional 5 Nature damage every second for 5 seconds.    This ability is usable while shapeshifted.",10,0,0,0,0,0,0,0
General,General1,Ability,"Endbringer",280685,"This spell belongs to Reaper    For 15 sec, increase all damage you deal against targets bellow 35% health by 30%.",25,0,0,0,0,0,0,0
General,General1,Ability,"Entomb",280060,"This spell belongs to Necromancer    Bury an enemy alive with necrotic energy, banishing them, preventing all actions and making them immune to damage for 4 sec.",10,0,0,0,0,0,0,0
General,General1,Ability,"Entropic Singularity",280790,"This spell belongs to Cultist    Create a void zone for 5 sec at target location that slows enemies' movement speed while inside.    The slow increases in intensity based on how close to the middle of the zone the enemy is.",29,0,0,0,0,0,0,0
General,General1,Ability,"Entropy",277900,"Causes 285 Shadow damage, increases your spell haste and critical strike chance with Shadow spells by 10% for 10 sec. Only usable on enemies that have less than 35% health.",42,0,0,0,0,0,0,0
General,General1,Ability,"Envenomed Weapons",280040,"This spell belongs to Venomancer    Envenoms the weapons of all nearby allies for 30 sec, giving them a 5% chance to launch a jet of poison at their target whenever they deal damage, dealing 4 Nature damage.",30,0,0,0,0,0,0,0
General,General1,Ability,"Ethereal Form",282257,"Physical damage taken is reduced by 5%, threat generation is reduced by 10%, but magic damage taken is increased by 10%.",10,0,0,0,0,0,0,0
General,General1,Ability,"Exorcist's Slash",285566,"Strike the target, dealing 100% Holy weapon damage.    This uses Exorcism modifiers.",30,0,0,0,0,0,0,0
General,General1,Ability,"Explosive Charges",274473,"While active, this toggled ability causes your Lava Lash to plant an Explosive Charge on your target that detonates after 3 sec, dealing -111 Fire damage to the target and nearby enemies.    This uses Explosive Shot modifiers.",60,0,0,0,0,0,0,0
General,General1,Ability,"Extraction",280720,"This spell belongs to Venomancer    Increase all stats by 15% for 15 sec.",25,0,0,0,0,0,0,0
General,General1,Ability,"Faerie Blink",282949,"Teleports the caster 10 yards forward, unless something is in the way and unleashes a Faerie Volley. This does not free the caster from crowd control effects.    This uses Blink modifiers.    Faerie Volley Sends a barrage of faerie missiles at 5 nearby targets, dealing 96 to 128 Arcane damage and reducing the cooldown of Faerie Blink by 2 seconds per target hit.",20,0,0,0,0,0,0,0
General,General1,Ability,"Falcon's Call",280160,"This spell belongs to Ranger    Call down war falcons upon a targeted area, slowing enemies within the area by 60% for 5 sec.    A Falcon is summoned for each enemy affected for 12 sec.",10,0,0,0,0,0,0,0
General,General1,Ability,"Fel Cleave",276066,"A sweeping attack that deals 70% weapon damage as Shadowflame to your target and up to 4 nearby enemies.    This uses Cleave modifiers.",20,0,0,0,0,0,0,0
General,General1,Ability,"Fel Infused Weapon",276076,"Infuses your weapon with Fel Flames, each auto attack and melee ability causes 5 Shadowflame damage.     Deals 15% more damage while a Single Two-Handed weapon is equipped.",10,0,0,0,0,0,0,0
General,General1,Ability,"Felblade",276067,"Deals 65% weapon damage as Shadowflame damage.    Casting Chaos Bolt and Fel Cleave reduces the cooldown of Felblade by 4 seconds.    Felblade uses Bloodthirst modifiers.",40,0,0,0,0,0,0,0
General,General1,Ability,"Feral Frenzy",290241,"Unleash a furious frenzy, clawing nearby enemies 5 times over 1.5 sec for 100% weapon damage and applying a bleed. Stacks up to 5 times. Lasts 10 sec.",10,0,0,0,0,0,0,0
General,General1,Ability,"Field Surgery",281951,"Heals all allies within 8 yards for 18 every second for 5 sec.    Field Surgery scales from Holy or Nature Healing, whichever is higher.",10,0,0,0,0,0,0,0
General,General1,Ability,"Fire Slash",907200,"A strong attack that increases melee damage by 11 as Firestrike damage and causes a high amount of threat.    This uses Heroic Strike modifiers.",1,0,0,0,0,0,0,0
General,General1,Ability,"Fire Storm",281840,"Calls down a fiery rain to burn enemies in the area of effect for 272 Fire damage over 12 sec.    Scales with Rain of Fire modifiers.",20,0,0,0,0,0,0,0
General,General1,Ability,"Fire Swipe (Bear)",911981,"Swipe nearby enemies, inflicting 12 Firestrike damage plus 1 Firestrike damage.  This uses Swipe modifiers.",1,0,0,4,0,0,0,0
General,General1,Ability,"Fire Swipe (Cat)",911980,"Swipe nearby enemies, inflicting 90% weapon damage as Firestrike.  This uses Swipe modifiers.",1,0,0,4,4,0,0,0
General,General1,Ability,"Firefall",284677,"Unleash a flurry of fiery stars from the sky, each impact deals 121 to 136 Fire damage before exploding for an additional 22 Fire damage to enemies within 5 yards. The effect lasts 8 sec, summoning up to 16 stars within 20 yards of you.    The final star grants you Hot Streak.    This uses Starfall modifiers.    Canceled if you shapeshift, lose character control, or mount.    Hot Streak Your next Pyroblast or Arctis is instant.",60,0,0,0,0,0,0,0
General,General1,Ability,"Firestorm",280575,"This spell belongs to Pyromancer    Create a fiery tornado at a location for 10 sec.    Enemies who enter its radius suffer 70 Fire damage and are knocked back slightly.",25,0,0,0,0,0,0,0
General,General1,Ability,"Flame Counter",911740,"A strike that becomes active after parrying an opponent's attack. This attack deals 32 Firestrike damage and immobilizes the target for 5 sec.  This uses Counterattack modifiers. Flame Counter cannot be blocked, dodged, or parried.",22,0,0,6,20,0,0,0
General,General1,Ability,"Flame Mangle",939180,"Mangle the target, inflicting Firestrike damage and causing the target to take 30% additional damage from bleeds for 1 min.   Does not stack with other similar effects.  This ability can be used in Cat Form or Dire Bear Form. This uses Mangle modifiers.",36,0,0,0,0,0,0,0
General,General1,Ability,"Flame Maul",904420,"A strong attack that increases melee damage by 18 as Firestrike damage and causes a high amount of threat. Effects which increase bleed effects also increase Maul damage.    This uses Maul modifiers.",1,0,0,0,0,0,0,0
General,General1,Ability,"Flame Rake",904180,"Rake the target for 7 Firestrike damage and an additional 65 Firestrike damage over 9 sec. Awards 1 combo point.    This uses Rake modifiers.",18,0,0,0,0,0,0,0
General,General1,Ability,"Flame Revenge",910780,"Instantly counterattack an enemy for 58 to 70 Firestrike damage. Burning Vengeance is only usable after the warrior blocks, dodges or parries an attack.  This uses Revenge modifiers.",12,0,0,3,10,0,0,0
General,General1,Ability,"Flame Sever",913252,"A vicious strike that deals 65% weapon damage as Firestrike plus 36 and wounds the target, reducing the effectiveness of any healing by 50% for 10 sec.  This uses Mortal Strike modifiers. Does not stack with other similar effects.",30,0,0,26,28,0,0,0
General,General1,Ability,"Flame Siphon",913192,"A deadly attack that deals 50% weapon damage as Firestrike plus 11 and heals you for 5% of your maximum health for each of your diseases on the target.  This uses Death Strike modifiers.",14,0,0,28,12,0,0,0
General,General1,Ability,"Flame Spike",913306,"An instant strike that deals 65% weapon damage as Firestrike and applies Hemorrhage, increasing Physical damage taken by up to 9. Lasts 10 charges or 15 sec. Awards 1 combo point.  Deals 114% weapon damage as Firestrike if a dagger is equipped and 55% if a two-hander is equipped.  This uses Hemorrhage modifiers.",22,0,0,22,20,0,0,0
General,General1,Ability,"Flame Surge",281730,"Deals 51 to 60 Fire damage to your target and 10 enemies within 10 yards, dealing an additional 12 to 15 Fire damage if the target is affected by Immolate.    Scales with Incinerate modifiers.",28,0,0,0,0,0,0,0
General,General1,Ability,"Flame Talon",904660,"A strong attack that increases melee damage by 5 as Firestrike damage.    This uses Raptor Strike modifiers.",1,0,0,0,0,0,0,0
General,General1,Ability,"Flamebound Cleave",907320,"A sweeping attack that does your weapon damage plus 9 as Firestrike damage to the target and his nearest ally.    This uses Cleave modifiers.",16,0,0,0,0,0,0,0
General,General1,Ability,"Flamebound Shot",904780,"An aimed shot that deals 100% weapon damage plus 12 as Firestrike damage and reduces healing done to that target by 50%. Lasts 10 sec.   Does not stack with other similar effects.  This uses Aimed Shot modifiers.",16,0,0,0,0,0,0,0
General,General1,Ability,"Flameburst",283012,"Calls down a pillar of fire, burning all enemies within the area for 37 to 48 Fire damage and an additional 45 Fire damage over 10 sec.    This uses Flamestrike modifiers.",10,0,0,0,0,0,0,0
General,General1,Ability,"Flamechaser",907680,"Instantly strike the enemy, causing 65% weapon damage as Firestrike damage. Only usable after the target dodges. Flamechaser cannot be blocked, dodged, or parried.    This uses Overpower modifiers.",10,0,0,0,0,0,0,0
General,General1,Ability,"Flamepierce",913342,"Pierce the target, causing 100% weapon damage as Firestrike plus 7 to the target. Must be behind the target. Requires a dagger in the main hand. Awards 1 combo point.  This uses Backstab modifiers.",1,0,0,0,0,0,0,0
General,General1,Ability,"Flamereaver",907860,"An instant fire strike that causes 50% weapon damage as Firestrike damage.    This uses Crusader Strike modifiers.",1,0,0,0,0,0,0,0
General,General1,Ability,"Flameripper",904060,"Finishing move that causes Firestrike damage over time.  Damage increases per combo point:     1 point  : 16 Firestrike damage over 12 sec     2 points: 26 Firestrike damage over 12 sec     3 points: 36 Firestrike damage over 12 sec     4 points: 46 Firestrike damage over 12 sec     5 points: 56 Firestrike damage over 12 sec    This uses Rip modifiers.",1,0,0,0,0,0,0,0
General,General1,Ability,"Flameshred",904300,"Shred the target, causing 145% weapon damage plus 15 as Firestrike damage to the target. Must be behind the target. Awards 1 combo point. Effects which increase bleed damage also increase Flameshred damage.    This uses Shred modifiers.",10,0,0,0,0,0,0,0
General,General1,Ability,"Flamesinger Shot",910660,"You attempt to finish the wounded target off, firing a ranged attack dealing 150% weapon damage plus 48 Firestrike damage. Flamesinger Shot can only be used on enemies that have 20% or less health.  This uses Kill Shot modifiers.",32,0,0,9,30,0,0,0
General,General1,Ability,"Flamethirst",910300,"Instantly attack the target causing 4 Firestrike damage. Each bleed applied by you increases the damage of Flamethirst by 8%, up to a maximum of 40%. In addition, the next 3 successful melee attacks will restore 1% of max health. This effect lasts 8 sec.  This uses Bloodthirst modifiers.",30,0,0,8,28,0,0,0
General,General1,Ability,"Flamewave",913414,"Sends a wave of force in front of the caster, causing 4 Firestrike damage (based on attack power) and stunning all enemy targets in a frontal cone for 4 sec.  This uses Shockwave modifiers.",40,0,0,40,38,0,0,0
General,General1,Ability,"Flaming Riposte",910420,"A strike that becomes active after parrying an opponent's attack. This attack deals 100% weapon damage as Firestrike and slows their melee attack speed by 20% for 30 sec. Awards 1 combo point.  This uses Riposte modifiers.",16,0,0,4,14,0,0,0
General,General1,Ability,"Flare Breaker",907560,"Sunder the target's armor causing the Sunder Armor effect. In addition, causes 78% weapon damage (62% if a two-handed weapon is equipped) plus 3 as Firestrike damage for each application of Sunder Armor on the target. The Sunder Armor effect can stack up to 5 times.    Sunder Armor Sunders the target's armor, reducing it by 4%. Stacks up to 5 times and lasts for 30 sec. Does not stack with other similar effects.    This uses Devastate modifiers.",10,0,0,0,0,0,0,0
General,General1,Ability,"Flare Shot",903076,"A steady shot wreathed in cinders that causes 50% weapon damage as Firestrike damage and deals 6 additional Firestrike damage. Causes an additional 5 Firestrike damage to slowed targets.    This uses Steady Shot modifiers.",1,0,0,0,0,0,0,0
General,General1,Ability,"Flare Spree",913450,"Step through the shadows from enemy to enemy within 10 yards, attacking an enemy for 85% weapon damage as Firestrike every 0.5 sec with both weapons until 5 assaults are made. Can hit the same target multiple times. Cannot hit invisible or stealthed targets.  This uses Killing Spree modifiers.",40,0,0,40,38,0,0,0
General,General1,Ability,"Flare Strike",283151,"Exposes all hidden and invisible enemies within 8 yards of the targeted area for 5 sec. When it expires, a rain of arrows is called down, dealing 268 Physical damage. Enemies hit are slowed by 30% and take 10% more damage from you for 8 sec.    Increased by modifiers to your Volley ability. This damage is increased by 100% against the target of Hunter's Mark.",32,0,0,0,0,0,0,0
General,General1,Ability,"Flesh Hook",282999,"Hook an enemy, pulling them to you, dealing 3 to 6 Physical damage and generating 10 rage.    This has a 45 sec cooldown when used versus players and Flesh Hook cannot be used against the same player for 30 sec.",10,0,0,0,0,0,0,0
General,General1,Ability,"Flurry of Fire",913050,"Instantly throw both weapons at all targets within 8 yards, causing 68% weapon damage as Firestrike with daggers, and 45% weapon damage as Firestrike with all other weapons.  This uses Fan of Knives modifiers.",50,0,0,24,48,0,0,0
General,General1,Ability,"Flurry of Ice",913051,"Instantly throw both weapons at all targets within 8 yards, causing 68% weapon damage as Froststrike with daggers, and 45% weapon damage as Froststrike with all other weapons.  This uses Fan of Knives modifiers.",50,0,0,24,48,0,0,0
General,General1,Ability,"Flurry of Light",913054,"Instantly throw both weapons at all targets within 8 yards, causing 68% weapon damage as Holystrike with daggers, and 45% weapon damage as Holystrike with all other weapons.  This uses Fan of Knives modifiers.",50,0,0,24,48,0,0,0
General,General1,Ability,"Flurry of Lightning",913052,"Instantly throw both weapons at all targets within 8 yards, causing 68% weapon damage as Stormstrike with daggers, and 45% weapon damage as Stormstrike with all other weapons.  This uses Fan of Knives modifiers.",50,0,0,24,48,0,0,0
General,General1,Ability,"Flurry of Magic",913055,"Instantly throw both weapons at all targets within 8 yards, causing 68% weapon damage as Spellstrike with daggers, and 45% weapon damage as Spellstrike with all other weapons.  This uses Fan of Knives modifiers.",50,0,0,24,48,0,0,0
General,General1,Ability,"Flurry of Shadow",913053,"Instantly throw both weapons at all targets within 8 yards, causing 68% weapon damage as Shadowstrike with daggers, and 45% weapon damage as Shadowstrike with all other weapons.  This uses Fan of Knives modifiers.",50,0,0,24,48,0,0,0
General,General1,Ability,"Focused Burst",284079,"Fires a burst of missiles at the target, dealing 75% weapon damage.    Can trigger Piercing Shots.",18,0,0,0,0,0,0,0
General,General1,Ability,"Forbidden Ritual",280070,"Requires  Path of Healing  This spell belongs to Cultist    Chant a forbidden ritual that places a shield on all nearby allies that absorbs 74 damage for 10 sec.",10,0,0,0,0,0,0,0
General,General1,Ability,"Forbidden Technique",271981,"An instant shot that deals 230% ranged weapon damage as Shadow. Using this ability teleports you to the target, leaving your Shadow behind and granting you Shadow Dance.    When Shadow Dance ends, you teleport back into your Shadow.",30,0,0,0,0,0,0,0
General,General1,Ability,"Foul Invocation",280480,"This spell belongs to Necromancer    Transform into an undead monstrosity for 20 sec, increasing your maximum health by 30%.    While transformed you are immune to Fear, Sleep, Charm, and Disease effects.",25,0,0,0,0,0,0,0
General,General1,Ability,"Fracture",289090,"This spell belongs to Runemaster    Strike an enemy with frozen fury, dealing 186 Frost damage.    Damage dealt is guaranteed to critically strike against frozen targets.",20,0,0,0,0,0,0,0
General,General1,Ability,"Freezing Bloodstrike",913132,"Instantly strike the enemy, causing 25% weapon damage as Rimestrike plus 8, total damage increased by 12.5% for each of your diseases on the target.  This uses Blood Strike modifiers.",1,0,0,0,0,0,0,0
General,General1,Ability,"Freezing Finish",904920,"Finishing move that causes Froststrike damage per combo point:     1 point  : 5-7 Froststrike damage     2 points: 9-11 Froststrike damage     3 points: 14-16 Froststrike damage     4 points: 19-21 Froststrike damage     5 points: 24-26 Froststrike damage    This uses Eviscerate modifiers.",1,0,0,0,0,0,0,0
General,General1,Ability,"From Life Comes Death",280200,"This spell belongs to Venomancer    For 20 sec, when you kill an enemy that yields experience or honor they now spawn a Big Mushroom beneath them. This effect can only occur once every 1 sec.    Big Mushroom Drop a Big Mushroom at target location that will explode after 2 sec.    When it explodes it deals 478 Nature damage to up to 12 enemies within 5 yds, piercing resistances and absorption effects.",30,0,0,0,0,0,0,0
General,General1,Ability,"Frost Bomb",271936,"Applies a Frost Bomb that explodes after 8 seconds or when dispelled, unleashing a wave of frost dealing 34 Frost damage to nearby enemies and slowing their movement speed by 60%.    Cannot be reflected.",10,0,0,0,0,0,0,0
General,General1,Ability,"Frost Counter",911760,"A strike that becomes active after parrying an opponent's attack. This attack deals 32 Froststrike damage and immobilizes the target for 5 sec.  This uses Counterattack modifiers. Frost Counter cannot be blocked, dodged, or parried.",22,0,0,6,20,0,0,0
General,General1,Ability,"Frost Mangle",939240,"Mangle the target, inflicting Froststrike damage and causing the target to take 30% additional damage from bleeds for 1 min.   Does not stack with other similar effects.  This ability can be used in Cat Form or Dire Bear Form. This uses Mangle modifiers.",36,0,0,0,0,0,0,0
General,General1,Ability,"Frost Maul",904440,"A strong attack that increases melee damage by 18 as Froststrike damage and causes a high amount of threat. Effects which increase bleed effects also increase Maul damage.    This uses Maul modifiers.",1,0,0,0,0,0,0,0
General,General1,Ability,"Frost Rake",904200,"Rake the target for 7 Froststrike damage and an additional 65 Froststrike damage over 9 sec. Awards 1 combo point.    This uses Rake modifiers.",18,0,0,0,0,0,0,0
General,General1,Ability,"Frost Shot",903060,"A steady shot laced with frost that causes 50% weapon damage as Froststrike damage and deals 6 additional Froststrike damage. Causes an additional 5 Froststrike damage to slowed targets.    This uses Steady Shot modifiers.",1,0,0,0,0,0,0,0
General,General1,Ability,"Frost Siphon",913202,"A deadly attack that deals 50% weapon damage as Froststrike plus 11 and heals you for 5% of your maximum health for each of your diseases on the target.  This uses Death Strike modifiers.",14,0,0,28,12,0,0,0
General,General1,Ability,"Frost Slash",907220,"A strong attack that increases melee damage by 11 as Froststrike damage and causes a high amount of threat.    This uses Heroic Strike modifiers.",1,0,0,0,0,0,0,0
General,General1,Ability,"Frost Spree",913453,"Step through the shadows from enemy to enemy within 10 yards, attacking an enemy for 85% weapon damage as Froststrike every 0.5 sec with both weapons until 5 assaults are made. Can hit the same target multiple times. Cannot hit invisible or stealthed targets.  This uses Killing Spree modifiers.",40,0,0,40,38,0,0,0
General,General1,Ability,"Frost Swipe (Bear)",912001,"Swipe nearby enemies, inflicting 12 Froststrike damage plus 1 Froststrike damage.  This uses Swipe modifiers.",1,0,0,4,0,0,0,0
General,General1,Ability,"Frost Swipe (Cat)",912000,"Swipe nearby enemies, inflicting 90% weapon damage as Froststrike.  This uses Swipe modifiers.",1,0,0,4,4,0,0,0
General,General1,Ability,"Frost Talon",904680,"A strong attack that increases melee damage by 5 as Froststrike damage.    This uses Raptor Strike modifiers.",1,0,0,0,0,0,0,0
General,General1,Ability,"Frost Wyrm",280740,"This spell belongs to Necromancer    Summon a Frost Wyrm that flies behind you and blasts nearby enemies every 2 sec for 30 sec, dealing Frost damage.",30,0,0,0,0,0,0,0
General,General1,Ability,"Frostbound Cleave",907340,"A sweeping attack that does your weapon damage plus 9 as Froststrike damage to the target and his nearest ally.    This uses Cleave modifiers.",16,0,0,0,0,0,0,0
General,General1,Ability,"Frostbound Shot",904800,"An aimed shot that deals 100% weapon damage plus 12 as Froststrike damage and reduces healing done to that target by 50%. Lasts 10 sec.   Does not stack with other similar effects.  This uses Aimed Shot modifiers.",16,0,0,0,0,0,0,0
General,General1,Ability,"Frostchaser",907700,"Instantly strike the enemy, causing 65% weapon damage as Froststrike damage. Only usable after the target dodges. Frostchaser cannot be blocked, dodged, or parried.    This uses Overpower modifiers.",10,0,0,0,0,0,0,0
General,General1,Ability,"Frostfall",284664,"Unleash a flurry of icy stars from the sky, each impact deals 121 to 136 Frost damage before exploding for an additional 22 Frost damage to enemies within 5 yards. The effect lasts 8 sec, summoning up to 16 stars within 20 yards of you.    The final star grants you Fingers of Frost.    This uses Starfall modifiers.    Canceled if you shapeshift, lose character control, or mount.    Fingers of Frost Your spells and abilities treat the target as if it were Frozen. Holds 2 charges. Lasts for 15 seconds.",60,0,0,0,0,0,0,0
General,General1,Ability,"Frostfang Bite",913480,"Finishing move that deals Frost damage per combo point and converts each extra point of energy (up to a maximum of 30 extra energy) into 0.7 additional damage:      1 point  : 13-16 damage      2 points: 21-24 damage      3 points: 30-33 damage      4 points: 38-41 damage      5 points: 47-50 damage    This uses Ferocious Bite modifiers.",10,0,0,0,0,0,0,0
General,General1,Ability,"Frostflame Shock",272429,"Shocks the target and 2 nearby enemies, dealing 27 Frostfire damage and an additional 9 Frostfire damage every 3 for 18 sec.    This uses Flame Shock modifiers. This ability shares a cooldown with Shaman Shock spells.",10,0,0,0,0,0,0,0
General,General1,Ability,"Frostreaver",903174,"An instant frost strike that causes 50% weapon damage as Froststrike damage.    This uses Crusader Strike modifiers.",1,0,0,0,0,0,0,0
General,General1,Ability,"Frostripper",904080,"Finishing move that causes Froststrike damage over time.  Damage increases per combo point:     1 point  : 16 Froststrike damage over 12 sec     2 points: 26 Froststrike damage over 12 sec     3 points: 36 Froststrike damage over 12 sec     4 points: 46 Froststrike damage over 12 sec     5 points: 56 Froststrike damage over 12 sec    This uses Rip modifiers.",1,0,0,0,0,0,0,0
General,General1,Ability,"Frostwave",913417,"Sends a wave of force in front of the caster, causing 4 Froststrike damage (based on attack power) and stunning all enemy targets in a frontal cone for 4 sec.  This uses Shockwave modifiers.",40,0,0,40,38,0,0,0
General,General1,Ability,"Frozen Execution",913070,"Attempt to finish off a wounded foe, causing 65% of 65 Froststrike damage and converting each extra point of rage into 65% of 2 additional Froststrike damage (up to a maximum cost of 30 rage). Only usable on enemies that have less than 20% health.  This uses Execute modifiers.",16,0,0,4,14,0,0,0
General,General1,Ability,"Frozen Light",271315,"Requires  Path of Healing  Infuses a single ally with frozen light to increase their healing received from your Cryotherapy by 30%. Lasts 30 min.",10,0,0,0,0,0,0,0
General,General1,Ability,"Frozen Mind",283934,"Your mind becomes frozen. Taking critical physical damage has a chance to prevent the attacker from landing critical strikes for 5 sec. Increases your armor by 250% of your Intellect but reduces your health by 5%.    Cannot be used with Stances or Forms.    This effect can only occur once every 15 sec.",10,0,0,0,0,0,0,0
General,General1,Ability,"Frozen Riposte",910440,"A strike that becomes active after parrying an opponent's attack. This attack deals 100% weapon damage as Froststrike and slows their melee attack speed by 20% for 30 sec. Awards 1 combo point.  This uses Riposte modifiers.",16,0,0,4,14,0,0,0
General,General1,Ability,"Frozen Slam",903130,"Slams the opponent, causing 65% weapon damage plus 6 Froststrike damage.    This uses Slam modifiers.",1,0,0,0,0,0,0,0
General,General1,Ability,"Fulmination",278020,"Finishing move that causes 87 Nature damage and chains to additional target per combo point:     1 point  : 1 additional target     2 points: 2 additional targets     3 points: 3 additional targets     4 points: 4 additional targets     5 points: 5 additional targets    Each jump reduces the damage by 20%.    This uses Chain Lightning modifiers.",22,0,0,0,0,0,0,0
General,General1,Ability,"Fury of the Eagle",277595,"Furiously strike up to 5 enemies in front of you, dealing 19 Physical damage over 3 sec.",60,0,0,0,0,0,0,0
General,General1,Ability,"Gavel of Wrath",280950,"This spell belongs to Sun Cleric    Smash an enemy for 80% Weapon Damage plus 45 and dispel 1 beneficial magic effect from them.    Shares a cooldown with other Gavels.",26,0,0,0,0,0,0,0
General,General1,Ability,"Gaze of C'Thun",280970,"This spell belongs to Cultist    Set C'Thun's Gaze upon an enemy or ally, jumping to 1 additional nearby target. Deals 23 Shadow damage to enemies or heals allies for 21.",10,0,0,0,0,0,0,0
General,General1,Ability,"Gaze of Ysera",289438,"This spell belongs to Pyromancer    Set Ysera's gaze upon an enemy, putting them to sleep for 40 sec (8 sec vs players).    Direct damage dealt may interrupt this effect.",26,0,0,0,0,0,0,0
General,General1,Ability,"Ghostly Finish",904860,"Finishing move that causes Shadowstrike damage per combo point:     1 point  : 5-7 Shadowstrike damage     2 points: 9-11 Shadowstrike damage     3 points: 14-16 Shadowstrike damage     4 points: 19-21 Shadowstrike damage     5 points: 24-26 Shadowstrike damage    This uses Eviscerate modifiers.",1,0,0,0,0,0,0,0
General,General1,Ability,"Ghoul Bite",904500,"Attack the enemy for 11 Shadowstrike damage.    This uses Mongoose Bite modifiers.",1,0,0,0,0,0,0,0
General,General1,Ability,"Glacial Burst",278145,"You hurl a shard of glacier at the target, dealing 341 Frost damage. If your Flame Shock is on the target, Glacial Burst deals a critical strike.  This uses Lava Burst modifiers.",22,0,0,0,0,0,0,0
General,General1,Ability,"Glacial Multi-Shot",910560,"Fires several missiles, hitting 3 targets for 65% weapon damage as Froststrike.  This uses Multi-Shot modifiers.",18,0,0,5,16,0,0,0
General,General1,Ability,"Glacial Rune",280835,"This spell belongs to Runemaster    Place a rune at the target location that explodes after 1 sec with frigid magic, dealing 47 Frost damage to enemies inside and freezing them in place for 40 sec (8 sec vs players).    Damage caused may interrupt the effect.",10,0,0,0,0,0,0,0
General,General1,Ability,"Glacial Rupture",907040,"Finishing move that causes Froststrike damage over time.  Lasts longer per combo point:     1 point  : 40 Froststrike damage over 8 sec     2 points: 61 Froststrike damage over 10 sec     3 points: 87 Froststrike damage over 12 sec     4 points: 117 Froststrike damage over 14 sec     5 points: 153 Froststrike damage over 16 sec    This uses Rupture modifiers.",20,0,0,0,0,0,0,0
General,General1,Ability,"Glacial Shield Slam",910920,"Slam the target with your shield, causing 191 to 199 Froststrike damage, modified by your shield block value, and dispels 1 magic effect on the target. Causes a high amount of threat.  This uses Shield Slam modifiers.",40,0,0,11,38,0,0,0
General,General1,Ability,"Glacial Smash",907460,"Blasts nearby enemies dealing 10 Froststrike damage and increasing the time between their attacks by 10% for 10 sec. This ability causes additional threat.    This uses Thunder Clap modifiers.",1,0,0,0,0,0,0,0
General,General1,Ability,"Glacial Spike",284177,"Summons a Glacial Spike, dealing 57 Frost damage, slows enemies by 56 to 60% for 4 sec and infects targets with Frost Fever.    This uses Cone of Cold modifiers. Damage is split when hitting more than 3 enemies.",16,0,0,0,0,0,0,0
General,General1,Ability,"Goldrinn's Fury",275739,"Increases your Shadow damage by 10% and all damage by 5%. Dealing damage with Cat abilities applies Arugal's Gift. Lasts 20 sec.  This uses Tiger's Fury modifiers.   Arugal's Gift Deals 27 Shadow damage over 6 sec. Stacks up to 3 times.    This periodic damage can critically strike while affected by Worgen Form.",24,0,0,0,0,0,0,0
General,General1,Ability,"Golem Form",280675,"This spell belongs to Primalist    Transform into a golem for 30 sec, reducing Physical damage taken by 15%.",25,0,0,0,0,0,0,0
General,General1,Ability,"Grace of Alexstrasza",280560,"This spell belongs to Pyromancer    Burn off all movement impairing effects from party and raid members within 20 yds and grant them stun, slow, and root immunity for 4 sec.",30,0,0,0,0,0,0,0
General,General1,Ability,"Grape Shot",276634,"Finishing move that causes Physical damage per combo point to 5 enemies in front of you dealing weapon damage:     1 point  : 17-27 Damage     2 points: 29-39 Damage     3 points: 42-52 Damage     4 points: 55-65 Damage     5 points: 68-78 Damage       This uses Multi-Shot modifiers. This ability's cooldown cannot be reduced",18,0,0,0,0,0,0,0
General,General1,Ability,"Grasp of Darkness",272954,"Channel dark energy, dealing 176 Shadow damage over 3 seconds.     You channel power through each Tentacle of the Old Gods under your control to deal 15% increased damage and 15% increased critical strike damage bonus.",20,0,0,0,0,0,0,0
General,General1,Ability,"Grasp of Zek'voz",280775,"This spell belongs to Cultist    Hinder an enemies momentum with void chains, slowing their movement speed by 30% for 10 sec.",10,0,0,0,0,0,0,0
General,General1,Ability,"Grasping Roots",283493,"Launches Grasping Roots in front of you rooting them and dealing 7 Nature damage. When the roots retract they pull back rooted enemies to your original position.    Usable while shapeshifted.",18,0,0,0,0,0,0,0
General,General1,Ability,"Gravebound Champion",280520,"This spell belongs to Necromancer    Summon a Gravebound Champion that redirects 50% of all damage you take to itself for 20 sec.",25,0,0,0,0,0,0,0
General,General1,Ability,"Gravity Bomb",280425,"This spell belongs to Chronomancer    Place a gravity bomb on the target. After 6 sec they explode for 66 Chromatic damage in a 10 yds radius.    Directly before the explosion occurs, all enemies within 15 yds are teleported to the initial target.",10,0,0,0,0,0,0,0
General,General1,Ability,"Green Salve",280860,"This spell belongs to Venomancer    Rapidly heal an ally for 24 over 6 sec.    At the end of the duration, this will seek another nearby ally with the lowest health and heal them for 48.",10,0,0,0,0,0,0,0
General,General1,Ability,"Ground Slam",276115,"Slam the ground, unleashing a devastating wave of earth spikes that deal 166 Physical damage to 10 nearby enemies.    This uses Sundering modifiers.",34,0,0,0,0,0,0,0
General,General1,Ability,"Grove Guardian",281210,"This spell belongs to Primalist    Mark a location as your Grove for 20 sec.   Allies within gain 30% movement speed and are healed for 205 every 5 sec, removing 1 poison and disease effect.   Enemies within are slowed by 30% and take 261 Nature damage every 5 sec and are rooted for 2 sec.",30,0,0,0,0,0,0,0
General,General1,Ability,"Grove Shot",278240,"Inject a bolt infused with medicinal energies into a friendly target healing for 25 as Nature.    Scales with Steady Shot modifiers.",10,0,0,0,0,0,0,0
General,General1,Ability,"Guardian of Ancient Kings",277875,"Transform into a Guardian of Ancient Kings, resetting the cooldown of Hammer of the Righteous, Divine Storm, and Holy Shock.     While active, their cooldowns are reduced by 50%.     Increases Holy damage by 15%. Lasts 12 sec.    Does not stack with other similar effects.",60,0,0,0,0,0,0,0
General,General1,Ability,"Guarding Rune",280660,"This spell belongs to Runemaster    Inscribe a defensive rune beneath you in a 10 yd radius, summoning a barrier that causes allies within the radius to take 40% reduced Magic damage. Lasts 15 sec.",25,0,0,0,0,0,0,0
General,General1,Ability,"Guise",289350,"This spell belongs to Ranger    Generates 5 combo points over 10 sec and allows you to see nearby stealthed enemies.    Usable while stealthed.",26,0,0,0,0,0,0,0
General,General1,Ability,"Gurubashi Rage",275915,"Go berserk, increasing all Rage generation from damage dealt by 50% and increasing melee ability critical strike chance by 10% for 20 sec.    Grants Rage! every 5 sec.    This ability is usable while shapeshifted.    Rage! Allows the use of Raging Blow or Raging Lunge.",50,0,0,0,0,0,0,0
General,General1,Ability,"Hail of Arrows",277967,"Rapidly fires a spray of shots for 4 sec, dealing 50% weapon damage to up to 10 targets in front of you.  Scales with Volley damage modifiers.",30,0,0,0,0,0,0,0
General,General1,Ability,"Hailstorm",281800,"Ice shards pelt the target area doing 147 Frost damage over 12 sec.    Scales with Blizzard modifiers.",18,0,0,0,0,0,0,0
General,General1,Ability,"Hailthirst",910320,"Instantly attack the target causing 4 Froststrike damage. Each bleed applied by you increases the damage of Hailthirst by 8%, up to a maximum of 40%. In addition, the next 3 successful melee attacks will restore 1% of max health. This effect lasts 8 sec.  This uses Bloodthirst modifiers.",30,0,0,8,28,0,0,0
General,General1,Ability,"Hallucination",280805,"This spell belongs to Cultist    Create 3 copies of yourself that run in a random direction for 3 sec and may briefly trick enemies into ignoring you.     Significantly reduces your threat and removes all movement impairing effects from you.",29,0,0,0,0,0,0,0
General,General1,Ability,"Halt",280005,"This spell belongs to Starcaller    Interrupt an enemy's current spell cast and prevents any spell in that school from being cast for 3 sec.",16,0,0,0,0,0,0,0
General,General1,Ability,"Hammer of Kings",280910,"This spell belongs to Sun Cleric    Become anointed by the light, summoning a blessed hammer that encircles you dealing 6 Holyfire Damage to nearby enemies every 3 sec for 12 sec.",10,0,0,0,0,0,0,0
General,General1,Ability,"Hammer the Gap",277019,"Sunder the target's armor and deal 80% weapon damage, increased by 5% per Sunder Armor you have applied to the target. Awards 1 combo point.    Uses Devastate modifiers and causes high threat.    Sunder Armor Sunders the target's armor, reducing it by 4%. Stacks up to 5 times and lasts for 30 sec. Does not stack with other similar effects.",10,0,0,0,0,0,0,0
General,General1,Ability,"Hammerstorm",285444,"Requires Righteous Fury    Holy hammers surround you, dealing 52 Holy damage every second to nearby enemies. Lasts for 6 sec.    Allows Hammer of Wrath to be used regardless of the target's health.",44,0,0,0,0,0,0,0
General,General1,Ability,"Harvesting Grounds",280695,"This spell belongs to Reaper    Create a harvesting ground at the target location for 10 sec. Enemies inside have their melee and ranged haste and movement speed reduced by 20%.    For the duration, enemies that try to exit the harvesting ground are pulled back to its center.",25,0,0,0,0,0,0,0
General,General1,Ability,"Hell Scream",285693,"Unleash a hellish shout, causing up to 5 enemies within 8 yards to bleed for 21 damage every 3 for 12 sec.    This damage uses Rend modifiers.",10,0,0,0,0,0,0,0
General,General1,Ability,"Hellfire Form",280725,"This spell belongs to Knight of Xoroth    Enter your Hellfire Form, increasing your Fire damage dealt by 10% and Fire critical strike chance by 10% for 20 sec.",25,0,0,0,0,0,0,0
General,General1,Ability,"Hemal Excision",281200,"This spell belongs to Bloodmage    Cut into an ally's vital essence, siphoning all curse effects from them. You may reactivate this ability again within 10 sec to place these curse effects on an enemy.",25,0,0,0,0,0,0,0
General,General1,Ability,"Hemostasis",281190,"This spell belongs to Bloodmage    Trap an enemy in a blood orb, horrifying them in place for 4 sec.    Reactivating this ability within 4 sec, instantly pops the Hemostasis, dealing 143 Shadow damage and reducing their healing received by 60% for 10 sec.",29,0,0,0,0,0,0,0
General,General1,Ability,"Hoarfrost",289080,"This spell belongs to Runemaster    Slash in a frozen fury in front of you, dealing 8 Frost Damage to up to 3 nearby enemies, plus an additional 8 every 3 sec for 21 sec.     Enemies hit by the initial strike are frozen in place for 3 sec.",10,0,0,0,0,0,0,0
General,General1,Ability,"Holy Finish",904880,"Finishing move that causes Holystrike damage per combo point:     1 point  : 5-7 Holystrike damage     2 points: 9-11 Holystrike damage     3 points: 14-16 Holystrike damage     4 points: 19-21 Holystrike damage     5 points: 24-26 Holystrike damage    This uses Eviscerate modifiers.",1,0,0,0,0,0,0,0
General,General1,Ability,"Holy Shot",903068,"A steady shot blessed with light that causes 50% weapon damage as Holystrike damage and deals 6 additional Holystrike damage. Causes an additional 5 Holystrike damage to slowed targets.    This uses Steady Shot modifiers.",1,0,0,0,0,0,0,0
General,General1,Ability,"Holy Siphon",913232,"A deadly attack that deals 50% weapon damage as Holystrike plus 11 and heals you for 5% of your maximum health for each of your diseases on the target.  This uses Death Strike modifiers.",14,0,0,28,12,0,0,0
General,General1,Ability,"Holy Slash",907180,"A strong attack that increases melee damage by 11 as Holystrike damage and causes a high amount of threat.    This uses Heroic Strike modifiers.",1,0,0,0,0,0,0,0
General,General1,Ability,"Holy Supernova",270182,"Causes an explosion of holy light around the caster, dealing 63 to 71 Holy damage to all enemy targets within 15 yards, and healing up to 10 party and raid members within 15 yards for 154, immediately cleansing one negative magic and poison effect from them.    These effects cause no threat. This uses Holy Nova modifiers.",14,0,0,0,0,0,0,0
General,General1,Ability,"Holy Water Tonic",289266,"This spell belongs to Witch Hunter    Smash a holy water tonic beneath you, stunning all Undead and Demon enemies within 8 yds for 6 sec and increasing your damage dealt against Undead and Demons by 15% for 20 sec.    Shares a cooldown with other Tonics.",20,0,0,0,0,0,0,0
General,General1,Ability,"Hour of Judgement",282984,"Causes the Hour of Judgement, making a rain of hammers follow the caster dealing -36 Holy damage every 2 sec to enemies in 10 yards and unleashing a Hammer from the Heavens every 0.5 sec.   Hammer from the Heavens A Holy hammer falls from the heavens, dealing 17 to -19 Holy damage to nearby enemies.",30,0,0,0,0,0,0,0
General,General1,Ability,"Hydra's Venom",285897,"Strike the target, inflicting a poisoned bleed that deals 25 Nature damage and an additional 2 (based on weapon damage) over 15 sec.    This ability is usable while shapeshifted.    This uses Rend modifiers and counts as both a bleed and poison effect.",10,0,0,0,0,0,0,0
General,General1,Ability,"Hydricles",284854,"Launches a bolt of frost that jumps to 5 nearby enemies, dealing 13 Frost damage and slowing their movement speed by 15% for 3 sec.    Each jump reduces the damage by 10%.    Max 3 charges. 8 second recharge timer. Gaining Fingers of Frost restores a charge.    This uses Frostbolt modifiers.",14,0,0,0,0,0,0,0
General,General1,Ability,"Ice Age",281696,"Deals 25 Frost damage to nearby enemies, freezing them for up to 4 seconds. Damage dealt can interrupt the freeze.    Ice Age cannot be dispelled.    This uses Frost Nova modifiers.",10,0,0,0,0,0,0,0
General,General1,Ability,"Ice Lash",273561,"You charge your off-hand weapon with ice, instantly dealing 100% off-hand weapon damage as Frost.     Damage is increased by 25% if your off-hand weapon is enchanted with Frostbrand.    This uses Lava Lash modifiers.",20,0,0,0,0,0,0,0
General,General1,Ability,"Ice Shock",274680,"Finishing move that instantly shocks the target with Frost damage, increasing per combo point:   1 point  : 46-60 damage    2 points: 76-90 damage   3 points: 106-120 damage   4 points: 136-150 damage   5 points: 166-180 damage    This uses Frost Shock modifiers.",20,0,0,0,0,0,0,0
General,General1,Ability,"Icepierce",913354,"Pierce the target, causing 100% weapon damage as Froststrike plus 7 to the target. Must be behind the target. Requires a dagger in the main hand. Awards 1 combo point.  This uses Backstab modifiers.",1,0,0,0,0,0,0,0
General,General1,Ability,"Ices Spike",913312,"An instant strike that deals 65% weapon damage as Froststrike and applies Hemorrhage, increasing Physical damage taken by up to 9. Lasts 10 charges or 15 sec. Awards 1 combo point.  Deals 114% weapon damage as Froststrike if a dagger is equipped and 55% if a two-hander is equipped.  This uses Hemorrhage modifiers.",22,0,0,22,20,0,0,0
General,General1,Ability,"Icesinger Shot",910680,"You attempt to finish the wounded target off, firing a ranged attack dealing 150% weapon damage plus 48 Froststrike damage. Icesinger Shot can only be used on enemies that have 20% or less health.  This uses Kill Shot modifiers.",32,0,0,9,30,0,0,0
General,General1,Ability,"Icy Penance",271341,"Launches a volley of frozen light at an enemy, dealing 143 Holyfrost damage every 1 sec for 2 sec.     The damage gained from spell power is doubled while your Primary Stat is Spirit.    This uses Penance modifiers.",30,0,0,0,0,0,0,0
General,General1,Ability,"Ignis Ultimatus",280570,"This spell belongs to Pyromancer    Channel for 2 sec, gathering a surge of fiery power before unleashing it in a 50 yd line, dealing 400 Fire damage to enemies while also healing allies for 300.    Ignores invulnerabilities, immunities, and resistances.",30,0,0,0,0,0,0,0
General,General1,Ability,"Incarnation of Chaos",280735,"This spell belongs to Chronomancer    Every 2 sec, gain a stack of Incarnation of Chaos, increasing all damage you deal by 2%, stacking up to 10 times.",25,0,0,0,0,0,0,0
General,General1,Ability,"Inferno Barrier",289428,"This spell belongs to Pyromancer    Engulf an ally with molten power for 30 sec. While active, attackers take 6 Fire damage each time they deal damage to them.    Scales with Spirit.",14,0,0,0,0,0,0,0
General,General1,Ability,"Infused Aegis",281050,"This spell belongs to Starcaller    Instantly counterattack any enemy that strikes you from the front in melee for Arcane damage, lasting 10 sec. Can only occur once per sec per enemy.",10,0,0,0,0,0,0,0
General,General1,Ability,"Into Darkness",283896,"You vanish into darkness, entering a vastly improved stealth mode and gaining a shield that absorbs periodic damage. Lasts for 10 sec.     This uses Vanish modifiers. Removes invulnerabilities when used. Shares a 20 second cooldown with other Vanishes.",22,0,0,0,0,0,0,0
General,General1,Ability,"Ironsand",284834,"Channel an ironsand storm around you, dealing 83 Nature damage every second to nearby enemies, slowing them by 15% and causing them to suffer 9 to 13 Bleed damage every second, stacking up to 3 times.",30,0,0,0,0,0,0,0
General,General1,Ability,"Jadefire Corruption",285710,"Burns the target, dealing 28 Fire damage over 12 sec.    This uses Corruption modifiers.",10,0,0,0,0,0,0,0
General,General1,Ability,"Jagged Reinforcement",280400,"This spell belongs to Guardian    Reinforce your shield with razor edges, increasing your critical damage bonus by 4% Lasts 1 hr.",10,0,0,0,0,0,0,0
General,General1,Ability,"Javelin",274278,"Impale the target with a Javelin, dealing 100% armor-piercing weapon damage.",10,0,0,0,0,0,0,0
General,General1,Ability,"Judgement of The Three Hammers",280210,"This spell belongs to Primalist    While active, dealing direct damage with spells and abilities has a 20% chance to hurl 3 hammers over 2 sec, each dealing 103 Physical damage. Lasts for 15 sec.",30,0,0,0,0,0,0,0
General,General1,Ability,"Keg Smash",291036,"Throw a keg into the distance, upon impact it deals Physical damage in an 8-yard area, reducing attack speed by 20%. Lasts 12 sec.",10,0,0,0,0,0,0,0
General,General1,Ability,"Kingsbane",277580,"Release a lethal poison from your dagger and inject it into your target, dealing 93 Nature damage instantly and an additional 68 Nature damage over 14 sec.  Each time you apply a Deadly, Instant or Wound Poison to a target affected by Kingsbane, Kingsbane damage increases by 20%.  Awards 2 combo points.  Kingsbane damage is only increased by 5% versus players.",40,0,0,0,0,0,0,0
General,General1,Ability,"Knifestorm",285915,"A rain of knives falls upon the target area, dealing 146 Physical damage every 1 sec while channeling. Lasts 10 sec.    This uses Hurricane modifiers.",40,0,0,0,0,0,0,0
General,General1,Ability,"Lava Smash",907440,"Blasts nearby enemies dealing 10 Firestrike damage and increasing the time between their attacks by 10% for 10 sec. This ability causes additional threat.    This uses Thunder Clap modifiers.",1,0,0,0,0,0,0,0
General,General1,Ability,"Lava Sweep",271579,"Unleash fiery sweep of lava in front of you, dealing 75% main-hand weapon damage as Fire damage. If your weapon is enchanted with Flametongue, damage dealt by Lava Sweep to your primary target is increased by 25%.    This uses Lava Lash modifiers.",20,0,0,0,0,0,0,0
General,General1,Ability,"Lich Form",280535,"This spell belongs to Necromancer    Transform into a lich for 30 sec, increasing Frost damage you deal by 10%.",20,0,0,0,0,0,0,0
General,General1,Ability,"Lichplague",280500,"This spell belongs to Necromancer    Disease an enemy, dealing 26 Plague damage every 3 sec for 18 sec.    Damage increased by 20% for each of your diseases on the enemy.",20,0,0,0,0,0,0,0
General,General1,Ability,"Lifeblood",280830,"This spell belongs to Venomancer    Embrace Shadra's lifeblood, reducing your damage taken and pushback from casting spells by 20% and causing all damage taken to cast Rejuvenating Venom. Lasts for 10 sec.  Rejuvenating Venom Heal a random ally within 30 yds of your target for 2 over 6 sec.",29,0,0,0,0,0,0,0
General,General1,Ability,"Light Breaker",907540,"Sunder the target's armor causing the Sunder Armor effect. In addition, causes 78% weapon damage (62% if a two-handed weapon is equipped) plus 3 as Holystrike damage for each application of Sunder Armor on the target. The Sunder Armor effect can stack up to 5 times.    Sunder Armor Sunders the target's armor, reducing it by 4%. Stacks up to 5 times and lasts for 30 sec. Does not stack with other similar effects.    This uses Devastate modifiers.",10,0,0,0,0,0,0,0
General,General1,Ability,"Light Lash",907120,"You charge your off-hand weapon with elemental force, instantly dealing 100% off-hand Weapon damage as Holystrike damage.     Damage is increased by 25% if your off-hand weapon is enchanted with Windfury.    This uses Lava Lash modifiers.",1,0,0,0,0,0,0,0
General,General1,Ability,"Light Maul",904400,"A strong attack that increases melee damage by 18 as Holystrike damage and causes a high amount of threat. Effects which increase bleed effects also increase Maul damage.    This uses Maul modifiers.",1,0,0,0,0,0,0,0
General,General1,Ability,"Light of Justice",283959,"Stuns the target for 5 sec, but reduces the damage the target takes by 50%.    Surge of Light makes this instant.    This uses Hammer of Justice modifiers.",10,0,0,0,0,0,0,0
General,General1,Ability,"Light of the Guardian",286025,"Heals a friendly target for 77 and deals the effective amount healed as damage split among enemies within 8 yards of the caster.    Only usable after you dodge, block or parry an attack.    This uses Holy Light modifiers.",10,0,0,0,0,0,0,0
General,General1,Ability,"Light Swipe (Bear)",912061,"Swipe nearby enemies, inflicting 12 Holystrike damage plus 1 Holystrike damage.  This uses Swipe modifiers.",1,0,0,4,0,0,0,0
General,General1,Ability,"Light Swipe (Cat)",912060,"Swipe nearby enemies, inflicting 90% weapon damage as Holystrike.  This uses Swipe modifiers.",1,0,0,4,4,0,0,0
General,General1,Ability,"Light Talon",904640,"A strong attack that increases melee damage by 5 as Holystrike damage.    This uses Raptor Strike modifiers.",1,0,0,0,0,0,0,0
General,General1,Ability,"Lightbound Cleave",907300,"A sweeping attack that does your weapon damage plus 9 as Holystrike damage to the target and his nearest ally.    This uses Cleave modifiers.",16,0,0,0,0,0,0,0
General,General1,Ability,"Lightbound Shot",904760,"An aimed shot that deals 100% weapon damage plus 12 as Holystrike damage and reduces healing done to that target by 50%. Lasts 10 sec.   Does not stack with other similar effects.  This uses Aimed Shot modifiers.",16,0,0,0,0,0,0,0
General,General1,Ability,"Lightning Blade",275047,"Attack instantly for 100% of your main-hand weapon damage as Nature and causing the target to take 100% increased damage from your Thunder Clap for 6 seconds.    This uses Stormstrike modifiers.    Increases Thunder Clap damage by 40% versus players.",10,0,0,0,0,0,0,0
General,General1,Ability,"Lightning Lash",907870,"You charge your off-hand weapon with elemental force, instantly dealing 100% off-hand Weapon damage as Stormstrike damage.     Damage is increased by 25% if your off-hand weapon is enchanted with Windfury.    This uses Lava Lash modifiers.",1,0,0,0,0,0,0,0
General,General1,Ability,"Lightning Rupture",907060,"Finishing move that causes Stormstrike damage over time.  Lasts longer per combo point:     1 point  : 40 Stormstrike damage over 8 sec     2 points: 61 Stormstrike damage over 10 sec     3 points: 87 Stormstrike damage over 12 sec     4 points: 117 Stormstrike damage over 14 sec     5 points: 153 Stormstrike damage over 16 sec    This uses Rupture modifiers.",20,0,0,0,0,0,0,0
General,General1,Ability,"Lightning Slash",907240,"A strong attack that increases melee damage by 11 as Stormstrike damage and causes a high amount of threat.    This uses Heroic Strike modifiers.",1,0,0,0,0,0,0,0
General,General1,Ability,"Lightshred",904280,"Shred the target, causing 145% weapon damage plus 15 as Holystrike damage to the target. Must be behind the target. Awards 1 combo point. Effects which increase bleed damage also increase Lightshred damage.    This uses Shred modifiers.",10,0,0,0,0,0,0,0
General,General1,Ability,"Lightwave",913426,"Sends a wave of force in front of the caster, causing 4 Holystrike damage (based on attack power) and stunning all enemy targets in a frontal cone for 4 sec.  This uses Shockwave modifiers.",40,0,0,40,38,0,0,0
General,General1,Ability,"Living Lightning",271153,"Requires  Path of Healing  Heals an ally for 213 to 240, then jumps to heal more nearby targets before forking into a Chain Lightning strike. Each jump decreases the heal's potency by 25%. Heals 3 total targets.    This uses Chain Heal modifiers.",40,0,0,0,0,0,0,0
General,General1,Ability,"Loa's Assault",277550,"Throws both weapons at the target, causing 70% weapon damage plus 44. Can trigger Piercing Shots.    This uses Slam modifiers",30,0,0,0,0,0,0,0
General,General1,Ability,"Localized Storm",286201,"Summon a violent storm in the target area for 12 sec, dealing 112 Nature damage to enemies every 1.50 sec, reducing the attack speed of enemies by 20%.  This uses Hurricane modifiers.",40,0,0,0,0,0,0,0
General,General1,Ability,"Locust Shot",903092,"A steady shot charged with storm energy that causes 50% weapon damage as Stormstrike damage and deals 6 additional Stormstrike damage. Causes an additional 5 Stormstrike damage to slowed targets.    This uses Steady Shot modifiers.",1,0,0,0,0,0,0,0
General,General1,Ability,"Lunar Aspiration",285802,"Burns the enemy for 5 Arcane damage and an additional 2 Arcane damage every 3 for 9 sec. Awards 1 combo point.     This uses Moonfire modifiers.",10,0,0,0,0,0,0,0
General,General1,Ability,"Macro-Gravity Zone",280270,"This spell belongs to Tinker    Create a macro-gravity zone at target location for 8 sec.    Enemies within the zone have their movement speed slowed by 40% and gain 1 stack of Macro-Gravity every 0.50 sec.  Macro-Gravity At 6 stacks, you will be stunned for 6 sec.",10,0,0,0,0,0,0,0
General,General1,Ability,"Maggot Trap",285854,"Set a trap that releases venomous maggots on the first enemy that approaches. Maggots last for 15 seconds. Trap remains for 30 sec. Only one trap can be active at a time.",10,0,0,0,0,0,0,0
General,General1,Ability,"Magic Multi-Shot",910640,"Fires several missiles, hitting 3 targets for 65% weapon damage as Spellstrike.  This uses Multi-Shot modifiers.",18,0,0,5,16,0,0,0
General,General1,Ability,"Malediction",289020,"This spell belongs to Bloodmage    Condemn an enemy, dealing 201 Shadow damage over 12 sec and increasing the damage they take from the next 5 direct damage spells dealt by you, your pets, or your guardians by 20%.",25,0,0,0,0,0,0,0
General,General1,Ability,"Malignant Jinx",280055,"This spell belongs to Witch Doctor    Curse an enemy for 8 sec, causing their next spell cast to silence them for 5 seconds.",22,0,0,0,0,0,0,0
General,General1,Ability,"Mana Lash",907080,"You charge your off-hand weapon with elemental force, instantly dealing 100% off-hand Weapon damage as Spellstrike damage.     Damage is increased by 25% if your off-hand weapon is enchanted with Windfury.    This uses Lava Lash modifiers.",1,0,0,0,0,0,0,0
General,General1,Ability,"Mana Spike",913336,"An instant strike that deals 65% weapon damage as Spellstrike and applies Hemorrhage, increasing Physical damage taken by up to 9. Lasts 10 charges or 15 sec. Awards 1 combo point.  Deals 114% weapon damage as Spellstrike if a dagger is equipped and 55% if a two-hander is equipped.  This uses Hemorrhage modifiers.",22,0,0,22,20,0,0,0
General,General1,Ability,"Manachaser",907620,"Instantly strike the enemy, causing 65% weapon damage as Spellstrike damage. Only usable after the target dodges. Manachaser cannot be blocked, dodged, or parried.    This uses Overpower modifiers.",10,0,0,0,0,0,0,0
General,General1,Ability,"Manareaver",903150,"An instant arcane strike that causes 50% weapon damage as Spellstrike damage.    This uses Crusader Strike modifiers.",1,0,0,0,0,0,0,0
General,General1,Ability,"Manaripper",904000,"Finishing move that causes Spellstrike damage over time.  Damage increases per combo point:     1 point  : 16 Spellstrike damage over 12 sec     2 points: 26 Spellstrike damage over 12 sec     3 points: 36 Spellstrike damage over 12 sec     4 points: 46 Spellstrike damage over 12 sec     5 points: 56 Spellstrike damage over 12 sec    This uses Rip modifiers.",1,0,0,0,0,0,0,0
General,General1,Ability,"Manathirst",910400,"Instantly attack the target causing 4 Spellstrike damage. Each bleed applied by you increases the damage of Manathirst by 8%, up to a maximum of 40%. In addition, the next 3 successful melee attacks will restore 1% of max health. This effect lasts 8 sec.  This uses Bloodthirst modifiers.",30,0,0,8,28,0,0,0
General,General1,Ability,"March of the Dead",280510,"This spell belongs to Necromancer    Spend rage to summon a line of undead at the target location for 30 sec.    Each undead marches forward, exploding when it reaches an enemy and dealing damage to nearby enemies.",40,0,0,0,0,0,0,0
General,General1,Ability,"Masochistic Rage",280185,"This spell belongs to Reaper    After a 1 sec delay, you suffer damage equal to 20% of your maximum health, enraging you and increasing your damage dealt by 20% for 15 sec.",28,0,0,0,0,0,0,0
General,General1,Ability,"Mass Grave",280475,"This spell belongs to Necromancer    Transform up to 5 nearby Humanoid enemies into ghouls, fearing them for 40 sec. Damage may cancel the effect.",30,0,0,0,0,0,0,0
General,General1,Ability,"Mass Hysteria",281702,"Instills fear in all enemies within 8 yards of your target, making them flee. Lasts 10 sec.    This uses Fear modifiers.    Players are feared for 6 seconds and damage may interrupt the effect.",10,0,0,0,0,0,0,0
General,General1,Ability,"Mass Razorlash",284560,"Lash out at nearby enemies with razor-sharp vines, dealing 27 Nature damage and causing targets to bleed for 10 physical damage every 2 seconds for 10 sec.    This ability is usable while shapeshifted.",18,0,0,0,0,0,0,0
General,General1,Ability,"Mass Slow",281627,"Slows down the movement speed of your target and all enemies within 10 yards by 40%, increases the time between their ranged attacks by 30%, and increases casting time by 15%. Lasts 10 sec.    Does not stack with other similar effects.  This uses Slow modifiers.",50,0,0,0,0,0,0,0
General,General1,Ability,"Mechanical Arm",285647,"Strikes the target, dealing 50% weapon damage plus 20 as Nature damage and granting you Maelstrom Weapon if known.",10,0,0,0,0,0,0,0
General,General1,Ability,"Med Pack",289355,"This spell belongs to Tinker    Toss a med pack to an ally, healing for 204 over 6 sec and cleanses all bleed, poison and disease effects.",16,0,0,0,0,0,0,0
General,General1,Ability,"Medicinal Sting",276885,"Requires  Path of Healing  Stings an enemy with medicinal poison, dealing 7 Nature damage and healing your ally near the target for 10 every 2 sec for 16 sec.    This uses Serpent Sting modifiers.",10,0,0,0,0,0,0,0
General,General1,Ability,"Megafrost",284822,"Finishing move that deals Frost damage around the caster and freezes enemies per combo point:    1 point : 10 damage and freezes enemies for 1 sec    2 points: 16 damage and freezes enemies for 2 sec    3 points: 22 damage and freezes enemies for 3 sec    4 points: 28 damage and freezes enemies for 4 sec    5 points: 34 damage and freezes enemies for 5 sec    Scales from modifiers to Frost Nova. Fingers of Frost allows casting at no combo points.",10,0,0,0,0,0,0,0
General,General1,Ability,"Mirage",280451,"This spell belongs to Witch Doctor    Become invisible for 20 sec, leaving a copy of yourself behind, teleporting forward, and reducing threat each second. Direct damage or healing done will end this effect.    While invisible, you can only see other invisible targets and those who can see invisible.    You may reactivate this ability within 5 sec to return to your initial location.",10,0,0,0,0,0,0,0
General,General1,Ability,"Molten Mind",284429,"Your mind becomes molten, increasing the amount healed by your critical heals and the damage dealt by your spell criticals by 5%, reducing their threat, but increasing the mana cost of your spells by 3%.    This cannot be used together with other bar-changing abilities such as Stances or Forms.",60,0,0,0,0,0,0,0
General,General1,Ability,"Moonlit Slumber",280000,"This spell belongs to Starcaller    Put an enemy to sleep for 30 sec. (10 seconds on players). Damage dealt will end the effect.",20,0,0,0,0,0,0,0
General,General1,Ability,"Moonwell",280625,"This spell belongs to Starcaller  Requires  Path of Healing    Create a zone blessed by moonwell waters for 15 sec at the target location.    All allied players standing within the well receive 25% more healing, and their mana regeneration is increased by 100%.",25,0,0,0,0,0,0,0
General,General1,Ability,"Mountain Fury",281140,"This spell belongs to Primalist    Move the earth, dealing 92 Physical damage to up to 12 enemies in a 10 yd frontal cone, pulling them toward you, repeating every 2 sec for 4 sec.  Each time an enemy is pulled toward you, you gain 2% reduced damage taken for 3 sec, stacking 5 times.",25,0,0,0,0,0,0,0
General,General1,Ability,"Mutation",280495,"This spell belongs to Necromancer    For the next 15 sec your diseases mutate, causing freshly applied diseases to tick 50% faster.",25,0,0,0,0,0,0,0
General,General1,Ability,"My Greatest Invention!",281290,"Requires  Path of Healing  This spell belongs to Tinker    Show off your Greatest Invention, healing party and raid members in a 30 yd radius for 209 every 1.50 sec for 9 sec.",30,0,0,0,0,0,0,0
General,General1,Ability,"Mycelial Ring",281100,"This spell belongs to Venomancer    Create an 8 yd ring beneath you for 10 sec that deals 25 Nature damage every 1 sec to enemies inside and immediately grows 12 Mushrooms in a circle around you.    At the end of the duration, up to 15 allies inside are healed for 300.    Can be used in any form.    Mycelial Ring Mushroom Explosion Drop a Mushroom near the target that explodes after 2 sec, dealing 4 Plague Damage to all nearby enemies.",25,0,0,0,0,0,0,0
General,General1,Ability,"Mystic Bloodstrike",913180,"Instantly strike the enemy, causing 25% weapon damage as Spellstrike plus 8, total damage increased by 12.5% for each of your diseases on the target.  This uses Blood Strike modifiers.",1,0,0,0,0,0,0,0
General,General1,Ability,"Mystic Maul",904360,"A strong attack that increases melee damage by 18 as Spellstrike damage and causes a high amount of threat. Effects which increase bleed effects also increase Maul damage.  This uses Maul modifiers.",1,0,0,0,0,0,0,0
General,General1,Ability,"Mystic Riposte",910520,"A strike that becomes active after parrying an opponent's attack. This attack deals 100% weapon damage as Spellstrike and slows their melee attack speed by 20% for 30 sec. Awards 1 combo point.  This uses Riposte modifiers.",16,0,0,4,14,0,0,0
General,General1,Ability,"Mystic Shield Slam",911000,"Slam the target with your shield, causing 191 to 199 Spellstrike damage, modified by your shield block value, and dispels 1 magic effect on the target. Causes a high amount of threat.  This uses Shield Slam modifiers.",40,0,0,11,38,0,0,0
General,General1,Ability,"Mystic Shot",907916,"A steady shot charged with arcane force that causes 50% weapon damage as Spellstrike damage and deals 6 additional Spellstrike damage. Causes an additional 5 Spellstrike damage to slowed targets.    This uses Steady Shot modifiers.",1,0,0,0,0,0,0,0
General,General1,Ability,"Mystic Talon",904600,"A strong attack that increases melee damage by 5 as Spellstrike damage.    This uses Raptor Strike modifiers.",1,0,0,0,0,0,0,0
General,General1,Ability,"Nether Portal",290441,"Tear open a portal to the Twisting Nether for 20 sec. Casting Shadow Bolt, Incinerate or Soul Fire summons a demon to fight for you.     Summoning 3 demons causes a stronger one to be summoned which sends the previous ones back to the nether.",35,0,0,0,0,0,0,0
General,General1,Ability,"Netherstrike",289030,"This spell belongs to Cultist    Strike an enemy quickly for 100% Shadow Weapon Damage, purging 1 beneficial magic effect from them.    Only usable on enemies below 35% health.",10,0,0,0,0,0,0,0
General,General1,Ability,"Nightmare Roots",282958,"Summon a fog that causes Nightmare Roots to strike targets after 3 sec for 38 Shadow damage.    This uses Entangling Roots modifiers. Nightmare Roots cannot trigger the Brambles Capstone.",10,0,0,0,0,0,0,0
General,General1,Ability,"Nimble Mind",284442,"Your mind becomes nimble, increasing your spell haste by 5%, reducing the mana cost of your spells by 10%, but increasing your damage taken by 5%.    This cannot be used together with other bar-changing abilities such as Stances or Forms.",10,0,0,0,0,0,0,0
General,General1,Ability,"Obliterating Aether",907878,"A brutal instant attack that causes 50% weapon damage and deals 35 additional Spellstrike damage. Damage is increased by 12.5% for each of your diseases on the target, but consumes the diseases.    This uses Obliterate modifiers.",20,0,0,0,0,0,0,0
General,General1,Ability,"Obliterating Fire",903206,"A brutal instant attack that causes 50% weapon damage and deals 35 additional Firestrike damage. Damage is increased by 12.5% for each of your diseases on the target, but consumes the diseases.    This uses Obliterate modifiers.",20,0,0,0,0,0,0,0
General,General1,Ability,"Obliterating Ice",903190,"A brutal instant attack that causes 50% weapon damage and deals 35 additional Froststrike damage. Damage is increased by 12.5% for each of your diseases on the target, but consumes the diseases.    This uses Obliterate modifiers.",20,0,0,0,0,0,0,0
General,General1,Ability,"Obliterating Light",907886,"A brutal instant attack that causes 50% weapon damage and deals 35 additional Holystrike damage. Damage is increased by 12.5% for each of your diseases on the target, but consumes the diseases.    This uses Obliterate modifiers.",20,0,0,0,0,0,0,0
General,General1,Ability,"Obliterating Storm",903222,"A brutal instant attack that causes 50% weapon damage and deals 35 additional Stormstrike damage. Damage is increased by 12.5% for each of your diseases on the target, but consumes the diseases.    This uses Obliterate modifiers.",20,0,0,0,0,0,0,0
General,General1,Ability,"Obliterating Void",903198,"A brutal instant attack that causes 50% weapon damage and deals 35 additional Shadowstrike damage. Damage is increased by 12.5% for each of your diseases on the target, but consumes the diseases.    This uses Obliterate modifiers.",20,0,0,0,0,0,0,0
General,General1,Ability,"Oil Dipped Arrow",284908,"An instant shot that deals 21 Physical damage and soaks your target in oil, increasing your Fire damage dealt to the target by 5% for 12 seconds.    This uses Arcane Shot modifiers.",12,0,0,0,0,0,0,0
General,General1,Ability,"Panache",277021,"Requires  Duelist's Glove  A Duelist's Glove is an off-hand item that enables Swashbuckling. It is granted whenever you learn a talent or ability that requires it. Requires a one-handed weapon and does not work while shapeshifted.    Finishing move that deals damage to all enemies within 8 yards:     1 point  : 6-6 damage     2 points: 8-8 damage     3 points: 11-11 damage     4 points: 14-14 damage     5 points: 17-17 damage    This uses Eviscerate modifiers.",10,0,0,0,0,0,0,0
General,General1,Ability,"Payback",291042,"Deal a vengeful blow to all enemies in front of you for 54 to 65 damage. Payback is only usable after you block, dodge or parry an attack.    This ability uses Revenge modifiers.",12,0,0,0,0,0,0,0
General,General1,Ability,"Perilous Pain",286372,"Inflict searing pain on the enemy target, dealing 28 to 34 Fire damage. Causes a high amount of threat. This spell can be cast while moving.    Uses Searing Pain modifiers.",16,0,0,0,0,0,0,0
General,General1,Ability,"Phalanx Thrust",291053,"Stab all enemies in front of you with your polearm, dealing 125% weapon damage.    This uses Siegebreaker modifiers.",40,0,0,0,0,0,0,0
General,General1,Ability,"Phoenix Egg",280580,"Requires  Path of Healing  This spell belongs to Pyromancer    Summon a Phoenix for 1 min at the target location that heals nearby party members for 1 every 5 sec.    You may only have 1 Phoenix active at a time.",10,0,0,0,0,0,0,0
General,General1,Ability,"Piercing Cleaver",285037,"Throws cleavers at 5 nearby enemies, dealing 32 Physical damage. Increases the damage each target takes from your next Execute by 15% for 18 sec, stacks up to 5 times.    The duration of Piercing Cleaver cannot be refreshed.",20,0,0,0,0,0,0,0
General,General1,Ability,"Pillar of Flame",281070,"This spell belongs to Pyromancer    Create a pillar of lava beneath an enemy, dealing 36 Fire damage.    Deals an additional 92 Fire damage to enemies near the primary target.",25,0,0,0,0,0,0,0
General,General1,Ability,"Pistol Shot",276631,"Fires your pistol to deal 100% of your normal ranged weapon damage plus 3. Awards 1 combo point.    This uses Sinister Strike modifiers.",10,0,0,0,0,0,0,0
General,General1,Ability,"Plague Swarm",276431,"The enemy is swarmed by disease infected insects, causing 142 Plague damage over 12 sec.     This uses Insect Swarm modifiers.",22,0,0,0,0,0,0,0
General,General1,Ability,"Plaguebringer",288806,"Infects the target with Frost Fever and Blood Plague.",34,0,0,0,0,0,0,0
General,General1,Ability,"Poised Reinforcement",280415,"This spell belongs to Guardian    Reinforce your shield with magic, causing blocked attacks while below 20% health to grant you 10% increased block value for 5 sec.",28,0,0,0,0,0,0,0
General,General1,Ability,"Poison Bomb",284169,"Throw a Poison Bomb that unleashes deadly fumes, immediately applying 2 stacks of Deadly Poison and an additional stack to nearby enemies every 2 seconds for 8 sec.",20,0,0,0,0,0,0,0
General,General1,Ability,"Poison Nova",285202,"Release a pulse of poison around you, dealing Nature damage per combo point.       1 point  : 17-26 Nature damage     2 points: 30-39 Nature damage     3 points: 43-52 Nature damage     4 points: 56-65 Nature damage     5 points: 69-78 Nature damage    Poison Nova increases damage taken from the caster's Deadly Poison, Envenom and Instant Poison by 20% for 12 sec.    Usable in Cat Form.",20,0,0,0,0,0,0,0
General,General1,Ability,"Poison Rain",284623,"Deals 149 Nature damage and applies Catalyst to 10 nearby enemies every 1 seconds for 4 sec while channeled.      Catalyst Increases the damage of the caster's poisons by 5%. Stacks up to 4 times. Lasts for 12 seconds.",30,0,0,0,0,0,0,0
General,General1,Ability,"Potion Toss",285228,"Requires  Path of Healing  Throw a potion that heals your ally for 25 and an additional 6 every 1 for 9 sec.     Effective direct heals with Potion Toss while in combat award 1 combo point.    This healing spell scales from your Holy or Nature healing modifiers, whichever is strongest.",10,0,0,0,0,0,0,0
General,General1,Ability,"Prayer of Preservation",276250,"A powerful prayer that heals 5 party or raid members within 8 yards for 437 over 3 sec. The final heal of this channel is increased by 70%.    This uses Prayer of Healing modifiers.",30,0,0,0,0,0,0,0
General,General1,Ability,"Primal Totem",280315,"This spell belongs to Primalist    Summon a totem that increases all stats of party and raid members by 1 within 40 yds for 30 sec.",30,0,0,0,0,0,0,0
General,General1,Ability,"Primordial Pulse",289230,"This spell belongs to Runemaster    Inscribe an area with runes for 2 sec, dealing 23 Elemental Damage every 0.50 sec to up to 5 enemies inside.",25,0,0,0,0,0,0,0
General,General1,Ability,"Psychic Suppression",280615,"This spell belongs to Cultist    Lift an enemy into the air, stunning them for 5 sec.",25,0,0,0,0,0,0,0
General,General1,Ability,"Pulverize",291033,"Consumes all stacks of your Lacerate or Thrash bleeds to deal 603 damage to your target and grants you Enrage for 6 seconds.     Pulverize is only usable when the target has at least 3 stacks of Lacerate or Thrash on them.",40,0,0,0,0,0,0,0
General,General1,Ability,"Puncture",275662,"Poisons the target, dealing 14 Stormstrike damage and an additional 78 Stormstrike damage over 9 sec. Awards 1 combo point.    This uses Rake modifiers.",18,0,0,0,0,0,0,0
General,General1,Ability,"Pyro Tonic",289265,"This spell belongs to Witch Hunter    Drink a fiery tonic, increasing damage done by 5% and your critical strike chance by 5% for 15 sec.    Shares a cooldown with other Tonics.",25,0,0,0,0,0,0,0
General,General1,Ability,"Pyroclysm",280855,"This spell belongs to Pyromancer    Launch into the air, dealing 23 Fire damage, knocking back enemies within 6 yds and dazing them for 6 sec.    Upon landing, deal 11 Fire damage, knock back enemies within 6 yds and daze them for 6 sec.",29,0,0,0,0,0,0,0
General,General1,Ability,"Quake",280885,"This spell belongs to Primalist    2 Charges, 8 sec recharge  Stomp the ground, dealing Weapon Damage plus 14 Nature damage to enemies within 8 yds and reduces their melee and ranged haste by 20% for 10 sec.",10,0,0,0,0,0,0,0
General,General1,Ability,"Quick Draw",285612,"A quick shot that deals 81% weapon damage.    Max 3 charges. 20 second recharge timer. Casting Mongoose Bite or Counterattack restores a charge.    This uses Steady Shot modifiers.",30,0,0,0,0,0,0,0
General,General1,Ability,"Radiance",281280,"This spell belongs to Sun Cleric    Every 2 sec you burst with light, healing nearby allies for 17 and damaging nearby enemies for 19. Lasts 10 sec.",29,0,0,0,0,0,0,0
General,General1,Ability,"Raging Lunge",286391,"Deals 100% Weapon damage up to 5 enemies in front of you.     Becoming Enraged enables one use of Raging Lunge. You can store up to 2 charges.    This uses Raging Blow modifiers.  Multiple Raging Blow! charges cannot be gained within the same global cooldown. Does not receive a charge from Wrecking Crew.",28,0,0,0,0,0,0,0
General,General1,Ability,"Rain of Arrows",281823,"Continuously fires a volley of ammo at the target area, causing 106 Arcane damage to enemy targets within 5 yards every 3.00 seconds for 9 sec.    Scales with Volley modifiers.",40,0,0,0,0,0,0,0
General,General1,Ability,"Ray of Frost",984513,"Channel an icy beam at the target for 5 sec, dealing 32 Frost damage every 1 sec, slowing the target by 23%.    Each time Ray of Frost deals damage, its damage and snare is increased by 20%.",60,0,0,0,0,0,0,0
General,General1,Ability,"Razorlash",284559,"Lash out with razor-sharp vines, dealing 31 Nature damage and causing the target to bleed for 10 physical damage every 2 seconds for 10 sec.     This ability is usable while shapeshifted.",10,0,0,0,0,0,0,0
General,General1,Ability,"Razzashi Talon",275861,"Instantly attacks with both weapons for 100% weapon damage plus an additional 20, increased by 5% (up to 50%) per bleed you applied to your target. Awards 2 combo points.    This uses Mutilate modifiers.",20,0,0,0,0,0,0,0
General,General1,Ability,"Reave",280990,"This spell belongs to Bloodmage    Lacerate an enemy, dealing 65% Weapon Damage plus 26.    If you are behind the enemy or the enemy is bleeding, deal 100% additional Shadow damage for each matching condition. If the enemy is below 35% health, deal 125% additional Shadow damage.",10,0,0,0,0,0,0,0
General,General1,Ability,"Resonance Rune",280960,"This spell belongs to Runemaster    Place an arcane rune on the ground that dispels 3 harmful magic effects from allies in the radius, and purges 3 beneficial magic effects from enemies.",28,0,0,0,0,0,0,0
General,General1,Ability,"Reverse Magic",280780,"This spell belongs to Starcaller    Reverse the next spell cast on you within 3 sec, reflecting it back to its caster.    Reversing a spell in this way drains 150 of the attacker's mana.",29,0,0,0,0,0,0,0
General,General1,Ability,"Righteous Execution",913100,"Attempt to finish off a wounded foe, causing 65% of 65 Holystrike damage and converting each extra point of rage into 65% of 2 additional Holystrike damage (up to a maximum cost of 30 rage). Only usable on enemies that have less than 20% health.  This uses Execute modifiers.",16,0,0,4,14,0,0,0
General,General1,Ability,"Righteous Multi-Shot",910620,"Fires several missiles, hitting 3 targets for 65% weapon damage as Holystrike.  This uses Multi-Shot modifiers.",18,0,0,5,16,0,0,0
General,General1,Ability,"Rime Breaker",907580,"Sunder the target's armor causing the Sunder Armor effect. In addition, causes 78% weapon damage (62% if a two-handed weapon is equipped) plus 3 as Froststrike damage for each application of Sunder Armor on the target. The Sunder Armor effect can stack up to 5 times.    Sunder Armor Sunders the target's armor, reducing it by 4%. Stacks up to 5 times and lasts for 30 sec. Does not stack with other similar effects.    This uses Devastate modifiers.",10,0,0,0,0,0,0,0
General,General1,Ability,"Rime Lash",907862,"You charge your off-hand weapon with elemental force, instantly dealing 100% off-hand Weapon damage as Froststrike damage.     Damage is increased by 25% if your off-hand weapon is enchanted with Windfury.    This uses Lava Lash modifiers.",1,0,0,0,0,0,0,0
General,General1,Ability,"Rime Revenge",910800,"Instantly counterattack an enemy for 58 to 70 Froststrike damage. Icy Vengeance is only usable after the warrior blocks, dodges or parries an attack.  This uses Revenge modifiers.",12,0,0,3,10,0,0,0
General,General1,Ability,"Rime Strike",903036,"An instant frost-infused strike that causes 3 Froststrike damage in addition to 65% of your normal weapon damage (55% if a two-handed weapon is equipped). Awards 1 combo point.    This uses Sinister Strike modifiers.",1,0,0,0,0,0,0,0
General,General1,Ability,"Roaring Pyre",280590,"Requires  Path of Healing  This spell belongs to Pyromancer    Conjure a Roaring Pyre at the target location for 20 sec.    Allies within 30 yds of the bonfire are healed for 41, scaling with your Spirit and healing spell power, every 2 sec and their Spirit is increased by 10%.",30,0,0,0,0,0,0,0
General,General1,Ability,"Rock Barrier",280295,"This spell belongs to Primalist    2 Charges, 20 sec recharge Raise rocks from beneath you, increasing your Armor by 98, scaling with your Stamina. Lasts for 10 attacks or 10 sec.    Expending a charge of Rock Barrier launches a Geode at the enemy.  Geode Hurl an enchanted stone at the target, dealing 2 Physical damage.",10,0,0,0,0,0,0,0
General,General1,Ability,"Rocket Boots",280030,"This spell belongs to Tinker    3 Charges, 30 sec recharge  Activate your Rocket Boots launching you forwards.",10,0,0,0,0,0,0,0
General,General1,Ability,"Rocket Launcher",289140,"This spell belongs to Tinker    Fire a powerful rocket at an enemy that deals 78 Fire damage.",10,0,0,0,0,0,0,0
General,General1,Ability,"Roll Back",280115,"This spell belongs to Chronomancer    Roll back time, dispelling the last harmful effect placed on an ally.    Subsequent uses increases the mana cost of this ability by 50% for 5 sec.",18,0,0,0,0,0,0,0
General,General1,Ability,"Rotting Breath",282930,"Deals 170 to 207 Plague damage to enemies in a cone in front of you and applies Rotting.    This ability is usable while shapeshifted.    This uses Dragon's Breath modifiers.    Rotting Deals Plague damage every 3 seconds and increases your damage dealt with Physical, Shadow or Nature spells and abilities by 8% for 9 seconds.",36,0,0,0,0,0,0,0
General,General1,Ability,"Runic Hurricane",280930,"This spell belongs to Runemaster    Strike an enemy 5 times over 2 sec, each strike dealing 35% Weapon Damage as Nature Damage.    While striking your target, your chance to dodge is increased by 100%, but you cannot use any spells or abilities.",10,0,0,0,0,0,0,0
General,General1,Ability,"Saber Slash",284511,"Finishing move that causes damage per combo point:    1 point  : 109-151 damage    2 points: 189-231 damage    3 points: 270-312 damage    4 points: 351-393 damage    5 points: 432-474 damage    Spreads your Rupture when used at 5 points.",40,0,0,0,0,0,0,0
General,General1,Ability,"Sacred Grove",280665,"Requires  Path of Healing  This spell belongs to Primalist    Create a Sacred Grove in a 15 yd radius around you for 16 sec, instantly healing nearby party and raid members for 1003.    While active, allies in the grove receive 25% increased healing and regain 2% of their missing health every 2 sec.",25,0,0,0,0,0,0,0
General,General1,Ability,"Salamander Bite",904540,"Attack the enemy for 11 Firestrike damage.    This uses Mongoose Bite modifiers.",1,0,0,0,0,0,0,0
General,General1,Ability,"Savage Blade",272358,"You throw a Savage Blade at the enemy, dealing 150% ranged weapon damage.",10,0,0,0,0,0,0,0
General,General1,Ability,"Scorched Earth",286356,"Scorch the enemy for 50 to 61 Fire damage. This can be cast while moving.    This uses Scorch modifiers.",22,0,0,0,0,0,0,0
General,General1,Ability,"Screams of the Past",284547,"Unleash a chorus of screams from the past inflicting Psychic Trauma on nearby enemies, causing them flee for 6 sec, be silenced for 5 sec and take 15 Shadow damage every 2 sec for 10 sec.    This uses Psychic Scream modifiers.",10,0,0,0,0,0,0,0
General,General1,Ability,"Seal of Arcane Wrath",277854,"Fills the Paladin with arcane spirit, Paladin melee abilities, and main hand auto attacks deal additional Arcane damage.    Unleashing this Seal's energy will deal 4 Arcane damage to an enemy.    Scales with Seal of Righteousness modifiers.    Only one Seal can be active on the Paladin at any one time.",10,0,0,0,0,0,0,0
General,General1,Ability,"Seal of Ebon Vengeance",288847,"Fills you with ebon power, causing Paladin and Death Knight melee abilities to apply Ebon Corruption, which deals 40 additional Shadow damage over 15 sec.  Ebon Corruption can stack up to 5 times. Once stacked to 5 times, each of your Paladin and Death Knight melee abilities deals damage as additional Shadow damage. Only one Seal can be active on the caster at any one time. Lasts until cancelled.  Unleashing this Seal's energy will deal 170 Shadow damage to an enemy, increased by 10% for each application of Ebon Corruption on the target.    This uses Seal of Vengeance modifiers.",44,0,0,0,0,0,0,0
General,General1,Ability,"Seal of Fervor",272087,"Fills you with fiery spirit, granting each main hand auto attack and Paladin melee ability 1 additional Fire damage. Only one Seal can be active at one time.    Unleashing this Seal's energy burns the enemy, dealing 2 Fire damage every second for 3 seconds.    Scales with Seal of Righteousness damage modifiers.",10,0,0,0,0,0,0,0
General,General1,Ability,"Searing Brand",289443,"This spell belongs to Pyromancer    Burn an enemy, inflicting 112 Fire damage over 21 sec. If Searing Brand is dispelled, it deals 111 Fire damage to the dispeller.    Castable while moving. Cremation can consume this effect and includes its remaining periodic damage.",13,0,0,0,0,0,0,0
General,General1,Ability,"Seismic Tremor",281240,"This spell belongs to Primalist    Send a tremor through the earth at an enemy, dealing 42 Physical damage, plus an additional 200 over 24 sec. Damage is dealt slowly at first, and builds up over time.     Shares a cooldown with other |CffffffffSeismic|r spells.",10,0,0,0,0,0,0,0
General,General1,Ability,"Seismic Wave",280875,"This spell belongs to Primalist    Create a seismic wave of healing water around you, healing for 28 health to up to 8 allies and dealing 48 Nature damage to enemies in a 25 yd radius.      Shares a cooldown with other |CffffffffSeismic|r spells.",10,0,0,0,0,0,0,0
General,General1,Ability,"Sentinel Glaive",280900,"This spell belongs to Starcaller    Throw a sentinel glaive at an enemy, dealing Weapon Damage plus 53 as Arcane damage, increased further based on your maximum mana, and increasing their resource costs by 15% for 8 sec.",10,0,0,0,0,0,0,0
General,General1,Ability,"Serpent Form",275656,"Transforms you into a Serpent, increasing melee attack power by 1 plus 25% of Agility, allowing the use of Cat Form abilities, and causing your auto attacks to also inflict Poisonous Strikes, dealing an additional 10 Nature damage.    This ability uses Cat Form modifiers and Poisonous Strikes uses Instant Poison modifiers.",10,0,0,0,0,0,0,0
General,General1,Ability,"Serpent Strike",275655,"Strike the enemy, causing 80% weapon damage plus 15 damage as Nature and granting you Serpent Strike. Awards 1 combo point.    This uses Claw modifiers.    Serpent Strike Increases the damage of Instant Poison by 3% and the periodic damage of Deadly Poison by 5%. Stacks up to 10 times and lasts 10 sec.",10,0,0,0,0,0,0,0
General,General1,Ability,"Serpent Venom",275658,"Finishing move that poisons the target, dealing Stormstrike damage per combo point:     1 point  : 27 damage over 12 sec     2 points: 42 damage over 12 sec     3 points: 57 damage over 12 sec     4 points: 72 damage over 12 sec     5 points: 87 damage over 12 sec       This uses Rip modifiers.",1,0,0,0,0,0,0,0
General,General1,Ability,"Sever",280230,"This spell belongs to Reaper    Attempt to drain an enemy's vitals, leeching 30 health, interrupting casting and preventing any spell from that school from being cast for 3 sec.",16,0,0,0,0,0,0,0
General,General1,Ability,"Shadesinger Shot",910720,"You attempt to finish the wounded target off, firing a ranged attack dealing 150% weapon damage plus 48 Shadowstrike damage. Shadesinger Shot can only be used on enemies that have 20% or less health.  This uses Kill Shot modifiers.",32,0,0,9,30,0,0,0
General,General1,Ability,"Shadow Artillery",276816,"Launch Shadow Artillery at the target's location, dealing 87 plus 138 over 6 seconds Shadow damage to nearby enemies.    Max 2 charges. 15 second recharge timer.",16,0,0,0,0,0,0,0
General,General1,Ability,"Shadow Blades",277847,"Draws upon surrounding shadows to empower your weapons, causing your direct damaging rogue melee combo point generating abilities to generate 1 additional combo point and deal additional 50 Shadow damage for 15 sec.    Shadow Blades can only trigger once per ability cast.",60,0,0,0,0,0,0,0
General,General1,Ability,"Shadow Counter",273990,"Envelops you in shadows, making you immune to crowd control, knockback, silence and interrupt effects for 2 sec.    Taking direct damage from a player absorbs the hit, causing you to Shadowstep to the attacker.    This ability uses Shadowstep modifiers.",50,0,0,0,0,0,0,0
General,General1,Ability,"Shadow Counter",911800,"A strike that becomes active after parrying an opponent's attack. This attack deals 32 Shadowstrike damage and immobilizes the target for 5 sec.  This uses Counterattack modifiers. Void Counter cannot be blocked, dodged, or parried.",22,0,0,6,20,0,0,0
General,General1,Ability,"Shadow Dagger",284570,"Throw a shadowy dagger that bounces to 4 nearby enemies dealing 50% weapon damage as Shadow and an additional 18 Shadow damage every 3 seconds for 15 sec.",10,0,0,0,0,0,0,0
General,General1,Ability,"Shadow Mend",276995,"Requires  Path of Healing  Wraps an ally in shadows, healing them for 34 health every 1.00 sec over 3 sec.    Usable while in Shadowform.",12,0,0,0,0,0,0,0
General,General1,Ability,"Shadow Missiles",275796,"Launches Shadowstorm Missiles at the enemy, dealing 23 Spellshadow damage every 1 sec for 3 sec.    This uses Arcane Missiles modifiers.",10,0,0,0,0,0,0,0
General,General1,Ability,"Shadow Rupture",904980,"Finishing move that causes Shadowstrike damage over time. Lasts longer per combo point:     1 point  : 40 Shadowstrike damage over 8 sec     2 points: 61 Shadowstrike damage over 10 sec     3 points: 87 Shadowstrike damage over 12 sec     4 points: 117 Shadowstrike damage over 14 sec     5 points: 153 Shadowstrike damage over 16 sec    This uses Rupture modifiers.",20,0,0,0,0,0,0,0
General,General1,Ability,"Shadow Sever",913279,"A vicious strike that deals 65% weapon damage as Shadowstrike plus 36 and wounds the target, reducing the effectiveness of any healing by 50% for 10 sec.  This uses Mortal Strike modifiers. Does not stack with other similar effects.",30,0,0,26,28,0,0,0
General,General1,Ability,"Shadow Shot",276811,"A shadow shot that causes 50% weapon damage. Causes an additional 5 Shadow damage to slowed targets.    Triggers Corruption if known.    This uses Steady Shot modifiers.",10,0,0,0,0,0,0,0
General,General1,Ability,"Shadow Siphon",913222,"A deadly attack that deals 50% weapon damage as Shadowstrike plus 11 and heals you for 5% of your maximum health for each of your diseases on the target.  This uses Death Strike modifiers.",14,0,0,28,12,0,0,0
General,General1,Ability,"Shadow Slam",903110,"Slams the opponent with shadow force, causing 65% weapon damage plus 6 Shadowstrike damage.    This uses Slam modifiers.",1,0,0,0,0,0,0,0
General,General1,Ability,"Shadow Slash",907160,"A strong attack that increases melee damage by 11 as Shadowstrike damage and causes a high amount of threat.    This uses Heroic Strike modifiers.",1,0,0,0,0,0,0,0
General,General1,Ability,"Shadow Smash",286298,"Smashes a target for 98% weapon damage as Shadow damage, increasing your Shadow and Physical damage dealt to the target by 5% for 10 sec.    This uses Colossus Smash modifiers.  This ability is usable while shapeshifted.",30,0,0,0,0,0,0,0
General,General1,Ability,"Shadow Swipe (Bear)",912041,"Swipe nearby enemies, inflicting 12 Shadowstrike damage plus 1 Shadowstrike damage.  This uses Swipe modifiers.",1,0,0,4,0,0,0,0
General,General1,Ability,"Shadow Swipe (Cat)",912040,"Swipe nearby enemies, inflicting 90% weapon damage as Shadowstrike.  This uses Swipe modifiers.",1,0,0,4,4,0,0,0
General,General1,Ability,"Shadow Talon",904620,"A strong attack that increases melee damage by 5 as Shadowstrike damage.    This uses Raptor Strike modifiers.",1,0,0,0,0,0,0,0
General,General1,Ability,"Shadow Waste Bolt",284492,"Sends a shadowy bolt at the enemy, dealing 13 Shadow damage and applying Waste.     This uses Shadow Bolt modifiers.     Waste Afflicts the target with a disease that causes 8 Plague damage every 2 seconds for 6 sec.",10,0,0,0,0,0,0,0
General,General1,Ability,"Shadow Word: Gore",285052,"A word of gory darkness that causes your target to bleed for 7 Shadow damage, increased by 8% (up to 40%) per bleed you have applied to the target. Lasts 18 sec.    This uses Shadow Word: Pain modifiers.",10,0,0,0,0,0,0,0
General,General1,Ability,"Shadowcrawl",280220,"This spell belongs to Venomancer    For 15 sec, all periodic damage dealt now has a 30% chance to burst dealing 10% of its damage as Shadow damage to 8 enemies within 8 yds.    Usable while shapeshifted.",25,0,0,0,0,0,0,0
General,General1,Ability,"Shadowed Riposte",910480,"A strike that becomes active after parrying an opponent's attack. This attack deals 100% weapon damage as Shadowstrike and slows their melee attack speed by 20% for 30 sec. Awards 1 combo point.  This uses Riposte modifiers.",16,0,0,4,14,0,0,0
General,General1,Ability,"Shadowfall",284650,"Unleash a flurry of dark stars from the sky, each impact deals 121 to 136 Shadow damage before exploding for an additional 22 Shadow damage to enemies within 5 yards. The effect lasts 8 sec, summoning up to 16 stars within 20 yards of you.    The final star grants you Shadow Trance.    This uses Starfall modifiers. Canceled if you shapeshift, lose character control, or mount.    Shadow Trance Your next Shadow Bolt or Seed of Corruption is instant and costs 25% less mana.",60,0,0,0,0,0,0,0
General,General1,Ability,"Shadowpierce",913378,"Pierce the target, causing 100% weapon damage as Shadowstrike plus 7 to the target. Must be behind the target. Requires a dagger in the main hand. Awards 1 combo point.  This uses Backstab modifiers.",1,0,0,0,0,0,0,0
General,General1,Ability,"Shadowy Bloodstrike",913156,"Instantly strike the enemy, causing 25% weapon damage as Shadowstrike plus 8, total damage increased by 12.5% for each of your diseases on the target.  This uses Blood Strike modifiers.",1,0,0,0,0,0,0,0
General,General1,Ability,"Shadowy Execution",913090,"Attempt to finish off a wounded foe, causing 65% of 65 Shadowstrike damage and converting each extra point of rage into 65% of 2 additional Shadowstrike damage (up to a maximum cost of 30 rage). Only usable on enemies that have less than 20% health.  This uses Execute modifiers.",16,0,0,4,14,0,0,0
General,General1,Ability,"Shield Strike",274264,"Finishing move that slams the target with your shield, dealing damage and reducing the cooldown of Bloodrage per combo point:      1 point  : 6 damage      2 points: 11 damage      3 points: 16 damage      4 points: 22 damage      5 points: 28 damage    This uses Shield Slam modifiers.",10,0,0,0,0,0,0,0
General,General1,Ability,"Shielded Slash",285790,"A sweeping attack from behind your shield that deals 118 to 122 Pysical damage, increased by your shield block value, to 3 nearby enemies.",20,0,0,0,0,0,0,0
General,General1,Ability,"Shocking Finish",904940,"Finishing move that causes Stormstrike damage per combo point:     1 point  : 5-7 Stormstrike damage     2 points: 9-11 Stormstrike damage     3 points: 14-16 Stormstrike damage     4 points: 19-21 Stormstrike damage     5 points: 24-26 Stormstrike damage    This uses Eviscerate modifiers.",1,0,0,0,0,0,0,0
General,General1,Ability,"Shoulder The Burden",280215,"This spell belongs to Guardian    Instantly transfers 50% of the ally target's threat to you.",20,0,0,0,0,0,0,0
General,General1,Ability,"Shredding Shot",285069,"A shredding shot that inflicts 135% weapon damage and causes the target bleed for 12 Physical damage every 3 sec for 9 sec.    This uses Kill Shot modifiers.",36,0,0,0,0,0,0,0
General,General1,Ability,"Silence in the Library",285938,"Hurls a book at your target, dealing -78 Physical damage, interrupting their casting and preventing any spell from that school of magic from being cast for 6 sec.    This ability shares a cooldown with other interrupts.    Scales with Counterspell modifiers.",16,0,0,0,0,0,0,0
General,General1,Ability,"Slice and Ice",274120,"While active, critical strikes with Sinister Strike and Eviscerate trigger Ice Lance, if known. Manually cast Ice Lance critical strikes restore 40 energy over 8 sec.    Finishing move that boosts melee attack speed by 20%. Duration increases with combo points:     1 point  : 9 seconds     2 points: 12 seconds     3 points: 15 seconds     4 points: 18 seconds     5 points: 21 seconds    Uses Slice and Dice modifiers. Requires a single Two-Handed Melee Weapon.",10,0,0,0,0,0,0,0
General,General1,Ability,"Slither",280800,"This spell belongs to Witch Doctor    Transform into a serpent, removing all movement impairing effects and increasing movement speed by 80% for 5 sec.  You cannot attack or cast spells, but chance to be hit by ranged attacks and spells is reduced by 100% for the duration.",29,0,0,0,0,0,0,0
General,General1,Ability,"Snapseed",289330,"This spell belongs to Ranger    Toss a snapseed at an enemy, dealing 37 Physical damage and knocking them back.",14,0,0,0,0,0,0,0
General,General1,Ability,"Snatch",289342,"This spell belongs to Ranger    Snatch an enemy's melee weapons, disarming them for 4 sec.    If you are disarmed, you also return your weapon to yourself.",26,0,0,0,0,0,0,0
General,General1,Ability,"Snowshred",904320,"Shred the target, causing 145% weapon damage plus 15 as Froststrike damage to the target. Must be behind the target. Awards 1 combo point. Effects which increase bleed damage also increase Snowshred damage.    This uses Shred modifiers.",10,0,0,0,0,0,0,0
General,General1,Ability,"Solar Nova",280940,"This spell belongs to Sun Cleric    Emit a powerful holy light in an 8 yd radius, dealing 94 Holy damage to all nearby enemies.     This ability is guaranteed to critically strike against Undead or Demons.",25,0,0,0,0,0,0,0
General,General1,Ability,"Solar Strike",274515,"Finishing move that has a 20% chance per combo point to apply Solar Burn and deals Spellstorm damage per combo point:     1 point  : 6-8 damage     2 points: 10-12 damage     3 points: 13-15 damage     4 points: 17-19 damage     5 points: 21-23 damage    This uses Eviscerate modifiers.    Solar Burn Burns the enemy for 1 Spellstorm damage every 3 seconds for 9 sec.",10,0,0,0,0,0,0,0
General,General1,Ability,"Soul Reaper",288811,"Afflicts the target for 18 sec, dealing 25 Shadowfrost damage every 3 sec.     While the target is below 35% health, ticks deal tripple damage.     If the target is below 35% health when Soul Reaper expires, it bursts and increases your 15% melee, ranged, and spell casting speed for 5 sec.",18,0,0,0,0,0,0,0
General,General1,Ability,"Spartan Kick",282273,"A mighty kick that knocks your target back and deals 13 physical damage.    THIS IS SPARTA!",12,0,0,0,0,0,0,0
General,General1,Ability,"Spectral Warden",280770,"This spell belongs to Reaper    Summon a spectral guardian to fight alongside you for 20 sec and apply an absorption shield to up to 8 allies within 20 yds, absorbing 235 damage.",25,0,0,0,0,0,0,0
General,General1,Ability,"Speed Rune",281170,"This spell belongs to Runemaster    Conjure a path of runes in the direction you are facing for 10 sec, increasing the movement speed of allies by 70%.    This effect can persist for a short duration after leaving the runic path.",10,0,0,0,0,0,0,0
General,General1,Ability,"Spellbound Cleave",907260,"A sweeping attack that does your weapon damage plus 9 as Spellstrike damage to the target and his nearest ally.    This uses Cleave modifiers.",16,0,0,0,0,0,0,0
General,General1,Ability,"Spellfang Bite",913513,"Finishing move that deals Arcane damage per combo point and converts each extra point of energy (up to a maximum of 30 extra energy) into 0.7 additional damage:      1 point  : 13-16 damage      2 points: 21-24 damage      3 points: 30-33 damage      4 points: 38-41 damage      5 points: 47-50 damage    This uses Ferocious Bite modifiers.",10,0,0,0,0,0,0,0
General,General1,Ability,"Spellwave",913429,"Sends a wave of force in front of the caster, causing 4 Spellstrike damage (based on attack power) and stunning all enemy targets in a frontal cone for 4 sec.  This uses Shockwave modifiers.",40,0,0,40,38,0,0,0
General,General1,Ability,"Spiked Reinforcement",280405,"This spell belongs to Guardian    Reinforce your shield with spikes, causing your blocks to deal 3 Physical damage to the attacker. Lasts 1 hour.",10,0,0,0,0,0,0,0
General,General1,Ability,"Spirit Charge",281220,"This spell belongs to Primalist    Charge to an ally's aid, healing them for 53 and dealing 67 Nature damage to enemies within 5 yds of them.",10,0,0,0,0,0,0,0
General,General1,Ability,"Spirit of the Forest",283800,"Imbues you with the Spirit of the Forest for 20 sec. Wild Growth heals twice as many targets, Lifebloom now applies with 3 stacks and Rejuvenation now instantly heals your ally for 3.",10,0,0,0,0,0,0,0
General,General1,Ability,"Spite",281250,"This spell belongs to Barbarian    Quickly unleash 3 ranged attacks at your target and then fling yourself back a great distance, dealing 125% Ranged Weapon Damage.",20,0,0,0,0,0,0,0
General,General1,Ability,"Spore",281090,"This spell belongs to Venomancer    Inject an enemy with parasitic spores, dealing 15 Shadow damage, plus an additional 84 to 98 over 21 sec.    After 10 sec, drop a Mushroom below the target that explodes after 2 sec, dealing 2 Nature damage to nearby enemies.",10,0,0,0,0,0,0,0
General,General1,Ability,"Staggering Shout",283412,"Causes all enemies within 10 yards to become rooted for 3 sec. Damage caused may interrupt the effect.",20,0,0,0,0,0,0,0
General,General1,Ability,"Stampede",290060,"Summon a herd of stampeding animals from the wilds around you that deal Physical damage to your enemies over 6 sec. The animals run up to 30 yards in front of you.    Enemies struck by the stampede take increased damage from your pet by 5% for 15 sec. Stacks up to 4 times. Enemies struck also have their movement speed reduced by 50% for 3 sec.    Damage is increased by 50% if Bestial Wrath is active on your pet.    The cooldown of Stampede is reduced by the Longevity talent.",40,0,0,40,38,0,0,0
General,General1,Ability,"Starburst",284221,"Channel rapid Arcane Explosions in the area, dealing 24 Arcane damage every 0.5 sec. Damage increases by 100% each tick.    Casting damaging spells increases the channel duration by 0.5 sec, up to 1.5 sec.    Scales with Arcane Explosion Modifiers.",12,0,0,0,0,0,0,0
General,General1,Ability,"Starcall",289250,"This spell belongs to Starcaller    Smash up to 8 enemies, dealing 4 Arcane damage, scaling with block value, and reducing their attack speed by 20% for 10 sec.",10,0,0,0,0,0,0,0
General,General1,Ability,"Starshatter",280620,"This spell belongs to Starcaller    Call down the power of the stars, sending forth Elune's astral light in a line outward from you, stunning enemies struck for 5 sec.",30,0,0,0,0,0,0,0
General,General1,Ability,"Stone Shard",285085,"Instantly shocks the target with concussive force, dealing 24 Physical damage.     This uses Earth Shock modifiers.",1,0,0,0,0,0,0,0
General,General1,Ability,"Storm Breaker",907600,"Sunder the target's armor causing the Sunder Armor effect. In addition, causes 78% weapon damage (62% if a two-handed weapon is equipped) plus 3 as Stormstrike damage for each application of Sunder Armor on the target. The Sunder Armor effect can stack up to 5 times.    Sunder Armor Sunders the target's armor, reducing it by 4%. Stacks up to 5 times and lasts for 30 sec. Does not stack with other similar effects.    This uses Devastate modifiers.",10,0,0,0,0,0,0,0
General,General1,Ability,"Storm Counter",911780,"A strike that becomes active after parrying an opponent's attack. This attack deals 32 Stormstrike damage and immobilizes the target for 5 sec.  This uses Counterattack modifiers. Storm Counter cannot be blocked, dodged, or parried.",22,0,0,6,20,0,0,0
General,General1,Ability,"Storm Mangle",939300,"Mangle the target, inflicting Stormstrike damage and causing the target to take 30% additional damage from bleeds for 1 min.   Does not stack with other similar effects.  This ability can be used in Cat Form or Dire Bear Form. This uses Mangle modifiers.",36,0,0,0,0,0,0,0
General,General1,Ability,"Storm Maul",904460,"A strong attack that increases melee damage by 18 as Stormstrike damage and causes a high amount of threat. Effects which increase bleed effects also increase Maul damage.    This uses Maul modifiers.",1,0,0,0,0,0,0,0
General,General1,Ability,"Storm Multi-Shot",910580,"Fires several missiles, hitting 3 targets for 65% weapon damage as Stormstrike.  This uses Multi-Shot modifiers.",18,0,0,5,16,0,0,0
General,General1,Ability,"Storm Rake",904220,"Rake the target for 7 Stormstrike damage and an additional 65 Stormstrike damage over 9 sec. Awards 1 combo point.    This uses Rake modifiers.",18,0,0,0,0,0,0,0
General,General1,Ability,"Storm Revenge",910820,"Instantly counterattack an enemy for 58 to 70 Stormstrike damage. Storming Vengeance is only usable after the warrior blocks, dodges or parries an attack.  This uses Revenge modifiers.",12,0,0,3,10,0,0,0
General,General1,Ability,"Storm Sever",913270,"A vicious strike that deals 65% weapon damage as Stormstrike plus 36 and wounds the target, reducing the effectiveness of any healing by 50% for 10 sec.  This uses Mortal Strike modifiers. Does not stack with other similar effects.",30,0,0,26,28,0,0,0
General,General1,Ability,"Storm Siphon",913212,"A deadly attack that deals 50% weapon damage as Stormstrike plus 11 and heals you for 5% of your maximum health for each of your diseases on the target.  This uses Death Strike modifiers.",14,0,0,28,12,0,0,0
General,General1,Ability,"Storm Slam",903140,"Slams the opponent, causing 65% weapon damage plus 6 Stormstrike damage.    This uses Slam modifiers.",1,0,0,0,0,0,0,0
General,General1,Ability,"Storm Smash",277079,"Smash the ground dealing 17 Physical damage to nearby enemies and increasing the time between attacks by 10% for 10 sec. This ability causes additional threat.",10,0,0,0,0,0,0,0
General,General1,Ability,"Storm Spree",913456,"Step through the shadows from enemy to enemy within 10 yards, attacking an enemy for 85% weapon damage as Stormstrike every 0.5 sec with both weapons until 5 assaults are made. Can hit the same target multiple times. Cannot hit invisible or stealthed targets.  This uses Killing Spree modifiers.",40,0,0,40,38,0,0,0
General,General1,Ability,"Storm Swipe (Bear)",912021,"Swipe nearby enemies, inflicting 12 Stormstrike damage plus 1 Stormstrike damage.  This uses Swipe modifiers.",1,0,0,4,0,0,0,0
General,General1,Ability,"Storm Swipe (Cat)",912020,"Swipe nearby enemies, inflicting 90% weapon damage as Stormstrike.  This uses Swipe modifiers.",1,0,0,4,4,0,0,0
General,General1,Ability,"Storm Talon",904700,"A strong attack that increases melee damage by 5 as Stormstrike damage.    This uses Raptor Strike modifiers.",1,0,0,0,0,0,0,0
General,General1,Ability,"Stormbound Cleave",907360,"A sweeping attack that does your weapon damage plus 9 as Stormstrike damage to the target and his nearest ally.    This uses Cleave modifiers.",16,0,0,0,0,0,0,0
General,General1,Ability,"Stormbound Shot",904820,"An aimed shot that deals 100% weapon damage plus 12 as Stormstrike damage and reduces healing done to that target by 50%. Lasts 10 sec.   Does not stack with other similar effects.  This uses Aimed Shot modifiers.",16,0,0,0,0,0,0,0
General,General1,Ability,"Stormchaser",907720,"Instantly strike the enemy, causing 65% weapon damage as Stormstrike damage. Only usable after the target dodges. Stormchaser cannot be blocked, dodged, or parried.    This uses Overpower modifiers.",10,0,0,0,0,0,0,0
General,General1,Ability,"Stormcloak",280110,"This spell belongs to Stormbringer    Cover yourself in a barrier of volatile energy for 15 sec, causing all attacks against you to have a 25% chance to deal half damage.    Stormcloak has a 60% chance to resist dispel effects.",28,0,0,0,0,0,0,0
General,General1,Ability,"Stormhammer",273955,"Throw a Lightning infused hammer at the target, dealing 162 Nature damage. Causes a high amount of threat.    This uses Concussion Blow modifiers.",30,0,0,0,0,0,0,0
General,General1,Ability,"Storming Execution",913080,"Attempt to finish off a wounded foe, causing 65% of 65 Stormstrike damage and converting each extra point of rage into 65% of 2 additional Stormstrike damage (up to a maximum cost of 30 rage). Only usable on enemies that have less than 20% health.  This uses Execute modifiers.",16,0,0,4,14,0,0,0
General,General1,Ability,"Stormpierce",913366,"Pierce the target, causing 100% weapon damage as Stormstrike plus 7 to the target. Must be behind the target. Requires a dagger in the main hand. Awards 1 combo point.  This uses Backstab modifiers.",1,0,0,0,0,0,0,0
General,General1,Ability,"Stormreaver",907861,"An instant storm strike that causes 50% weapon damage as Stormstrike damage.    This uses Crusader Strike modifiers.",1,0,0,0,0,0,0,0
General,General1,Ability,"Stormshred",904340,"Shred the target, causing 145% weapon damage plus 15 as Stormstrike damage to the target. Must be behind the target. Awards 1 combo point. Effects which increase bleed damage also increase Stormshred damage.    This uses Shred modifiers.",10,0,0,0,0,0,0,0
General,General1,Ability,"Stormthirst",910340,"Instantly attack the target causing 4 Stormstrike damage. Each bleed applied by you increases the damage of Stormthirst by 8%, up to a maximum of 40%. In addition, the next 3 successful melee attacks will restore 1% of max health. This effect lasts 8 sec.  This uses Bloodthirst modifiers.",30,0,0,8,28,0,0,0
General,General1,Ability,"Summon Void Zone",282977,"Summons a Void Zone at the target location, dealing 55 Shadow damage. Enemies within 4 yards take 25 to 29 damage every 2 sec and take 5% increased Shadow damage for 10 sec.",20,0,0,0,0,0,0,0
General,General1,Ability,"Sun Down",289100,"This spell belongs to Sun Cleric    Bring the wrath of the sun down upon an enemy after 2 sec, dealing 352 Holyflame Damage and scorching the earth beneath them for 9 sec.    While inside, enemies are struck by a Solar Flare every 3 sec.  Solar Flare Deals 40 Holyflame Damage and reduces the target's chance to hit by 3% for 10 sec.",25,0,0,0,0,0,0,0
General,General1,Ability,"Sun Gate",280155,"This spell belongs to Sun Cleric    Shift 25 yds forward at light speed, removing all root effects.    This leaves behind a Sun Gate for 15 sec that allies can interact with to blink themselves the same distance forward. Allies can only use |CffffffffSun Gate|r every 1.50 min.",10,0,0,0,0,0,0,0
General,General1,Ability,"Sunburst",271676,"Deals 84 Nature damage to the target and 4 enemies within 5 yards.    This uses Starsurge modifiers.",28,0,0,0,0,0,0,0
General,General1,Ability,"Sunder Soul",283764,"Sunders the target's soul, dealing 65% Shadowstrike weapon damage (52% if a two-handed weapon is equipped) plus 3 and increases your spell critical strike chance against the target by 3%. Stacks 5 times and lasts for 15 sec.    This uses Devastate modifiers.  This ability is usable while shapeshifted.",10,0,0,0,0,0,0,0
General,General1,Ability,"Sunfire",283815,"Burns your target and 4 additional targets within 8 yards, dealing 9 to 12 Firestorm damage and 30 additional damage over 15 sec.",10,0,0,0,0,0,0,0
General,General1,Ability,"Sunwell",280645,"This spell belongs to Sun Cleric    Become an embodiment of the sun for 30 sec, periodically dispelling fear, sleep, and charm effects every 3 sec from allies within 40 yds.",25,0,0,0,0,0,0,0
General,General1,Ability,"Surging Tonic",289268,"This spell belongs to Witch Hunter    Drink a bitter tonic, increasing your haste by 15% and reducing the cost of all abilities by 20% for 15 sec.    Shares a cooldown with other Tonics.",20,0,0,0,0,0,0,0
General,General1,Ability,"Survival Potion",289320,"This spell belongs to Ranger    Drink a survival potion, immediately dispelling all poison and disease effects. Every 3 sec for 9 sec, heal for 10% of your maximum health and remove one additional poison and disease effect.",20,0,0,0,0,0,0,0
General,General1,Ability,"Synchronize",276345,"Heals all nearby Aligned or Time-bound allies every second for 4 seconds. While channeling, time is stalled, freezing the duration of your active Aligned buffs.    Max 2 charges. 6 second recharge timer.    Casting Synchronize consumes 70 energy, if Temporal Distortion or Eternity is known.    This uses Arcane Missiles modifiers.",10,0,0,0,0,0,0,0
General,General1,Ability,"Syndicate Sniper Shot",284989,"Fire a shot from Stealth, dealing 205% weapon damage plus 11. Awards 2 combo points.",18,0,0,0,0,0,0,0
General,General1,Ability,"Tectonic Shockwave",285343,"Unleashes a wave of force in front of you, dealing 144 Physical damage and granting you Tectonic Echo for each enemy hit causing your next Earth Shock to hit 1 additional target. Stacks up to 6 times and lasts 20 sec.",60,0,0,0,0,0,0,0
General,General1,Ability,"Tempest Shield Slam",910940,"Slam the target with your shield, causing 191 to 199 Stormstrike damage, modified by your shield block value, and dispels 1 magic effect on the target. Causes a high amount of threat.  This uses Shield Slam modifiers.",40,0,0,11,38,0,0,0
General,General1,Ability,"Tempest Smash",907480,"Blasts nearby enemies dealing 10 Stormstrike damage and increasing the time between their attacks by 10% for 10 sec. This ability causes additional threat.    This uses Thunder Clap modifiers.",1,0,0,0,0,0,0,0
General,General1,Ability,"Templar's Slash",278742,"Launch a powerful swing, dealing 150% weapon damage to up to 6 enemies in a cone in front of you.    Max 3 charges, 8 seconds recharge timer.",10,0,0,0,0,0,0,0
General,General1,Ability,"Temporal Blast",274026,"Blasts your target with energy, dealing 143 Arcane damage.    If canceled early, your next Temporal Blast is reduced by the time spent casting.    Casting this increases all Arcane damage by 15% and its mana cost by 150%. Stacks up to 4 times and lasts 6 sec. Removed if you cast another Arcane ability that deals damage.    This uses Arcane Blast modifiers.",18,0,0,0,0,0,0,0
General,General1,Ability,"Temporal Rift",284758,"Create a temporal rift that explodes after 4 seconds, dealing 43 to 50 Arcane damage to enemies within 10 yards.     Max 3 charges. 10 seconds recharge timer.    This uses Arcane Explosion modifiers.",12,0,0,0,0,0,0,0
General,General1,Ability,"Temporal Shield",283386,"Envelops you in a temporal shield for 4 sec. If the shield lasts its full duration, 75% of the damage taken is instantly restored.",50,0,0,0,0,0,0,0
General,General1,Ability,"Testament of Fortitude",280370,"This spell belongs to Templar    Meditate for 15 sec, restoring 5% of your base health every 1 sec and reducing damage taken by 20%.    Each second you will also remove 1 disease effect from yourself.",10,0,0,0,0,0,0,0
General,General1,Ability,"The Eye of the Storm",280280,"This spell belongs to Stormbringer    Mark an enemy for 4 sec. Every 1 sec, enemies near them take 21 Nature damage.    At the end of the duration, enemies near them also take 70 Nature damage and are rooted for 4 sec.",10,0,0,0,0,0,0,0
General,General1,Ability,"Thief of Fate",282047,"Steals a beneficial magic effect from the target. Stolen effects last a maximum of 2 min.    Does not break stealth.    This uses Pick Pocket modifiers.",40,0,0,0,0,0,0,0
General,General1,Ability,"Thrash (Bear)",291026,"Deals 9 damage, and causes all targets within 8 yards to bleed for 2 damage over 10 sec sec, this bleed can stack up to 5 times.    This ability scales with modifiers to Swipe (Bear).",0,0,0,0,0,0,0,0
General,General1,Ability,"Throw Weapon",282329,"Throws your weapon, inflicting 100% weapon damage and stunning the target for 1 second. Disarms you for 2 sec.",10,0,0,0,0,0,0,0
General,General1,Ability,"Thrust",274269,"An instant strike that causes 3 damage in addition to 75% of your normal weapon damage. Awards 1 combo point and ignores 20% of the armor.    This uses Sinister Strike modifiers.",10,0,0,0,0,0,0,0
General,General1,Ability,"Thunder Hide",277080,"The caster's fur becomes electrically charged, reducing damage taken from creatures by 5%.    When hit by a spell, melee, or ranged attack, the attacker is struck for 13 Nature damage. This consumes a charge of Thunder Hide and lasts 10 min.    This uses Lightning Shield modifiers. This effect can only occur once every 3 sec.",10,0,0,0,0,0,0,0
General,General1,Ability,"Thunder Slam",275048,"Slams up to 5 nearby opponents, causing 30% Nature weapon damage plus 17 Nature damage within a 10-yard frontal cone.     This uses Slam modifiers.",30,0,0,0,0,0,0,0
General,General1,Ability,"Thundering Bloodstrike",913144,"Instantly strike the enemy, causing 25% weapon damage as Stormstrike plus 8, total damage increased by 12.5% for each of your diseases on the target.  This uses Blood Strike modifiers.",1,0,0,0,0,0,0,0
General,General1,Ability,"Thundering Riposte",910460,"A strike that becomes active after parrying an opponent's attack. This attack deals 100% weapon damage as Stormstrike and slows their melee attack speed by 20% for 30 sec. Awards 1 combo point.  This uses Riposte modifiers.",16,0,0,4,14,0,0,0
General,General1,Ability,"Thunderlizard Bite",904580,"Attack the enemy for 11 Stormstrike damage.    This uses Mongoose Bite modifiers.",1,0,0,0,0,0,0,0
General,General1,Ability,"Thunderwave",913420,"Sends a wave of force in front of the caster, causing 4 Stormstrike damage (based on attack power) and stunning all enemy targets in a frontal cone for 4 sec.  This uses Shockwave modifiers.",40,0,0,40,38,0,0,0
General,General1,Ability,"Time Bomb",284591,"Applies a Time Bomb to the enemy that stores 50% of your Arcane damage dealt against the target and detonates it after 10 sec.    Dealing damage with Arcane Barrage decreases the cooldown by 8 seconds.",50,0,0,0,0,0,0,0
General,General1,Ability,"Time Out!",280085,"This spell belongs to Chronomancer    Enter a stasis for 6 sec, instantly restoring 15% of your maximum mana and regenerating 5% of your maximum mana every 0.50 sec.  While active, your damage taken is reduced by 50% but any direct damage taken may end the effect.",30,0,0,0,0,0,0,0
General,General1,Ability,"Time Warp",272171,"Returns you to your active Temporal Anomaly.    While you know this spell casting Blink leaves behind a Temporal Anomaly.",20,0,0,0,0,0,0,0
General,General1,Ability,"Time-bind",276344,"Requires  Path of Healing  Creates a bond with Eternity with your ally. After 6 sec, it applies a periodic heal, restoring 30% of the damage taken during the bond. This effect is increased by healing power.    Casting Time-bind consumes 30 energy, if Temporal Distortion or Eternity is known.    Duration cannot be extended.    Only one target can be affected by Time-bind at a time.    This uses Renew modifiers.",10,0,0,0,0,0,0,0
General,General1,Ability,"Timeguard",280120,"This spell belongs to Chronomancer    Place a magical guard on an ally for 2 min, causing the next 3 instances of direct damage that would reduce the target below 35% health to deal 40% less damage.",10,0,0,0,0,0,0,0
General,General1,Ability,"Titanic Mutilate",271779,"Instantly attacks with both weapons for 70% weapon damage. Damage is increased by 20% against bleeding targets. Awards 2 combo points.    This uses Mutilate modifiers.",20,0,0,0,0,0,0,0
General,General1,Ability,"Titanic Strike",273668,"Strike with both weapons, dealing weapon damage per combo point.     1 point  : 90% combined weapon damage     2 points: 120% combined weapon damage     3 points: 150% combined weapon damage     4 points: 180% combined weapon damage     5 points: 210% combined weapon damage",10,0,0,0,0,0,0,0
General,General1,Ability,"Touch of Elune",278080,"Place the Touch of Elune on an enemy. For the next 10 sec, casting Wrath, Starfire and Starsurge spells to other targets also triggers them on the target marked by your Touch of Elune.    Increases the damage and critical strike chance of Wrath, Starfire and Starsurge by 15%.",10,0,0,0,0,0,0,0
General,General1,Ability,"Tracer Augmentation",280655,"This spell belongs to Tinker    Add a Tracer Augmentation to your gun for 1 hour, causing your ranged auto attacks to deal an additional 5% weapon damage as Fire damage.",25,0,0,0,0,0,0,0
General,General1,Ability,"Tranquil Circle",280275,"This spell belongs to Templar    Place a holy circle on the ground at the target location for 4 sec, slowing enemy movement speed within by 70%.    Every 2 sec, enemies within the radius enter a tranquil state, falling asleep for 40 sec.",10,0,0,0,0,0,0,0
General,General1,Ability,"Trap Launcher: Explosive Trap",277755,"Launches your Explosive Trap at the target location.",34,0,0,0,0,0,0,0
General,General1,Ability,"Trap Launcher: Immolation Trap",277761,"Launches your Immolation Trap at the target location.",16,0,0,0,0,0,0,0
General,General1,Ability,"Tree of Wrath",271151,"Grants the ability to shapeshift into the Tree of Wrath, freeing you from all movement impairing effects.    While active, you increase your party and raid's healing received by 6%.    In this form, you can only cast healing spells, Lightning Bolt or Chain Lightning, and their chance to hit is increased by 100%.    Tree of Wrath reduces the mana cost of your Druid healing over time spells by 20%.",50,0,0,0,0,0,0,0
General,General1,Ability,"Twilight Shieldtoss",289130,"This spell belongs to Cultist    Hurl a cursed shield, dealing 72 Shadow damage to up to 3 enemies, reduced by 20% with each jump.",10,0,0,0,0,0,0,0
General,General1,Ability,"Twilight Shock",283100,"Instantly blasts the target for 132 Twilight damage and causes the target to take 9 damage every 2 seconds for 6 sec.    This uses Shadowburn modifiers.",30,0,0,0,0,0,0,0
General,General1,Ability,"Twisted Mind",284448,"Your mind becomes twisted, increasing your spell power by 1 and your hit chance by 3%, but reduces your healing and absorbs by 5%.    This cannot be used together with other bar-changing abilities such as Stances or Forms.",60,0,0,0,0,0,0,0
General,General1,Ability,"Twisted Seal",280610,"This spell belongs to Cultist    Create a warped sigil that bends hostile force away from you, deflecting all spells for 5 sec, but making you unable to attack or cast spells.    Casters whose magic is deflected are silenced for 3 sec.",30,0,0,0,0,0,0,0
General,General1,Ability,"Tyr's Deliverance",278340,"Releases the Light within yourself, healing 10 injured allies for 401 within 40 yards. Afterward, heals 3 allies for 161 every 1 sec for 15 sec.",50,0,0,0,0,0,0,0
General,General1,Ability,"Umbral Shield Slam",910960,"Slam the target with your shield, causing 191 to 199 Shadowstrike damage, modified by your shield block value, and dispels 1 magic effect on the target. Causes a high amount of threat.  This uses Shield Slam modifiers.",40,0,0,11,38,0,0,0
General,General1,Ability,"Umbral Smash",907400,"Blasts nearby enemies dealing 10 Shadowstrike damage and increasing the time between their attacks by 10% for 10 sec. This ability causes additional threat.    This uses Thunder Clap modifiers.",1,0,0,0,0,0,0,0
General,General1,Ability,"Unchained Blink",275204,"Teleports the caster 20 yards forward.    This ability can be used while casting, but not channeling, and does not trigger a global cooldown.    This uses Blink modifiers.",20,0,0,0,0,0,0,0
General,General1,Ability,"Unrelenting Wrath",272318,"Send your Tamed Pet into a rage for 8 sec causing 30% additional damage, reducing its threat generated by 15%, and resetting the cooldown of your Frenzy Shot.    Max 2 charges. 2 minute recharge timer. Bestial Assault rapidly restores charges.    Tamed Pet includes Summoned Demon, Enslave Demon, Dominate Undead, Tame Dragonkin, Tether Elemental, Summoned Ghoul, and Tame Beast.    Will trigger a lesser version of Beast Within if any rank is known, you are not immune to crowd control effects during this.",10,0,0,0,0,0,0,0
General,General1,Ability,"Unstable Chronoglass",280145,"This spell belongs to Chronomancer    Place an Unstable Chronoglass at target location for 30 sec that will redirect the next 3 enemy spell casts onto itself.",10,0,0,0,0,0,0,0
General,General1,Ability,"Unstable Evocation",284298,"While channeling, you are immune to interrupts, silences and stuns, and you gain 32% of your total mana over 4 sec. After completing Unstable Evocation, nearby enemies are blasted with 56 Arcane damage and knocked back.    This scales with Evocation modifiers.",20,0,0,0,0,0,0,0
General,General1,Ability,"Upheaval",276116,"You stomp the ground, causing a stone spike to erupt beneath your target, dealing 125% off-hand Weapon damage. Deals 100% increased damage if your off-hand weapon is imbued with Rockbiter Weapon.    This uses Lava Lash modifiers.",20,0,0,0,0,0,0,0
General,General1,Ability,"Valkyr's Calling",280650,"This spell belongs to Sun Cleric    Target an enemy and leap into the air, becoming immune to all physical attacks and spells for 2 sec.    At the end of the duration, you charge back down, dealing 127 Holy damage to all enemies within 8 yds.",25,0,0,0,0,0,0,0
General,General1,Ability,"Vampiric Bite",285759,"Deals 66 Shadow damage every 3 seconds and increases your chance to critically strike the target by 3%. Lasts 15 sec.    This uses Vampiric Touch modifiers. This periodic damage can critically strike.",36,0,0,0,0,0,0,0
General,General1,Ability,"Vampiric Tonic",289261,"This spell belongs to Witch Hunter    Drink a vampiric tonic, causing Physical damage dealt to heal you for 10% of the damage dealt for 15 sec. This healing cannot exceed 10% of your maximum health per heal.    Shares a cooldown with other Tonics.",20,0,0,0,0,0,0,0
General,General1,Ability,"Veil of Shadows",285822,"Veil the target with sinister shadow magic, dealing 37 Shadow damage every 2 seconds for 20 sec.    Reduces all magical resistances by 45 and increases magic damage taken by 6% and applies Corrupting Shadows.    Does not stack with other similar effects. This uses Curse of the Elements modifiers.    Corrupting Shadows Reduces healing received by 30% for 8 sec.",32,0,0,0,0,0,0,0
General,General1,Ability,"Veilwalk",280340,"This spell belongs to Reaper    2 Charges, 60 sec recharge  Move with spectral agility, gaining 50% increased movement speed for 5 sec.    Removes all movement impairing effects. Usable while stealthed.",10,0,0,0,0,0,0,0
General,General1,Ability,"Venom Belch",283006,"Spawns a pool of vile poison at the target location that inflicts 3 Nature damage to nearby enemies every 1 second for 10 sec.    This ability is usable while shapeshifted.",10,0,0,0,0,0,0,0
General,General1,Ability,"Venomous Fury",275659,"Finishing move that deals Stormstrike damage per combo point and converts each extra point of energy (up to a maximum of 30 extra energy) into 0.7 additional damage:      1 point  : 13-16 damage      2 points: 21-24 damage      3 points: 30-33 damage      4 points: 38-41 damage      5 points: 47-50 damage    This uses Ferocious Bite modifiers.",10,0,0,0,0,0,0,0
General,General1,Ability,"Viper's Bite",289375,"This spell belongs to Ranger    Unleash 4 quick strikes over 1 sec. Each strike deals 40% weapon damage and generates 1 combo point.    Against a bleeding target, each strike also deals 10% Physical weapon damage. Against a poisoned target, each strike also deals 10% Nature weapon damage.    Requires a one-handed weapon. Usable while shapeshifted.",40,0,0,0,0,0,0,0
General,General1,Ability,"Voice of Bwonsamdi",280920,"This spell belongs to Witch Doctor    Let the spirit of Bwonsamdi possess you for 15 sec.    Dealing periodic damage unleashes a trapped voodoo spirit at enemies, exploding for 0 Shadow damage.",25,0,0,0,0,0,0,0
General,General1,Ability,"Void Lash",907100,"You charge your off-hand weapon with elemental force, instantly dealing 100% off-hand Weapon damage as Shadowstrike damage.     Damage is increased by 25% if your off-hand weapon is enchanted with Windfury.    This uses Lava Lash modifiers.",1,0,0,0,0,0,0,0
General,General1,Ability,"Void Multi-Shot",910600,"Fires several missiles, hitting 3 targets for 65% weapon damage as Shadowstrike.  This uses Multi-Shot modifiers.",18,0,0,5,16,0,0,0
General,General1,Ability,"Void Spree",913459,"Step through the shadows from enemy to enemy within 10 yards, attacking an enemy for 85% weapon damage as Shadowstrike every 0.5 sec with both weapons until 5 assaults are made. Can hit the same target multiple times. Cannot hit invisible or stealthed targets.  This uses Killing Spree modifiers.",40,0,0,40,38,0,0,0
General,General1,Ability,"Void Strike",903012,"An instant shadow-infused strike that causes 3 Shadowstrike damage in addition to 65% of your normal weapon damage (55% if a two-handed weapon is equipped). Awards 1 combo point.    This uses Sinister Strike modifiers.",1,0,0,0,0,0,0,0
General,General1,Ability,"Voidborne",289040,"This spell belongs to Cultist    Tap into your inner voidborne rage, increasing your damage dealt and critical strike chance by 25%, and granting you immunity to stun effects for 10 sec.",25,0,0,0,0,0,0,0
General,General1,Ability,"Voidbound Cleave",907280,"A sweeping attack that does your weapon damage plus 9 as Shadowstrike damage to the target and his nearest ally.    This uses Cleave modifiers.",16,0,0,0,0,0,0,0
General,General1,Ability,"Voidbound Shot",904740,"An aimed shot that deals 100% weapon damage plus 12 as Shadowstrike damage and reduces healing done to that target by 50%. Lasts 10 sec.   Does not stack with other similar effects.  This uses Aimed Shot modifiers.",16,0,0,0,0,0,0,0
General,General1,Ability,"Voidchaser",907640,"Instantly strike the enemy, causing 65% weapon damage as Shadowstrike damage. Only usable after the target dodges. Voidchaser cannot be blocked, dodged, or parried.    This uses Overpower modifiers.",10,0,0,0,0,0,0,0
General,General1,Ability,"Voidwave",913423,"Sends a wave of force in front of the caster, causing 4 Shadowstrike damage (based on attack power) and stunning all enemy targets in a frontal cone for 4 sec.  This uses Shockwave modifiers.",40,0,0,40,38,0,0,0
General,General1,Ability,"Volcanic Shell",281060,"This spell belongs to Pyromancer    Conjure a shield of magma and fire around you, absorbing 500 damage. Lasts 10 sec.",29,0,0,0,0,0,0,0
General,General1,Ability,"Volt Spike",913318,"An instant strike that deals 65% weapon damage as Stormstrike and applies Hemorrhage, increasing Physical damage taken by up to 9. Lasts 10 charges or 15 sec. Awards 1 combo point.  Deals 114% weapon damage as Stormstrike if a dagger is equipped and 55% if a two-hander is equipped.  This uses Hemorrhage modifiers.",22,0,0,22,20,0,0,0
General,General1,Ability,"Volt Strike",903048,"An instant storm-infused strike that causes 3 Stormstrike damage in addition to 65% of your normal weapon damage (55% if a two-handed weapon is equipped). Awards 1 combo point.    This uses Sinister Strike modifiers.",1,0,0,0,0,0,0,0
General,General1,Ability,"Voltaic Bite",277081,"Instantly bite the target for 150% weapon damage as Nature.    This uses Stormstrike modifiers.",10,0,0,0,0,0,0,0
General,General1,Ability,"War Golem",280445,"This spell belongs to Witch Doctor    Summon a War Golem for 10 sec, absorbing damage dealt to you and redirecting harmful spells cast on nearby allies to itself.    The golem is passive and has no offensive abilities.",10,0,0,0,0,0,0,0
General,General1,Ability,"Warbreaker",284476,"Stomp the ground, dealing 90% armor piercing weapon damage to nearby enemies and causing your attacks to pierce 30% of their armor for 10 sec.    This uses Colossus Smash modifiers.",30,0,0,0,0,0,0,0
General,General1,Ability,"Warcry",272851,"Increases your melee and ranged critical strike chance by 15% for 15 sec.",10,0,0,0,0,0,0,0
General,General1,Ability,"Warding Rune",280065,"This spell belongs to Runemaster    Engrave anti-magic runes around you, removing all harmful magic effects and causing harmful magic effects to have no duration when cast on you for 6 sec.",10,0,0,0,0,0,0,0
General,General1,Ability,"Water Ascendance",290122,"Transform into a being of raw elemental power for 15 sec, applying Riptide (if known) to 4 nearby allies.     While active, your Chain Heal is infused with healing waters and now jumps to twice as many allies.     You can cast Shaman Nature healing spells while moving but your movement speed is reduced by 40%.",40,0,0,0,0,0,0,0
General,General1,Ability,"Water Nova",272031,"Deals 15 Frost damage to all enemies in the area.    This uses Frost Nova modifiers.  This ability is usable while shapeshifted.",10,0,0,0,0,0,0,0
General,General1,Ability,"Wave of Despair",283182,"Unleash a shadowy onslaught, dealing 632 Shadow damage to 8 enemies.    This uses Seed of Corruption modifiers.",60,0,0,0,0,0,0,0
General,General1,Ability,"Waves of Time",280820,"This spell belongs to Chronomancer    Blast enemies in a frontal cone with time fractals, knocking them back slightly.    The knockback repeats 1 additional time after 2 sec.",10,0,0,0,0,0,0,0
General,General1,Ability,"Weighted Reinforcement",280410,"This spell belongs to Guardian    Reinforce your shield with heavy alloys, increasing your attack power by 5%, but reducing your haste by 5%. Lasts 1 hr.",10,0,0,0,0,0,0,0
General,General1,Ability,"Wendigo Bite",904560,"Attack the enemy for 11 Froststrike damage.    This uses Mongoose Bite modifiers.",1,0,0,0,0,0,0,0
General,General1,Ability,"Whirling Aether",907740,"In a whirlwind of steel you attack up to 4 enemies within 8 yards, causing 65% weapon damage as Spellstrike damage from both melee weapons to each enemy.    This uses Whirlwind modifiers.",14,0,0,0,0,0,0,0
General,General1,Ability,"Whirling Flames",907800,"In a whirlwind of steel you attack up to 4 enemies within 8 yards, causing 65% weapon damage as Firestrike damage from both melee weapons to each enemy.    This uses Whirlwind modifiers.",14,0,0,0,0,0,0,0
General,General1,Ability,"Whirling Ice",907820,"In a whirlwind of steel you attack up to 4 enemies within 8 yards, causing 65% weapon damage as Froststrike damage from both melee weapons to each enemy.    This uses Whirlwind modifiers.",14,0,0,0,0,0,0,0
General,General1,Ability,"Whirling Light",907780,"In a whirlwind of steel you attack up to 4 enemies within 8 yards, causing 65% weapon damage as Holystrike damage from both melee weapons to each enemy.    This uses Whirlwind modifiers.",14,0,0,0,0,0,0,0
General,General1,Ability,"Whirling Shadows",907760,"In a whirlwind of steel you attack up to 4 enemies within 8 yards, causing 65% weapon damage as Shadowstrike damage from both melee weapons to each enemy.    This uses Whirlwind modifiers.",14,0,0,0,0,0,0,0
General,General1,Ability,"Whirling Storm",907840,"In a whirlwind of steel you attack up to 4 enemies within 8 yards, causing 65% weapon damage as Stormstrike damage from both melee weapons to each enemy.    This uses Whirlwind modifiers.",14,0,0,0,0,0,0,0
General,General1,Ability,"Wind Gate",280125,"This spell belongs to Stormbringer    Place a Wind Gate at target location for 1 min.     You may cast Wind Gate: Evacuate on an ally to pull them to your Wind Gate.",10,0,0,0,0,0,0,0
General,General1,Ability,"Winds of Winter",274121,"Finishing move that deals Frost damage per combo point to enemies in a cone in front of the caster:     1 point  : 36-57 damage     2 points: 70-91 damage     3 points: 104-125 damage     4 points: 138-159 damage     5 points: 173-194 damage    This uses Cone of Cold modifiers.",26,0,0,0,0,0,0,0
General,General1,Ability,"Winterfall Firebreath",284599,"Targets in a cone in front of the caster take 80 to 88 Fire damage and an additional 6 Fire damage every 2 seconds for 6 sec. Enemies hit are slowed by 30%.     This uses Cone of Cold modifiers.  This ability can be used while shapeshifted.",26,0,0,0,0,0,0,0
General,General1,Ability,"Witchblood Tonic",289260,"This spell belongs to Witch Hunter    Drink a shadowy tonic, removing all curse effects from you and reducing all Magic damage taken by 40% for 10 sec.    Shares a cooldown with other Tonics.",20,0,0,0,0,0,0,0
General,General1,Ability,"Worgen Form",275737,"Transform into a Worgen, increasing melee attack power by 1 plus 25% of Agility, allowing the use of Cat Form and Shadow Priest abilities.     Grants Shadow Word: Pain, Devouring Plague, and Vampiric Touch the ability to benefit from haste.    Direct Shadow damage reduces the cooldown of Goldrinn's Fury by 2 seconds.",10,0,0,0,0,0,0,0
General,General1,Ability,"Worthy Sacrifice",280335,"This spell belongs to Bloodmage    Instantly generate 50 Rage.",10,0,0,0,0,0,0,0
General,General1,Ability,"Wraith",284732,"Finishing move that haunts your target, dealing damage and increasing the damage of your Physical damage-over-time effects against it.   When Wraith ends or is dispelled, it heals you for 100% of the direct damage done.    1 point : 111 Physical damage; 2% increase for 12 sec    2 points: 191 Physical damage; 4% increase for 12 sec    3 points: 270 Physical damage; 6% increase for 12 sec    4 points: 350 Physical damage; 8% increase for 12 sec    5 points: 430 Physical damage; 10% increase for 12 sec    This uses Haunt modifiers.",40,0,0,0,0,0,0,0
General,General1,Ability,"Wyrm Bite",904480,"Attack the enemy for 11 Spellstrike damage.    This uses Mongoose Bite modifiers.",1,0,0,0,0,0,0,0
General,General1,Ability,"Xorothian Sigil",280380,"This spell belongs to Knight of Xoroth    Create a demonic sigil that protects party members within 20 yds of you, causing them to deflect the next harmful spell cast against them within 3 sec.",10,0,0,0,0,0,0,0
General,General1,Ability,"Zandalari Glaive",278060,"Hurl two glaives toward the target, each dealing 120% melee weapon damage.    This uses Glaive Toss modifiers and shares a cooldown with Glaive Toss.",12,0,0,0,0,0,0,0
General,General1,Ability,"Zulian Guardian",285959,"Summons two prowling Zulian Guardians for 20 sec.    This ability is usable while shapeshifted.    This uses Feral Spirits modifiers.",60,0,0,0,0,0,0,0
General,General1,Talent,"A Quick Death",283565,"Using Execute or Kill Shot now grants you A Quick Death.    A Quick Death Melee and ranged haste increased by 3%. Stacks up to 5 times and lasts 15 sec.",24,0,0,0,0,0,0,0
General,General1,Talent,"Abjurer's Ward: Arcane",284711,"Absorbing damage with a Ward spell now reduces the cooldown of Presence of Mind by 10 seconds.",20,0,0,0,0,0,0,0
General,General1,Talent,"Abjurer's Ward: Fire",284716,"Absorbing damage with a Ward spell now reduces the cooldown of your Combustion by 10 seconds.",20,0,0,0,0,0,0,0
General,General1,Talent,"Abjurer's Ward: Frost",284752,"Absorbing damage with a Ward spell now reduces the cooldown of Cold Snap by 10 seconds.",20,0,0,0,0,0,0,0
General,General1,Talent,"Absolute Hellfire",284789,"Dealing damage with Flamestrike and Meteor marks the target for 3 sec.    Each tick of Rain of Fire triggers additional 1 Fire damage on the marked targets.    This uses Rain of Fire modifiers",20,0,0,0,0,0,0,0
General,General1,Talent,"Accelerated Ascension",273255,"Reduces the cooldown of Holy Fire by 3 seconds and increases its damage over time by 50%.",20,0,0,0,0,0,0,0
General,General1,Talent,"Adrenaline Junkie",285279,"Your finishing moves have a 4% chance per combo point to reduce the cooldown of Adrenaline Rush by 6 seconds.",30,0,0,0,0,0,0,0
General,General1,Talent,"Adumbral Companion",281978,"Your Tamed Pet's auto attacks now deal Shadow damage.    Your Tamed Pet's auto attacks can only be transformed to one damage type at once.    Tamed Pet includes Summoned Demon, Enslave Demon, Dominate Undead, Tame Dragonkin, Tether Elemental, Summoned Ghoul, and Tame Beast.",10,0,0,0,0,0,0,0
General,General1,Talent,"Aegis Overdrive",299160,"Requires Mana-Forged Barrier.    Activating Mana Shield triggers Aegis Explosion. When Mana Shield expires or is fully depleted by damage, it triggers Aegis Explosion again.    Dodging, blocking or parrying an attack has a 20% chance to trigger Aegis Explosion while Mana Shield is active, this can only occur once every 5 seconds.    The activation explosion can not occur more than once every 4 sec.",20,0,0,0,0,0,0,0
General,General1,Talent,"Aegis",964980,"Each time a melee attack strikes you, you have a chance to gain 6 armor for 10 sec.",11,0,0,0,0,0,0,0
General,General1,Talent,"Afflicted Soul",275968,"Dealing damage with Drain Soul now applies Afflicted Soul, and consumes 12 stacks to apply Ruptured Soul.      Ruptured Soul You deal 25% increased periodic Shadow damage against the target. Lasts 30 sec.",10,0,0,0,0,0,0,0
General,General1,Talent,"Against All Odds",282087,"Killing an enemy that yields experience or honor while below 20% health instantly heals you for 10% of your health.    This effect can only occur once every 10 sec.",10,0,0,0,0,0,0,0
General,General1,Talent,"Agile Coordination",275090,"Your finishing moves have a 5% chance per combo point to grant your Tamed Pet Agile Coordination.    Tamed Pet includes Summoned Demon, Enslave Demon, Dominate Undead, Tame Dragonkin or Tether Elemental, and Tame Beast.    Agile Coordination Increases your Tamed Pet's attack power by 15% of your Agility for 8 sec.",10,0,0,0,0,0,0,0
General,General1,Talent,"Agonizing Coil",277904,"Death Coil deals 200% increased damage.    Drain Life or Drain Soul damage over time has an 25% chance to reduce the cooldown of Death Coil by 8 seconds.    Death Coil deals 25% increased damage against players.",40,0,0,0,0,0,0,0
General,General1,Talent,"Alembic",283521,"Being hit by a melee or ranged attack now has a 5% chance to grant you 20% of your base mana.    This effect can only occur once every 10 sec.",10,0,0,0,0,0,0,0
General,General1,Talent,"Aligned with Time",276367,"Time-Bind now increases the healing your ally receives from your Align by 15%.",10,0,0,0,0,0,0,0
General,General1,Talent,"All that is Right",277746,"When Seal of Righteousness deals damage you gain a stack of All that is Right.      All that is Right Increases the damage of your Seal of Righteousness by 7% and Seal of Vengeance by 10%. Stacks up to 5 times and lasts 12 sec.  At max stacks, the duration cannot be refreshed.",10,0,0,0,0,0,0,0
General,General1,Talent,"Ambidextrous",273595,"Your Single-Minded Fury off-hand attacks trigger an instant attack with your main-hand weapon and grant you Dominant.    Dominant Increases your attack power by 10% for 9 sec.  This effect can only occur once every 16 sec and Dominant cannot be active at the same time as Southpaw.",15,0,0,0,0,0,0,0
General,General1,Talent,"Ambush Predator",286308,"Dealing damage with Rake or Rip has a 10% chance and Shred has a 50% chance to grant you Ambush Predator.    Ambush Predator Your next Ravage can be cast outside of Prowl, has no positional requirement, and costs 20 less energy.",20,0,0,0,0,0,0,0
General,General1,Talent,"An Honest Mistake",284374,"Missing with a spell now increases your hit chance by 5% and spell haste by 5% for 10 sec.",10,0,0,0,0,0,0,0
General,General1,Talent,"Arcane Aiming",284138,"When Clearcasting is consumed, you gain Arcane Aiming.  Does not trigger from Elemental Clearcasting consumption.   Arcane Aiming Your next 3 Hunter Shots deal 11 additional Arcane damage and restore 6% of your total mana. Lasts 10 sec.",20,0,0,0,0,0,0,0
General,General1,Talent,"Arcane Arrows",284901,"Dealing damage with Arcane Missiles grants a charge or Arcane Arrows making your Auto Shot fire an additional projectile dealing arcane damage. Holds up to 10 charges. Lasts 15 seconds.",10,0,0,0,0,0,0,0
General,General1,Talent,"Arcane Charge",282881,"Charge and Feral Charge deal 8 Arcane damage to nearby enemies on impact, instantly restoring 3% of your missing mana and granting nearby allies Charged Brilliance, restoring 3% missing mana every second for 6 sec.",10,0,0,0,0,0,0,0
General,General1,Talent,"Arcane Fulmination",101278,"Increases your threat generated by Arcane damage by 40%.  Reduces all damage taken by 2%.",11,0,0,0,0,0,0,0
General,General1,Talent,"Arcane Gunslinger",274586,"Arcane Shot now grants you Arcane Gunslinger.      Arcane Gunslinger Your Arcane Barrage deals 25% increased damage and has a 50% chance to grant you Missile Barrage. Aimed Shot deals 30% increased damage against monsters. Stacks up to 2 times and lasts 8 sec or until you gain Missile Barrage.    Aimed Shot deals 4% increased damage against players.      Missile Barrage Reduces the channeled duration of your next Arcane Missiles spell by 2.5 sec, reduces the mana cost by 100%, and the missiles fire every 0.4 sec. Lasts for 15 sec.",20,0,0,0,0,0,0,0
General,General1,Talent,"Arcane Infusion",281654,"Increases critical strike chance of Arcane Shot by 15%.    Casting Arcane Shot grants you Arcane Infusion.    Arcane Infusion Grants you Missile Barrage at 3 stacks. Lasts 12 sec.    Missile Barrage Reduces the channeled duration of your next Arcane Missiles spell by 2.5 sec, reduces the mana cost by 100%, and the missiles fire every 0.4 sec. Lasts for 15 sec.",20,0,0,0,0,0,0,0
General,General1,Talent,"Arcane Motes",281905,"Your Arcane Missiles and Arcane Barrage now generate Arcane Motes.    Arcane Motes Increases the damage of your Starfire, Moonfire by 10%. Stacks up to 5. Lasts 8 sec.",10,0,0,0,0,0,0,0
General,General1,Talent,"Arcane Reloading",274588,"Dealing damage with Arcane Missiles reduces the active cooldown of Aimed Shot by 1.5 seconds.",20,0,0,0,0,0,0,0
General,General1,Talent,"Arcane Reprisal",299986,"Dealing damage with Arcane Barrage reduces the cooldowns of Crusader Strike and Divine Storm by 3 seconds.",40,0,0,0,0,0,0,0
General,General1,Talent,"Arcane Shelling",274593,"Dealing damage with Arcane Shot now grants you Arcane Shelling.    Arcane Shelling Your Arcane Barrage and Aimed Shot deal 30% increased damage. Stacks up to 3 times and lasts for 20 sec.",20,0,0,0,0,0,0,0
General,General1,Talent,"Arcane Synergy",282080,"Arcane Missiles now grant you Arcane Synergy.    Arcane Synergy The cast time of your next Starfire is reduced by 5%, and its damage increased by 5%. Stacks up to 20. Lasts 15 sec.",20,0,0,0,0,0,0,0
General,General1,Talent,"Arcane Thunder",276693,"Arcane Missiles now channels for 2 more seconds. While channeling, your Lightning Bolt is transformed into Thunder Bolt and its damage is increased by 30%.  You can no longer trigger Missile Barrage.    Thunder Bolt Casts a bolt of arcane infused lightning at the target for 11 to 12 Spellstorm damage.     This spell is castable during the channeling of Arcane Missiles.",10,0,0,0,0,0,0,0
General,General1,Talent,"Arcane Vanguard",299030,"Dealing direct damage with Arcane Blast marks the target with Arcane Breach for 12 sec.    Casting Charge or Intercept on a target marked by you consumes Arcane Breach, triggers your highest known rank of Arcane Explosion 750 milliseconds later, and reduces the remaining cooldown of Blink by 5 sec.",18,0,0,0,0,0,0,0
General,General1,Talent,"Archmage",271707,"Increases the chance to trigger Missile Barrage and Brain Freeze by an additional 10%.",20,0,0,0,0,0,0,0
General,General1,Talent,"Arctic Stalker",299920,"Dealing damage with Aimed Shot or Steady Shot reduces the remaining cooldown of Deep Freeze by 1 sec.",40,0,0,0,0,0,0,0
General,General1,Talent,"Armor of Faith",282208,"When you cast Greater Heal or Flash Heal on an ally with Weakened Soul, they receive Armor of Faith, which heals them the next time they take damage. This healing is equal to 20% of the heal that granted them Armor of Faith.    Heals for 50% when triggered by player damage",10,0,0,0,0,0,0,0
General,General1,Talent,"Armor of Wrath",285445,"Casting Hammer of Wrath now reduces your damage taken by 12% for 6 sec.    This effect can only occur once every 12 sec.",44,0,0,0,0,0,0,0
General,General1,Talent,"Arugal's Blink",285930,"Casting Blink unleashes a wave of Shadow Bolts at your arrival point, dealing 65 Shadow damage to nearby enemies.",20,0,0,0,0,0,0,0
General,General1,Talent,"Arugal's Tainted Arcanum",275795,"Dealing damage with Arcane Missiles applies Tainted.      Tainted Increases your damage dealt to the target with Unstable Affliction by 65% and Curse of Agony by 65%.    Each tick consumes one charge. Stores up to 10 charges and lasts for 18 sec.",10,0,0,0,0,0,0,0
General,General1,Talent,"Assuaging Shadows",272809,"Casting Shadow Dance now releases a Shadow Nova.    Shadow Nova Deals -180 Shadow damage to nearby enemies and slows them by 80% for 3 seconds.",30,0,0,0,0,0,0,0
General,General1,Talent,"Astral Fusion",274987,"Dealing damage with Starfire or Wrath grants Astral Fusion.    Astral Fusion Reduces the cast time of your next Starsurge by 34% and increases its damage by 15%. Stacks up to 3 times. Lasts 8 sec.  Reaching 3 stacks resets the cooldown of Starsurge.",28,0,0,0,0,0,0,0
General,General1,Talent,"Astral Realm",271625,"Dealing damage with Thunderstorm restores an additional 10% of your maximum mana.    If a target player is afflicted by your Unrelenting Storm when damaged by Thunderstorm, you and your target are forced into an alternate dimension for 8 seconds, reducing the target's damage and healing by 20%.",40,0,0,0,0,0,0,0
General,General1,Talent,"Atonement",270631,"Requires  Path of Healing  Dealing direct damage with Smite or Holy Fire triggers a heal on a nearby ally for 285.    Dealing periodic damage with Holy Fire triggers a heal on a nearby ally for 15.    Heals from Atonement benefit from healing modifiers and can trigger additional effects.",20,0,0,0,0,0,0,0
General,General1,Talent,"Authority",299120,"Execution Sentence periodic damage applies Authority, increasing damage taken from your next Shield of Righteousness by 10%. Stacks up to 4.     Consuming Authority reduces the damage you take by 3% per stack consumed for 8 sec.    Using Shield of Righteousness has a 20% chance to reset the cooldown of Execution Sentence.",40,0,0,0,0,0,0,0
General,General1,Talent,"Avatar of Lightning",283696,"Elemental Mastery sacrifices its instant cast and mana cost reduction to reduce its cooldown by 50% and allow you to cast Lightning Bolt and Chain Lightning while moving.",10,0,0,0,0,0,0,0
General,General1,Talent,"Bane of the Wicked",283584,"Hammer of the Righteous now applies Bane of the Wicked to enemies hit.    Bane of the Wicked Increases Holy damage taken from you by 4% for 15 sec. Stacking up to 5.    The duration of Bane of the Wicked cannot be refreshed.",40,0,0,0,0,0,0,0
General,General1,Talent,"Barrage Overload",277540,"When Missile Barrage is consumed, you gain Barrage Overload.    Barrage Overload Your next Arcane Barrage causes you to overload, unleashing 1 arcane bolt per stack. Stacks up to 6 times. Lasts 10 sec.",36,0,0,0,0,0,0,0
General,General1,Talent,"Bathe in Blood",275860,"Eviscerate, Envenom now have a 20% chance per combo point to grant you Bathe in Blood for each of your bleeds on the target.      Bathe in Blood Your bleeds deal 7% increased damage. Stacks up to 30 times and lasts 12 sec. At max stacks, the duration cannot be refreshed.",10,0,0,0,0,0,0,0
General,General1,Talent,"Battering Ram",283515,"Casting Slam now ignores 15% armor.    Slam now applies a stack of Sunder Armor.    Sunder Armor Sunders the target's armor, reducing it by 4%. Stacks up to 5 times and lasts for 30 sec. Does not stack with other similar effects.",30,0,0,0,0,0,0,0
General,General1,Talent,"Battle Cultist: Firebrand",281515,"Melee critical strikes refresh your Immolate effect on the target.",10,0,0,0,0,0,0,0
General,General1,Talent,"Battle Fatigue",272854,"Your Warrior Shouts, Banners and Warcry now apply Battle Fatigue to enemies within 10 yards of you.    Your physical melee attacks and abilities have a 30% chance to increase the duration of Battle Fatigue by 1 sec.     This effect can only occur once every 30 sec from Warrior Shouts or Banners.    Battle Fatigue Increases your physical damage dealt to the target by 8%. Lasts 20 sec.",10,0,0,0,0,0,0,0
General,General1,Talent,"Battle Fervor",270704,"Charge now grants you Battle Fervor.    This effect can only occur once every 6 sec.    Battle Fervor Increases your haste by 15% and movement speed by 30% for 4 sec.",10,0,0,0,0,0,0,0
General,General1,Talent,"Battle Glaive",277555,"Using 3 Warrior direct damaging abilities in quick succession resets the cooldown of Glaive Toss and increases the damage of your next Glaive Toss by 40%. Lasts 10 sec.  Does not work with 'on next swing' abilities.",14,0,0,0,0,0,0,0
General,General1,Talent,"Battlemage",270272,"Fireball, Frostbolt or Arcane Blast empowers your Warrior abilities to deal an additional 20% weapon damage as Fire, Frost or Arcane for 10 seconds.",10,0,0,0,0,0,0,0
General,General1,Talent,"Bear Attack",281383,"This seems to do nothing. Best keep on your toes though. Cause that's the thing about bear attacksâ€¦ They come when you least expect it.     Cannot be used with pets.",10,0,0,0,0,0,0,0
General,General1,Talent,"Bestial Assault",272317,"Casting direct damage Hunter abilities now grant you Bestial Assault    Bestial Assault Reaching 5 stacks restores a charge of Unrelenting Wrath. Lasts 12 sec.",10,0,0,0,0,0,0,0
General,General1,Talent,"Big Flaming Grimfire",278016,"Your Soul Fire has 15% increased critical strike chance.  Casting Pyroblast makes your next Soul Fire release a secondary projectile half as strong.  Casting Soul Fire extends the duration of Living Bomb on your target by 2.5 seconds.",26,0,0,0,0,0,0,0
General,General1,Talent,"Biting Cold",282134,"When your Deep Freeze deals damage, its cooldown is reduced by 33%.",40,0,0,0,0,0,0,0
General,General1,Talent,"Biting Drain",275969,"Grants the periodic damage from your Drain Life and Drain Soul spells the ability to critically hit.    Critical strike damage bonus of your Drain Life and Drain Soul is increased by 35%.",10,0,0,0,0,0,0,0
General,General1,Talent,"Bitter Cold",276007,"Casting Ice Barrier or Icebound Fortitude causes you to be surrounded by a bitter cold dealing 10 Frost damage every second to all enemies within 8 yards. Lasts for 10 sec.    While active, your damaging frost spells or abilities have a 20% chance to apply Sunder Armor to targets hit.",30,0,0,0,0,0,0,0
General,General1,Talent,"Black Ice Arsenal",288838,"Dealing damage with Howling Blast, Icy Touch, and Frost Strike applies Black Ice.      Black Ice Increases damage taken from the caster's next Frostbolt and Frostfire Bolt by 20%. Stacks up to 3. Lasts for 12 sec.",55,0,0,0,0,0,0,0
General,General1,Talent,"Blade Vortex",285477,"While Blade Flurry is active your damaging melee finishing moves have a 20% chance per combo point to create a Blade Vortex.      Blade Vortex Deals 5 Physical damage to nearby enemies every second for 3 sec.",22,0,0,0,0,0,0,0
General,General1,Talent,"Blademaster",273318,"Parrying an attack now grants you Blademaster.    Blademaster cannot trigger while it is active.    Blademaster Your blade is empowered for 10 sec.    - Devastate: Deals 50% additional damage to nearby enemies and reduces their armor by an additional 10%.    - Death Strike: Hits 2 additional targets.    - Riposte: Awards 2 additional combo points and slows the target's attack speed by an additional 10%.",10,0,0,0,0,0,0,0
General,General1,Talent,"Blades of Blood",285895,"Using Charge or Colossus Smash grants you Blades of Blood.    Blades of Blood Your Whirlwind now hits 5 additional targets and applies a Rend (if known). Lasts 3 sec.",30,0,0,0,0,0,0,0
General,General1,Talent,"Blaze Ward",283534,"Taking direct damage or avoiding attacks has a chance to activate Blaze Aura.    Blaze Aura Ignites the area surrounds you, causing 5 Fire damage to all nearby enemies every 1 sec. Lasts 5 sec. Causes a high amount of threat.",10,0,0,0,0,0,0,0
General,General1,Talent,"Blaze",281749,"Your Fire Blast spreads your Immolate to enemies within 10 yards. The spread Immolate cannot critically strike.",10,0,0,0,0,0,0,0
General,General1,Talent,"Blessed by the Elune",272253,"Solar Eclipse causes your next Wrath or Starsurge to apply Insect Swarm.    Lunar Eclipse causes your next Starfire or Starsurge to apply Moonfire.",35,0,0,0,0,0,0,0
General,General1,Talent,"Blessing of the Divines",273020,"Your direct Holy and Nature heals now have a 10% chance to trigger a random blessing.    This effect can only occur once every 1 sec and can only trigger from heals with a resource cost.    Blessing of the Titan Increases the target's Health by 5% and reduces damage taken by 5% for 8 sec.    Blessing of Creation Grants 12 mana, 22 energy, and 10 rage to you and your party.    Blessing of Time Increases you and your target's spell haste by 10% for 10 sec.    Blessing of Mending Heals party members within 30 yards of you -39.    Blessing of the Divines Heals party members within 30 yards of you for -30 every 3 seconds for 15 sec.",10,0,0,0,0,0,0,0
General,General1,Talent,"Blind Rage",282040,"You now generate 10 rage after each missed attack.",10,0,0,0,0,0,0,0
General,General1,Talent,"Blinding Dispersion",283428,"Dispersion's cooldown is now reduced by 10 seconds. When Dispersion ends, a shadowy nova blinds and disorients nearby enemies for 2 sec.",40,0,0,0,0,0,0,0
General,General1,Talent,"Blink and you'll miss it!",272185,"Your damaging spells with a cast time reduce the cooldown of Blink by 1 seconds.    This effect can only occur once every 1 sec and only works against creatures.",20,0,0,0,0,0,0,0
General,General1,Talent,"Blood and Guts",273885,"Using Execute on targets affected by your Disembowel deals 156 damage to 5 nearby enemies.    This damage uses Execute modifiers.",24,0,0,0,0,0,0,0
General,General1,Talent,"Blood Bane",274421,"Dealing periodic damage with Rend or Deep Wounds grants Blood Bane.    Dealing damage with Deadly Poison grants Venom Coated Blade.      Blood Bane Increases the damage of your Deadly Poison by 15%. Stacks up to 3 times. Lasts 8 sec.    Venom Coated Blade Increases the damage of your next 5 Instant Poisons by 100%. Lasts 16 sec.",30,0,0,0,0,0,0,0
General,General1,Talent,"Blood Drinker",283624,"Your Bloodthirst now consumes Taste for Blood to heal you for 4.",30,0,0,0,0,0,0,0
General,General1,Talent,"Blood Hunting",285068,"Critical strikes with Hunter abilities against targets afflicted by your Piercing Shots randomly reduce the cooldown of either: - Kill Command by 3 sec - Frenzy Shot by 3 sec - Bestial Wrath by 7 sec  Abilities you do not currently have learned can still be randomly selected for the cooldown reduction.",44,0,0,0,0,0,0,0
General,General1,Talent,"Blood Rain",282340,"Your Stormstrike now increases your bleed damage against the target by 30% for 6 sec.",10,0,0,0,0,0,0,0
General,General1,Talent,"Blood Shield",288804,"Requires Frost Presence.    Death Strike no longer heals you.     Instead it shields you for 5% of your maximum health for each of her diseases on the target.     The shield is capped at 20% of your maximum health, 10% against players.",55,0,0,0,0,0,0,0
General,General1,Talent,"Blood Venom",274438,"Bloodthirst makes your Envenom preserve 2 combo points.    Envenom used this way increases the damage done by Warrior abilities by 20% for 8 seconds.",36,0,0,0,0,0,0,0
General,General1,Talent,"Bloodletter's Rhythm",288960,"Blood Strike grants Bloodletter's Rhythm.      Bloodletter's Rhythm At 3 stacks, your next Heart Strike, Rune Strike, or Death Strike costs no resource. Lasts 15 sec.",40,0,0,0,0,0,0,0
General,General1,Talent,"Bloodletting",283986,"Rupture deals 25% more damage to targets affected by Rend.    Rend deals 30% more damage to targets affected by Rupture.",20,0,0,0,0,0,0,0
General,General1,Talent,"Bloodstained Recklessness",282105,"Killing an enemy during Recklessness extends its duration by 3 seconds.    This effect can only occur once every 1 sec.",14,0,0,0,0,0,0,0
General,General1,Talent,"Bloody Business",277162,"Casting Mangle 3 times within 5 sec, spreads your Pounce to up to 7 nearby targets.",36,0,0,0,0,0,0,0
General,General1,Talent,"Bloody Claws",273705,"Claw costs 12 less energy and gains additional damage equal to 20% of your attack power.",10,0,0,0,0,0,0,0
General,General1,Talent,"Bloody Maelstrom",284252,"Consuming Maelstrom Weapon at max stacks empowers your next Bloodthirst, Mortal Strike or Heart Strike to deal 8 Elemental damage to 6 nearby enemies.     Bloody Maelstrom deals 15% more damage per stack. Stacks up to 5. Lasts 12 seconds.",40,0,0,0,0,0,0,0
General,General1,Talent,"Bloody Resets",276300,"Hemorrhage and Ghostly Strike can now trigger your Sword and Board talent.",40,0,0,0,0,0,0,0
General,General1,Talent,"Blooming Growth",272214,"Critically healing with Regrowth now applies its heal over time effect to 3 party or raid members within 20 yards.    Regrowth effects applied this way have their healing reduced by 10%.",12,0,0,0,0,0,0,0
General,General1,Talent,"Blooming Power",272216,"Casting Swiftmend increases your next Regrowth's chance to critically heal by 100%.    Swiftmend now grants you Nature's Grace.    Nature's Grace Increases your haste by 20% for 4 sec.",30,0,0,0,0,0,0,0
General,General1,Talent,"Blunt Force Trauma",283508,"Your Damage Shield talent now deals additional threat and applies Blunt Force Trauma.   Blunt Force Trauma Bleeding for 3 damage every 3 seconds and your Damage Shield deals 20% increased damage against the target. Stacks up to 5 times and lasts 9 sec.     This cannot trigger other effects",30,0,0,0,0,0,0,0
General,General1,Talent,"Boomer",281369,"Direct damage Fire spells have a chance to cause an explosion around you, dealing -15 and increase your spell critical strike chance by 3% for 5 sec.    This effect can only occur once every 8 sec.",10,0,0,0,0,0,0,0
General,General1,Talent,"Booming Thunder",272585,"Dealing direct Nature damage with spells grants Booming Thunder.   Booming Thunder Increases the damage of your next Earth Shock by 20% and increases its critical strike chance by 3%. Against monsters, Earth Shock deals an additional 10% damage per stack. Stacks up to 25 times and lasts 15 sec.",15,0,0,0,0,0,0,0
General,General1,Talent,"Borrowing Time",276364,"Casting Align, Renew and Synchronize now grants you Borrowed Time.    Borrowed Time Grants spell haste for your next spell after casting Power Word: Shield.  This effect is not consumed by instant-cast spells.",35,0,0,0,0,0,0,0
General,General1,Talent,"Boundless Salvation",278343,"Your direct Holy heals reduce the cooldown of Tyr's Deliverance by 3 sec.  Holy Light reduces the cooldown of Tyr's Deliverance by an additional 3 sec.",50,0,0,0,0,0,0,0
General,General1,Talent,"Brand of the Pyromaniac",286259,"Combustion also causes your next two Pyroblasts to bounce to 2 additional enemies, dealing 30% less damage with each bounce.",30,0,0,0,0,0,0,0
General,General1,Talent,"Bright Lights",283993,"Holy Fire grants you Light's Grace.    Your Light's Grace talent also increases your spell haste and Holy damage by 3%.    Light's Grace The cast time of your next Holy Light spell is reduced by 0.5 sec. Lasts for 15 sec.",30,0,0,0,0,0,0,0
General,General1,Talent,"Brilliance of Faith",278510,"Divine Favor now empowers the cast and further empowers 2 casts of the spell that consumed it.  Holy Shock - Has no cooldown and has its global cooldown reduced by 33%.  Flash of Light - Heals up to 3 targets.  Holy Light - Heals for 30% more.",30,0,0,0,0,0,0,0
General,General1,Talent,"Built up Thirst",271778,"Finishing moves grant you Built up Thirst.      Built up Thirst Increases the damage of your next Bloodthirst by 15% per combo point consumed. Lasts 10 sec.",40,0,0,0,0,0,0,0
General,General1,Talent,"Bullseye!",272133,"Disengage now doubles the effectiveness of your Piercing Shots talent and makes your hunter shots ignore 20% of your target's armor for 10 seconds.",20,0,0,0,0,0,0,0
General,General1,Talent,"Burning Desire",103085,"Increases the damage taken by your Hellfire ability by 8% and increases the damage it deals by 25%.",30,0,0,0,0,0,0,0
General,General1,Talent,"Burst of Flames",274640,"Dealing periodic damage with Corruption, Conflagrate, Immolate and Shadowflame now grants you Pyromancers Kindling.     Pyromancers Kindling Your next Pyroblast deals 8% increased damage. Stacks up to 5 times and lasts 6 sec.",20,0,0,0,0,0,0,0
General,General1,Talent,"By Fire Be Purged",281347,"Fire Nova now purges a beneficial spell effect from damaged targets.    This effect can only occur once every 15 seconds.",12,0,0,0,0,0,0,0
General,General1,Talent,"Calculated Ambush",914079,"Increases the critical strike chance of your Ambush ability by 6% and the damage by 3%.",16,0,0,0,0,0,0,0
General,General1,Talent,"Cat-a-clysmic Entrance",274352,"Casting Searing Pain now grants you Cat-a-Clysmic Entrance for 10 sec. While at 5 stacks your next Cat Form shapeshift has no global cooldown and unleashes Cat-a-clysm.    Cat-a-clysm Deals 41 Fire damage to 6 enemies within 8 yards, increasing your Fire damage dealt to them by 20% for 10 sec.",16,0,0,0,0,0,0,0
General,General1,Talent,"Cataclysmic Power",289461,"This spell belongs to Pyromancer    The damage of Fireball and Incinerate is increased by 2% for each of your Fire periodic effects on the target.",18,0,0,0,0,0,0,0
General,General1,Talent,"Cataclysmic Sundering",277180,"Sundering leaves a burning patch on the ground for 8 sec. Dealing 118 Fire damage to enemies every second and increasing the damage of your Flame shock by 50%.",34,0,0,0,0,0,0,0
General,General1,Talent,"Celestial Fury",285537,"Critical strikes with Wrath while Nature's Grace is active grant you Celestial Fury.   Celestial Fury Your next direct Arcane spell deals 5, increased by 20% per stack, additional Arcane damage to nearby enemies. Stacks up to 10 times and lasts 15 sec.",20,0,0,0,0,0,0,0
General,General1,Talent,"Celestial Replenishment",275263,"Triggering an Eclipse now restores 16% of your missing mana.",30,0,0,0,0,0,0,0
General,General1,Talent,"Centered",284380,"Your direct Holy heals now grant you Centered.    Centered Your Smite, Holy Fire, and Penance deal 2% increased damage and have 3% increased chance to hit. Stacks up to 5 times and lasts 10 sec.",10,0,0,0,0,0,0,0
General,General1,Talent,"Chaos Manifesting",282035,"After casting Chaos Bolt, you receive a Fire or Shadow Empowerment, increasing your damage dealt with that school by 10% for 8 sec.",40,0,0,0,0,0,0,0
General,General1,Talent,"Charged Ice",278155,"Consuming Fingers of Frost with Frostbolt, Frostfire Bolt, Ice Lance or Deep Freeze grants Charged Ice.      Charged Ice Increases the damage of Lightning Bolt, Chain Lightning, Thunderstorm and Lava Burst by 40%. Stacks up to 2. Lasts 7 sec. The duration cannot be refreshed.",35,0,0,0,0,0,0,0
General,General1,Talent,"Charged Thunder",283374,"Stormstrike now refunds all charges of your Lightning Shield.",10,0,0,0,0,0,0,0
General,General1,Talent,"Charged Tides",285240,"Casting Lightning Bolt, Chain Lightning or triggering Lightning Rod grants you Charged Tides.      Charged Tides Your next Chain Heal or Healing Wave deals 10% increased healing and has a 25% reduced cast time. Stacks up to 4 times and lasts 12 sec.",10,0,0,0,0,0,0,0
General,General1,Talent,"Chasing the Flames",274465,"Dealing damage with Flametongue Weapon reduces the active cooldown of Immolation and Explosive Trap by 3 seconds.",16,0,0,0,0,0,0,0
General,General1,Talent,"Chilling Blows",281535,"Your Frostbrand hits extend the duration of your Deep Freeze by 0.3 seconds or reduces its cooldown by 1.5 seconds against enemies permanently immune to stuns.    Dealing damage with Deep Freeze increases your attack speed by 15% for 8 sec.",40,0,0,0,0,0,0,0
General,General1,Talent,"Clad in Frost",276006,"Requires Frost Presence or Mana-Forged Barrier.    Casting Ice Barrier or Icebound Fortitude now grants you Clad in Frost.    Clad in Frost Reduces all damage taken by 12%, 30% increased threat from Frost sources and increases the chance to trigger Fingers of Frost by 10%. Lasts for 10 sec.    While active, casting a Frost spell reduces the remaining cooldown of Ice Barrier by 1 sec.    While Clad in Frost is active, Frost spell and ability casts reduce the remaining cooldown of Ice Barrier by 1 sec.",30,0,0,0,0,0,0,0
General,General1,Talent,"Clarity of the Mind",285561,"Your Omen of Clarity talent has an additional 4% chance to activate.",20,0,0,0,0,0,0,0
General,General1,Talent,"Clean Pass",277485,"Your Glaive Toss consumes your Piercing Shots bleed to deal its full damage increased by 100%.",30,0,0,0,0,0,0,0
General,General1,Talent,"Cleanse In Flames",281573,"Exorcism, Judgement, Hammer of Wrath and Holy Shock deal 10% increased damage to targets afflicted by your Holy Fire.",20,0,0,0,0,0,0,0
General,General1,Talent,"Cleansing Flames of the Apostate",271210,"Requires  Path of Healing Casting Cauterizing Fire or Pyroblast grants you Flames of the Apostate while in combat.  Dealing direct damage with Pyroblast heals three nearby allies for 356.  Dealing periodic damage with Pyroblast heals one nearby ally for 11.  Flamestrike applies Cauterizing Embers to allies standing within it.   Cauterizing Embers Heals the target for 12 every 2 seconds.   Flames of the Apostate Flamestrike's cast time is reduced by 10% per stack.     At 10 stacks, Flamestrike also grants a shield that absorbs 18 damage on up to 5 allies.",16,0,0,0,0,0,0,0
General,General1,Talent,"Clear Mind",283753,"Your Elemental Focus Clearcasting gains an extra charge, reduces mana cost by an additional 10%, and now grants 5% spell haste.",20,0,0,0,0,0,0,0
General,General1,Talent,"Cloudburst",281437,"Increases the damage of your Thunderstorm by 100%.    The mana restored by your Thunderstom is increased by 100%.    Your Thunderstorm gains, or increases its cast time by 1 second.",40,0,0,0,0,0,0,0
General,General1,Talent,"Coagulation",283444,"Blood Horror's damage is increased by 50%, healing by 125%, and you take 30% less damage.",40,0,0,0,0,0,0,0
General,General1,Talent,"Cobra Combo",284148,"Your finishing moves have a 20% chance per combo point to increase your Tamed Pet's critical strike chance by 15% for 12 sec.    Tamed Pet includes Summoned Demon, Enslave Demon, Dominate Undead, Tame Dragonkin, Tether Elemental, Summoned Ghoul, and Tame Beast.",10,0,0,0,0,0,0,0
General,General1,Talent,"Cold Dark Thoughts",274176,"Dealing direct Frost damage has a 15% chance to grant you Mindblast!.   Mindblast! Your next Mind Blast spell is instant, costs no mana, deals 25% more damage. Lasts for 15 sec.",10,0,0,0,0,0,0,0
General,General1,Talent,"Cold Seeking Missiles",982085,"Dealing damage with Frostbolt increases the damage the target takes from your Arcane Missiles by 10%.",11,0,0,0,0,0,0,0
General,General1,Talent,"Coldshot",277525,"Hunter shots reduce the cast time of your next Ray of Frost by 15%. Stacks up to 5 times and lasts 30 sec.",60,0,0,0,0,0,0,0
General,General1,Talent,"Coldstrike Marksmanship",277522,"Direct Frost Spell critical strikes grant you a charge of Coldstrike Marksmanship.    Coldstrike Marksmanship Increases the damage of your next Hunter Shot by 20%. Holds 6 charges. Lasts 20 sec.",10,0,0,0,0,0,0,0
General,General1,Talent,"Collective Conscious",282029,"Your Tranquility also restores 15% base mana when it heals.",20,0,0,0,0,0,0,0
General,General1,Talent,"Combat Medic",283949,"Your Bandage now grows more effective with each heal, increasing the healing your ally receives from Bandage by 10%, stacks up to 8 times.",10,0,0,0,0,0,0,0
General,General1,Talent,"Combusting Shots",283302,"Direct Fire spell damage while Combustion is active grants Combusting Shots. Subsequent casts increase the duration by 3 seconds.   Combusting Shots Increases the damage done by Explosive Shot by 20%. Lasts for 3 seconds.",40,0,0,0,0,0,0,0
General,General1,Talent,"Compound Power",275317,"Your damaging Steady Shot and Arcane Shot now award 2 combo points.",10,0,0,0,0,0,0,0
General,General1,Talent,"Compound Speed",275319,"Slice and Dice also increases your Ranged Attack Speed by 30%.",10,0,0,0,0,0,0,0
General,General1,Talent,"Conductive Affliction",998820,"Dealing damage with Lightning Bolt or Chain Lightning applies Conductive Affliction to the target for 15 sec. Holds up to 10 charges. Damage from your Unstable Affliction or Vampiric Touch consumes a charge to deal 35% increased damage.",36,0,0,0,0,0,0,0
General,General1,Talent,"Conductive Venom",299932,"Dealing damage with Lightning Bolt or Chain Lightning applies Conductive Venom for 15 sec, increasing the damage the target takes from your Serpent Sting by 5%. Stacks up to 10 times.",10,0,0,0,0,0,0,0
General,General1,Talent,"Conductor",272058,"Casting Frostbolt, Frostfire Bolt and Frost Nova grants Conductor.      Conductor Your next Lightning Bolt, Chain Lightning or Lava Burst has 34% reduced cast time. Stacks up to 3 times and lasts 10 sec.",10,0,0,0,0,0,0,0
General,General1,Talent,"Consecrated Target",299926,"Dealing damage with ranged abilities marks the target for 15 sec, increasing the damage it takes from your Holy Fire by 5%. Stacks up to 10 times.",16,0,0,0,0,0,0,0
General,General1,Talent,"Consecrated Zeal",283251,"Dealing damage with Consecration grants you a stack of Consecrated Zeal.    Consecrated Zeal Increases holy damage done by 1% and reduces physical damage taken by 1%. Stacks up to 3 times and lasts 3 sec.",10,0,0,0,0,0,0,0
General,General1,Talent,"Conservation",281632,"Effective direct heals grant you Conservation.    Conservation Increases your mana regeneration by 1, increasing with level, and allows 5% of your mana regeneration to continue while casting for 6 sec.    Stacks up to 5 times.",10,0,0,0,0,0,0,0
General,General1,Talent,"Consumed By Shadows",285859,"Requires  Shadowform    After exiting Stealth you will enter Shadowform.",22,0,0,0,0,0,0,0
General,General1,Talent,"Consuming Flames",282113,"Increases the potency of your Ignite talent by an additional 15%, but your Fire critical strikes deal 5% less damage.",15,0,0,0,0,0,0,0
General,General1,Talent,"Controlled Burn",270423,"Chaos Bolt extends the duration of your Immolate by 6 sec.",40,0,0,0,0,0,0,0
General,General1,Talent,"Controlled Chaos",272765,"Spells with a cast time reduce the cooldown of Chaos Bolt by 2 seconds.",40,0,0,0,0,0,0,0
General,General1,Talent,"Corrupted Bear Form",271403,"Corrupts your Bear Form, causing your melee attacks to deal additional high-threat Shadow damage while reducing Physical damage dealt by 20%.",10,0,0,0,0,0,0,0
General,General1,Talent,"Corrupted Blade",281492,"Your Sinister Strike and Gloomblade casts spread your Corruption to enemies within 10 yards of the target.    Corruption will not spread to crowd controlled players or totems.",10,0,0,0,0,0,0,0
General,General1,Talent,"Corrupted Shiv",285943,"Dealing damage with Shiv now applies Corruption and refreshes Shadow Word: Pain.",40,0,0,0,0,0,0,0
General,General1,Talent,"Corrupting Shadows",283090,"Your Shadowburn applies Corruption to the target.",22,0,0,0,0,0,0,0
General,General1,Talent,"Counterpoise",282348,"While above 50% rage, you gain 5% melee haste. While below 50% rage, you gain 3% melee critical strike chance.",10,0,0,0,0,0,0,0
General,General1,Talent,"Courage of Elune",965215,"Your Maul, Swipe, and Mangle (Bear) have a chance to grant party members 2% Strength for 10 sec. Does not stack with other similar effects.",11,0,0,0,0,0,0,0
General,General1,Talent,"Covering Crown",284006,"Requires  Path of Healing  Casting Rejuvenation now grants your target Covering Crown.    Covering Crown Reduces the damage taken from area of effect attacks by 30% for 3 sec. This does not stack with other similar effects.",10,0,0,0,0,0,0,0
General,General1,Talent,"Coward's Bane",281983,"Your Warrior abilities have a chance to daze enemies facing away from you for 3 seconds.",10,0,0,0,0,0,0,0
General,General1,Talent,"Crackling Thunder",283571,"Thunder Clap creates Crackling Thunder on the ground, dealing 3 Nature damage and increasing your critical strike chance against nearby enemies by 5%.     This damage generates additional threat.",10,0,0,0,0,0,0,0
General,General1,Talent,"Crazy Cultist",270927,"Your offensive Warlock spell casts have a 15% chance to cast an additional random Warlock spell for free.",10,0,0,0,0,0,0,0
General,General1,Talent,"Creeping Frost",285207,"Your Deep Freeze now spawns creeping frost beneath the target that grows in size every second and reduces enemy movement speed by 40%.",40,0,0,0,0,0,0,0
General,General1,Talent,"Crimson Claws",275093,"Dealing damage with Crimson Tempest has a 20% chance per combo point to send your Tamed Pet into a frenzy, causing its auto attacks to hit 5 nearby enemies for 8 sec.    This effect can only occur once every 15 sec.    Tamed Pet includes Summoned Demon, Enslave Demon, Dominate Undead, Tame Dragonkin or Tether Elemental, and Tame Beast.      Crimson Claws Auto attacks strike 5 nearby enemy targets for 20% of the damage dealt.",20,0,0,0,0,0,0,0
General,General1,Talent,"Crimson Defense",273531,"Blocking now grants you Crimson Defender.      Crimson Defender Crimson Defender stacks up to 3 times. At 3 stacks, your next listed spell consumes the stacks:    - Shield Slam and Shield of Righteousness: Deals an additional 31 Holy damage to the target.    - Judgement: Hits 4 additional nearby targets.    - Power Word: Shield: Reduces your damage taken by 15% for 5 seconds.",40,0,0,0,0,0,0,0
General,General1,Talent,"Crimson Ward",288950,"Rune Strike hits reduce the remaining cooldown of Vampiric Blood by 2 sec.    Parrying attacks also reduces the remaining cooldown of Vampiric Blood by 2 sec. This effect can only occur once every 5 sec.",55,0,0,0,0,0,0,0
General,General1,Talent,"Critical Cycles",283770,"Solar Eclipse now increases your periodic Nature damage by 60%.    Lunar Eclipse now increases your periodic Arcane damage by 60%.",30,0,0,0,0,0,0,0
General,General1,Talent,"Critical Serration",277609,"Unlocked by  Piercing Shots (Rank 1)  Shuriken Toss and Deadly Throw criticals can now trigger your Piercing Shots talent.",20,0,0,0,0,0,0,0
General,General1,Talent,"Crushing Charge",270699,"Hitting targets affected by your Crushing Impact with Physical melee abilities now reduces the cooldown of Battle Charge by 3 seconds.    This effect can only occur once every 3 sec.",10,0,0,0,0,0,0,0
General,General1,Talent,"Crushing Impact",270706,"Charge now applies Crushing Impact to all enemies within 10 yards.    Crushing Impact Increases the damage taken from the caster by 10% and Victory Rush by 40% for 12 sec.",10,0,0,0,0,0,0,0
General,General1,Talent,"Cryotherapist",271313,"Requires  Path of Healing  Dealing damage with Frostbolt, Frostfire Bolt, or Ice Lance triggers a heal on a nearby ally for 41.    Dealing damage with Deep Freeze triggers a heal on 5 nearby allies for 231 and applies Cryotherapy to them.    Dealing damage with Icy Penance triggers a heal on 3 nearby allies for 171.    Heals from Cryotherapist benefit from healing modifiers and can trigger additional effects.    Ranks 1-3 of Frostbolt trigger a lesser version of the heal.      Cryotherapy Restore 59 each 2 second for 10 sec",10,0,0,0,0,0,0,0
General,General1,Talent,"Cursed Arrows",281681,"Ranged auto attacks have a 10% chance to curse the target, when that target dies it summons a skeletal guardian to fight for you.",10,0,0,0,0,0,0,0
General,General1,Talent,"Dancer in the Dark",282118,"While in Stealth, Shadow Dance cooldown recovery is doubled.",30,0,0,0,0,0,0,0
General,General1,Talent,"Dark Arrows",276808,"Dealing damage with Shadow Bolt or Seed of Corruption now grants you Dark Arrows.    Dark Arrows Your next 5 Auto Shots fire a Dark Arrow dealing 100% ranged weapon damage as Shadow and restoring 2% of your maximum mana. Lasts 15 seconds.",10,0,0,0,0,0,0,0
General,General1,Talent,"Dark Intent",275493,"Dealing damage with Sinister Strike, Eviscerate, Garrote, Rupture, Crimson Tempest, Shiv, Ambush and Gloomblade now deals 10 additional Shadow damage.  If the ability critically strikes, the additional Shadow damage is also a critical hit.",10,0,0,0,0,0,0,0
General,General1,Talent,"Dark Justicar",286224,"Seal of Vengeance now stacks up to 10.  Your Judgements and Scourge Strike can consume 10 stacks of its damage over time effect to deal 17 additional Holy damage.",44,0,0,0,0,0,0,0
General,General1,Talent,"Dark Reclamation",281471,"Dealing damage with Drain Soul or casting Life Tap grants you Dark Reclamation.      Dark Reclamation Reduces the cooldown of your next Shadowburn by 1 seconds.   Stacks up to 10 times and lasts 10 sec.",22,0,0,0,0,0,0,0
General,General1,Talent,"Dark Surgeon",274209,"Requires  Path of Healing  Rogue finishing moves apply Surgical Treatment per combo point spent.    Premeditation now grants 1 additional combo point and can be used out of stealth.    Surgical Treatment Heals each second for 33. Lasts 6 sec.",20,0,0,0,0,0,0,0
General,General1,Talent,"Dark Winter",274178,"Dealing damage with Frost spells now applies Dark Winter.    Dark Winter Increases your periodic shadow damage dealt to the target by 2%. Stacks up to 4 times and lasts 10 sec.",10,0,0,0,0,0,0,0
General,General1,Talent,"Darkwing Volley",299982,"Dealing damage with Black Arrow reduces the remaining cooldown of Summon Gargoyle by 3 sec.",40,0,0,0,0,0,0,0
General,General1,Talent,"Darting Shadows",283609,"Increases your movement speed by 70% for 4 sec after using Vanish.",22,0,0,0,0,0,0,0
General,General1,Talent,"Dawning Light",284246,"Your Holy Shock healing is now increased by 50% on allies below 50% health.",30,0,0,0,0,0,0,0
General,General1,Talent,"Deadly Aim",283547,"Your ranged auto shots now have a 15% chance to reset the cooldown of Aimed Shot and increase its damage by 15% for 6 sec.",20,0,0,0,0,0,0,0
General,General1,Talent,"Deadly Bite",272353,"Dealing damage with Mongoose Bite, Counterattack or Savage Blade applies Deadly Bite for 12 sec, causing 40% of the triggering damage as Bleed damage over its duration.    Repeated applications accumulate into the existing bleed and refresh its duration.      Deadly Bite Bleeding for accumulated damage equal to 40% of the triggering Mongoose Bite, Counterattack or Savage Blade damage over 12 sec. Reapplying Deadly Bite adds the new damage to the remaining bleed and refreshes the duration.    This periodic damage can critically hit.",10,0,0,0,0,0,0,0
General,General1,Talent,"Deadly Combo",283833,"Your finishing moves have a 20% chance per combo point to grant you Sudden Death.      Sudden Death You may use Execute regardless of target's health.",36,0,0,0,0,0,0,0
General,General1,Talent,"Deadly Instinct",272362,"Dealing damage with Savage Blade now grants you Deadly Instinct.     Deadly Instinct Increases the damage of your Counterattack and Mongoose Bite by 50% against monsters.  This has 5 charges and lasts 15 sec.    Counterattack and Mongoose Bite deal 35% increased damage against players.",10,0,0,0,0,0,0,0
General,General1,Talent,"Deadly Leap",283483,"Heroic Leap now deals 25% increased damage. If Heroic Leap kills an enemy the cooldown is reset.",30,0,0,0,0,0,0,0
General,General1,Talent,"Death or Glory",282315,"Last Stand now dispels all harmful magic effects on you and boosts your melee attack power, speed, and movement by 10% for 10 seconds.",20,0,0,0,0,0,0,0
General,General1,Talent,"Deathbringer",273088,"Dealing damage with single-target spells and abilities deals an additional 7 Shadow damage.    This effect can only occur once every 3 sec.",10,0,0,0,0,0,0,0
General,General1,Talent,"Debilitating Roar",283530,"The cooldown of your Challenging Roar and Challenging Shout is reduced by 12 sec and their duration is increased by 1 sec.    Your Challenging Roar and Challenging Shout also reduce affected enemies' damage done by 15%.",28,0,0,0,0,0,0,0
General,General1,Talent,"Decimation by Pyro",271547,"Your Decimation also increases the damage of your Pyroblast and Meteor by 25%.",45,0,0,0,0,0,0,0
General,General1,Talent,"Defense of Thundarian",285753,"Dealing damage with Windfury now grants you Cloaked in Wind.    Cloaked in Wind Reduces your magic damage taken by 2% and increases your armor by 3%. Lasts 6 sec. Stacks up to 2 times.",30,0,0,0,0,0,0,0
General,General1,Talent,"Defias Gunslinger",276669,"Requires  Duelist's Glove  A Duelist's Glove is an off-hand item that enables Swashbuckling. It is granted whenever you learn a talent or ability that requires it.    Sinister Strike now grants you Gunslinger's Strike.    Gunslinger's Strike Increases the damage of your next Raptor Strike by 50%. Lasts 12 sec.    Damage increased by 30% against players.",10,0,0,0,0,0,0,0
General,General1,Talent,"Defias Tactics",276633,"Using Sinister Strike and Multi-Shot now reduce the active cooldown of your Raptor Strike and Mongoose Bite by 2 second.",10,0,0,0,0,0,0,0
General,General1,Talent,"Defile the Grove",288828,"Your Druid periodic damage deals 8% increased damage to targets standing in your Death and Decay.",55,0,0,0,0,0,0,0
General,General1,Talent,"Demolisher",273786,"Your Mortal Strike now applies Demolish.    Demolish Increases your physical damage dealt to the target by 2%. Your melee critical strikes add an additional stack. Upon reaching 6 stacks your next melee critical strike consumes them. Lasts 10 sec.",30,0,0,0,0,0,0,0
General,General1,Talent,"Demonic Burst",283465,"Your Demonic Leap now sends out a Blast Wave, dealing 6 Fire damage, knocking enemies back, and granting you Bursting Power.    Bursting Power Increases your damage done by 5%. Lasts 3 sec.",30,0,0,0,0,0,0,0
General,General1,Talent,"Demonic Deception",990005,"Reduces threat causes by your summoned demon by 30%. This enchant does not stack with similar effects.",11,0,0,0,0,0,0,0
General,General1,Talent,"Demonic Influence",272728,"While in Metamorphosis your Summoned Demon, Demon and Wild Imps gain Demonic Influence.      Demonic Influence Damage increased by 30% and regenerates 500 mana every 5 seconds. Benefits Wild Imps.",40,0,0,0,0,0,0,0
General,General1,Talent,"Demonic Persistence",276506,"Your Wild Imps from Hand of Gul'dan are now overcharged with Fel energy, causing them to deteriorate over time. This causes your Incinerate and Mind Blast to trigger Demonic Persistence.    Demonic Persistence Sacrifices the lowest-health Wild Imp, dealing 140 to 180 Fire damage to targets within 8 yards. Increases the damage of your active Demon by 20% and your Wild Imps by 20%, stacking up to 4 times. For each demon detonated, your Wild Imps last 1 additional second per stack of Demonic Persistence.  Requires a Demon",32,0,0,0,0,0,0,0
General,General1,Talent,"Demonic Reoccurence",272730,"Reduces the cooldown of Metamorphosis by 50%. Metamorphosis grants 90% less bonus armor and no longer reduces your chance to be critically hit or the duration of stuns and snares.  Reduces the bonus damage by 10% against players.",40,0,0,0,0,0,0,0
General,General1,Talent,"Demonic Synergy",283397,"Critically striking with a direct damage spell increases your Wild Imps and Summoned Demon's critical chance by 30%. This effect is consumed on your pet's next critical hit.",10,0,0,0,0,0,0,0
General,General1,Talent,"Deranged Druid",270958,"Your offensive Druid spell casts & Feral abilities have a 15% chance to cast an additional random Druid spell for free.",10,0,0,0,0,0,0,0
General,General1,Talent,"Desperation",282063,"Bloodthirst now deals an additional strike dealing up to 33% damage based on your missing health.",30,0,0,0,0,0,0,0
General,General1,Talent,"Destructive Bargain",277185,"Each cast of Incinerate or Soul Fire empowers your Incinerate, Soul Fire and Beam of Hatred:   - Increasing the damage dealt against monsters by 5%   - Reducing the casting speed by 3%   - Reducing the global cooldown by 5%   - Increasing the mana cost by 70%    These effects stack up to 5 times and last 9 sec.",28,0,0,0,0,0,0,0
General,General1,Talent,"Deter and Punish",283979,"Your Deterrence also reflects spells and retaliates against attacks.",36,0,0,0,0,0,0,0
General,General1,Talent,"Devil's Claws",274348,"You now gain 7 seconds of Devil's Claws when casting Searing Pain or Cat-a-clysm and 15 seconds when casting Berserk.    Devil's Claws Claw, Shred, Ravage and Mangle deal additional Fire damage, cost 15 less energy, and restore 7% of your mana.",16,0,0,0,0,0,0,0
General,General1,Talent,"Devouring",281521,"Applying Warlock and Death Knight damage over time effects refreshes your Devouring Plague's duration on the target.",20,0,0,0,0,0,0,0
General,General1,Talent,"Direct Command",283666,"Increases the damage of your Seal of Command by 20% but it now only hits 1 additional target.",20,0,0,0,0,0,0,0
General,General1,Talent,"Disciple of the Tides",274918,"Direct Nature critical heals now grant you Disciple of the Tides.    Disciple of the Tides Increases the damage or healing of your next Penance by 15%.     Stacks up to 5 times and lasts 20 sec.",20,0,0,0,0,0,0,0
General,General1,Talent,"Divine Circle",271483,"Your Flash Heal and Greater Heal now grant you Empowered Circle of Healing    Empowered Circle of Healing Increases the effect of your next Circle of Healing by 15%. Stacks up to 3 times and lasts 10 sec.",50,0,0,0,0,0,0,0
General,General1,Talent,"Divine Concord",277860,"The Art of War now makes Arcane Blast instant.    When Arcane Blast consumes The Art of War, it grants one additional Arcane Blast stack. While Harnessed Energy is active, it grants one additional Harnessed Energy charge instead.",30,0,0,0,0,0,0,0
General,General1,Talent,"Divine Efficiency",283555,"The mana cost of Greater Heal is reduced by 10%.",10,0,0,0,0,0,0,0
General,General1,Talent,"Divine Ferocity",299956,"Mongoose Bite and Counterattack increase the damage of your next Divine Storm by 50%. Stacks up to 5 times.",40,0,0,0,0,0,0,0
General,General1,Talent,"Divine Guidance",272883,"Dealing damage with Penance now grants you Divine Guidance.    Divine Guidance Your next healing Penance deals 25% increased healing and causes each bolt to radiate outward, healing 5 nearby allies for 5 and reducing the cooldown of Penance by 1 second.",40,0,0,0,0,0,0,0
General,General1,Talent,"Divine Judgement",272884,"Healing with Penance now grants you Divine Judgement.    Divine Judgement Your next damaging Penance deals 75% increased damage and causes each bolt to explode, dealing 9 additional Holy damage to 5 nearby enemies and reducing the cooldown of Penance by 1 second.    Penance deals 35% increased damage against players.",40,0,0,0,0,0,0,0
General,General1,Talent,"Divine Prophet",275432,"Dealing damage with Arcane Blast, Arcane Missiles and Arcane Barrage now grant you Divine Wrath.    Divine Wrath Increases the damage of your next Smite or Holy Fire by 25%. Stacks up to 3 times and lasts 10 sec.",10,0,0,0,0,0,0,0
General,General1,Talent,"Divine Reset",277920,"Direct damaging Holy spells and abilities have a 15% chance to reset the cooldown of Divine Storm.",15,0,0,0,0,0,0,0
General,General1,Talent,"Dominant Word: Shield",270561,"Your Power Word: Shield now absorbs for an additional 50% when cast on allies below 75% health.    Damaging casts of Smite, Holy Fire, and Penance now grant a stack of Dominant Shield.    Dominant Shield stacks can only be obtained from Penance every 2 seconds.    Dominant Shield Increases the amount absorbed by your next Power Word: Shield by 15%, but reduces its duration by 1 sec. Stacks up to 10 times. Lasts 10 sec.",10,0,0,0,0,0,0,0
General,General1,Talent,"Doomhammer's Fury",271596,"Casting Lava Lash now grants you Doomhammer's Fury.    Doomhammer's Fury Your Pyroblast and Lava Burst now restore mana, generate a stack of Maelstrom Weapon, and deal 13% increased direct damage. Lasts for 8 sec.",20,0,0,0,0,0,0,0
General,General1,Talent,"Doppelganger",284943,"Your Vanish now spawns a Doppelganger that looks like you and runs in a random direction, taking the hits so you can get away. Lasts 4 sec.",22,0,0,0,0,0,0,0
General,General1,Talent,"Double Down",275235,"Your Sinister Strike and its Classless transforms, including Eclipse Strike, also strike with your off-hand weapon, but no longer generate combo points.",10,0,0,0,0,0,0,0
General,General1,Talent,"Double Team",275094,"Your finishing moves have a 20% chance per combo point to grant you Double Team.      Double Team Increases your Tamed Beast's special attack damage by 80% against monsters or 40 to 39% against players. Stacks up to 2 times and lasts 12 sec.",10,0,0,0,0,0,0,0
General,General1,Talent,"Double-clawed",273703,"Increases the periodic damage of Rip and Rake by 40%.",10,0,0,0,0,0,0,0
General,General1,Talent,"Down For The Count",281649,"Your Killing Spree hits cause an additional strike for 15% of the damage dealt when attacking a bleeding or poisoned enemy.",40,0,0,0,0,0,0,0
General,General1,Talent,"Draconic Might",271908,"Casting Charge, Intercept, Feral Charge, and Dragon Roar now grants you Draconic Might.    Draconic Might Increases melee and ranged critical strike chance and haste by 5%. Lasts 10 sec.",10,0,0,0,0,0,0,0
General,General1,Talent,"Draconic Slam",271894,"Dealing damage with Bloodthirst and Execute grants you Draconic Slam.    Draconic Slam Your next Slam is instant and deals 50% increased damage. Lasts 10 sec.",30,0,0,0,0,0,0,0
General,General1,Talent,"Dragon Warrior",271907,"Casting Slam now grants you Dragon Fury.     Dragon Fury Reduces the cooldown of your next Dragon Roar by 5 seconds and increases its damage done by 20%. Stacks up to 3 times.    At max stacks, Dragon Roar stuns enemies for 2 seconds.",30,0,0,0,0,0,0,0
General,General1,Talent,"Draining Strikes",273092,"Dealing damage with single target spells and abilities heals you for 3.    This effect can only occur once every 3 sec.",10,0,0,0,0,0,0,0
General,General1,Talent,"Dreadnaught",285275,"Dealing damage with Overpower, Slam and Rune Strike now unleashes a wave of force in front of you dealing 9 Physical damage to 6 targets in front of you.    This effect can only occur once every 4 sec.",10,0,0,0,0,0,0,0
General,General1,Talent,"Druid of the Flame",274346,"Your Claw, Mangle, Shred and Ravage deal 10% increased damage against targets affected by your Ignite.",16,0,0,0,0,0,0,0
General,General1,Talent,"Druidic Storm",271679,"While Nature's Grace is active, the damage of Chain Lightning, Lightning Bolt and Earth Shock is increased by 35%. Nature's Grace lasts 2 seconds longer.",20,0,0,0,0,0,0,0
General,General1,Talent,"Duck Hunting",281358,"Your damaging abilities and Auto Shots against enemies 5 yards above you now dispel Slow Fall and deal an additional strike for 3% of the original damage.",10,0,0,0,0,0,0,0
General,General1,Talent,"Duelist",281341,"Using Taunt on a player now plants a dueling flag at their location, reducing their movement speed by 30% for 6 sec if they flee the area.",10,0,0,0,0,0,0,0
General,General1,Talent,"Dusk Till Dawn",283093,"Damaging spells with a cast time grant you Dusk Till Dawn.    Dusk Till Dawn Increases the damage of your next Shadowburn by 5%. Stacks up to 5 times and lasts 15 sec.    When used at 5 stacks, Shadowburn will hit 5 additional targets.",30,0,0,0,0,0,0,0
General,General1,Talent,"Earth's Blessing",283671,"Direct healing an ally affected by your Earth Shield restores two Earth Shield charges and grants them Earth's Blessing.    Earth's Blessing Increases your chance to critically heal the target by 3%. Stacks up to 3 times and lasts 10 sec.",36,0,0,0,0,0,0,0
General,General1,Talent,"Eccentric Elementalist",270989,"Your offensive Shaman spell casts have a 15% chance to cast an additional random Shaman spell for free.",10,0,0,0,0,0,0,0
General,General1,Talent,"Echoed Incinerate",281744,"Casting Incinerate has a 30% chance to trigger Echoed Incinerate.       Echoed Incinerate Deals -13 Fire damage to your target and an additional 25 to 29 Fire damage if the target is affected by an Immolate spell.    Scales with Incinerate modifiers.",28,0,0,0,0,0,0,0
General,General1,Talent,"Echoing Power",285510,"Your Shaman Shock spells grant you a boon:    Earth Shock: Reduces your Physical damage taken by 4% and increases threat generated from Nature sources by 8%.    Frost Shock: Reduces the target's attack power by 2, reduces your damage taken by 2%, and increases threat generated from Frost sources by 8%.    Flame Shock: Grants you a shield that deals Fire damage to melee attackers, reduces your magic damage taken by 3%, and increases threat generated from Fire sources by 8%.    Attack power reduction does not stack with similar effects.",10,0,0,0,0,0,0,0
General,General1,Talent,"Eclipse Bomber",275014,"When you gain Eclipse (Solar) you also gain Solar Bomber, causing your Fireball and Pyroblast to grant you Lunar Flames.    When you gain Eclipse (Lunar) you also gain Lunar Bomber, causing your Starfire and Starsurge to grant you Solar Flames.      Lunar Flames Increases the damage of your Starfire and Starsurge by 12%. Stacks up to 5 times. Lasts 18 sec or until you gain Eclipse (Solar).    Solar Flames Increases the damage of Fireball and Pyroblast by 18%. Stacks up to 5 times. Lasts 18 sec or until you gain Eclipse (Lunar).",30,0,0,0,0,0,0,0
General,General1,Talent,"Edge of Fury",276397,"Killing Spree no longer teleports you to deal its damage.    Dealing damage with Blind Revenge now grants you Edge of Fury.      Edge of Fury Increases the damage of your next Killing Spree by 15%. Stacks to 5 times and lasts for 15 sec.",40,0,0,0,0,0,0,0
General,General1,Talent,"Electrical Discharge",277082,"Dealing damage with Mangle (Bear) has a 15% chance to deal 60% of its damage as Nature damage to nearby enemies.",32,0,0,0,0,0,0,0
General,General1,Talent,"Electrified Grasp",273059,"The electrified area left behind by your Stormbringer now slows enemies inside it by 25%.",10,0,0,0,0,0,0,0
General,General1,Talent,"Elemental Anomaly",284190,"While Hot Streak and Fingers of Frost are both active, your next Pyroblast unleashes an Elemental Anomaly dealing 264 Frostfire damage.",36,0,0,0,0,0,0,0
General,General1,Talent,"Elemental Assassin",274673,"Dealing damage with Ambush and Backstab now grant you Elemental Assassin.    Elemental Assassin Increases the direct damage of your next Shaman Shock by 100%. Stacks up to 2 times and lasts 8 sec.    Increases the damage of your next Shaman Shock by 80% versus players.",10,0,0,0,0,0,0,0
General,General1,Talent,"Elemental Boon",965240,"Your Lightning Bolt, Chain Lightning and Lava Burst spells have a chance to grant your party 3% spell haste for 8 sec. This enchant does not stack with similar effects.",11,0,0,0,0,0,0,0
General,General1,Talent,"Elemental Burst",278033,"Dealing damage with Elemental Blast now reduces the time between Searing Totem attacks by 50%. Lasts 5 seconds.",40,0,0,0,0,0,0,0
General,General1,Talent,"Elemental Conviction",998850,"While Improved Judgements Capstone is active, your Lightning Bolt, Chain Lightning, Lava Burst, and Elemental Blast can trigger your active Seal of Righteousness or Vengeance.",40,0,0,0,0,0,0,0
General,General1,Talent,"Elemental Daggers",274681,"Using Earth Shock, Flame Shock or Frost Shock grants the matching Elemental Dagger.    Each active Elemental Dagger increases your Backstab and Ambush damage by 40% against monsters.    Damage is increased damage by 30% against players.    While all three Elemental Daggers are active, your next Backstab or Ambush deals additional Elemental damage.",10,0,0,0,0,0,0,0
General,General1,Talent,"Elemental Destruction",274730,"Dealing damage with Lightning Bolt and Chain Lightning grants Elemental Destruction.      Elemental Destruction Increases the damage of your active Immolate by 40%. Stacks up to 5 times and lasts for 10 sec or until you cast Immolate or Conflagrate.",10,0,0,0,0,0,0,0
General,General1,Talent,"Elemental Domination",276602,"Elemental Blast has no cooldown and its cast time is reduced by 0.5 sec, but it no longer grants its buffs.",40,0,0,0,0,0,0,0
General,General1,Talent,"Elemental Energy",285298,"Your Earth Shock, Flame Shock and Frost Shock now grant 20 energy.",10,0,0,0,0,0,0,0
General,General1,Talent,"Elemental Equilibrium",285174,"Dealing direct damage with a Fire, Frost, and Nature spell within 10 seconds now grants you Elemental Equilibrium.    Multi-school spells may trigger all elements but only once per cast.    Elemental Equilibrium Increases your Fire, Frost and Nature damage by 10%. Lasts for 14 sec.",10,0,0,0,0,0,0,0
General,General1,Talent,"Elemental Fusion",277175,"Casting Shaman Shocks increases the damage of your Stormstrike and Lava Lash by 15%. Stacks up to 3 times and lasts 10 sec.    Frost Shock, Earth Shock and Flame Shock can each trigger this effect once every 10 sec.",10,0,0,0,0,0,0,0
General,General1,Talent,"Elemental Lord",276578,"Your Elemental Blast and Lava Burst empower you at random with Elemental Earth, Elemental Frost or Elemental Fire.  The selected shock spell deals 100% increased direct damage.    Elemental Earth Earth Shock triggers aftershocks, dealing additional damage to 3 nearby targets over 3 seconds.   Elemental Frost Frost Shock causes your next Lava Burst to solidify, dealing 55% more damage.   Elemental Fire Empowers your next Flame Shock direct damage to have a 100% chance and its periodic damage to have a 20% chance to reset the cooldown of Lava Burst.",22,0,0,0,0,0,0,0
General,General1,Talent,"Elemental Reload",299938,"Dealing damage with Elemental Blast resets the cooldown of Chimera Shot.",40,0,0,0,0,0,0,0
General,General1,Talent,"Elemental Surge of Light",281315,"When you use a non-Holy spell to trigger Surge of Light, your next Smite or Flash Heal can now critically hit.",25,0,0,0,0,0,0,0
General,General1,Talent,"Elune's Blessing",966105,"Healing with a Druid Nature periodic effect grants you Elune's Blessing, increasing the critical strike chance of your Nature spells by 2% for 10 seconds.",11,0,0,0,0,0,0,0
General,General1,Talent,"Elune's Fury",283026,"Periodic damage from your Moonfire and Insect Swarm can now critically hit.",10,0,0,0,0,0,0,0
General,General1,Talent,"Embracing Shadows",283081,"While Shadow Dance is active, taking spell damage heals you and extends Shadow Dance by 0.3 seconds.",40,0,0,0,0,0,0,0
General,General1,Talent,"Empowered Light",275361,"Crusader Strike, Divine Storm, Hammer of Wrath, Judgements, Aimed Shot, Kill Shot and Chimera Shot now grant you Empowered Light.    Empowered Light Reduces the cast time of next Holy Fire by 33%. Stacks up to 3 times and lasts 10 sec.",10,0,0,0,0,0,0,0
General,General1,Talent,"Empowering Smite",81037,"Your successful Smite casts increase your healing done by 2% and reduce the mana cost of your Smite by 5% for 12 sec, stacking up to 5 times.",11,0,0,0,0,0,0,0
General,General1,Talent,"En Garde!",277049,"Requires  Duelist's Glove  A Duelist's Glove is an off-hand item that enables Swashbuckling. It is granted whenever you learn a talent or ability that requires it. Requires a one-handed weapon and does not work while shapeshifted.    Requires  Defensive Stance  While Swashbuckling, converts 15% of your Agility into Parry Rating.    Your finishing moves reduce the duration of your active Stagger effect by 0.6 sec per combo point.",18,0,0,0,0,0,0,0
General,General1,Talent,"Encroaching Storm",274083,"Consuming a fully stacked Maelstrom Weapon reduces the cooldown of Shamanistic Rage and Elemental Mastery by 6 seconds, and the cooldown of Air Ascendance by 3 seconds.",30,0,0,0,0,0,0,0
General,General1,Talent,"Endless Agonizer",272693,"Dealing damage with Mind Blast or Shadow Word: Death grants you Endless Agonizer.    Endless Agonizer Casting Shadow spells and dealing damage with Mind Flay increases the duration of your Curse of Agony on the target by 1 second.  The duration can be extended by up to 12 seconds. Recasting Curse of Agony resets the counter.  Lasts for 12 sec.",10,0,0,0,0,0,0,0
General,General1,Talent,"Endless Agony",272691,"Your Curse of Agony damage build up is now 25% stronger, and benefits from spell haste.    Dealing direct spell damage now applies Endless Agony.    Endless Agony Increases your damage dealt to the target with Curse of Agony and Curse of Doom by 10%. Stacks up to 25 times and lasts 6 sec.",10,0,0,0,0,0,0,0
General,General1,Talent,"Endless Flames",276545,"Increases the duration of Shadowflame and Pyroclasm by 9 seconds.",30,0,0,0,0,0,0,0
General,General1,Talent,"Endless Flurry",285478,"Your auto attacks now reduce the active cooldown of Blade Flurry by 2 seconds.",22,0,0,0,0,0,0,0
General,General1,Talent,"Energized Judgement",285289,"While below 40 energy you gain Energized Judgements.    Energized Judgement Increases the damage of your Judgements by 75%.    Judgements deal 25% increased damage against players.",10,0,0,0,0,0,0,0
General,General1,Talent,"Energizing Prayer",283175,"When Desperate Prayer restores you to full health, it also replenishes 25% of your total mana.",20,0,0,0,0,0,0,0
General,General1,Talent,"Engaging Shots",272141,"Your Hunter Shots reduce the cooldown of Disengage by 1 seconds.    This effect can only occur once every 1 sec. Reduces the cooldown by 0.5 seconds when used against players.",20,0,0,0,0,0,0,0
General,General1,Talent,"Enhanced Marksmanship",277863,"Your ranged attacks have a 20% chance grant Maelstrom Weapon.",40,0,0,0,0,0,0,0
General,General1,Talent,"Enraging Finale",283405,"Your finishing moves have a 20% chance per combo point to grant you Bloodrage.    This effect can only occur once every 20 sec and cannot occur if Bloodrage is active.",25,0,0,0,0,0,0,0
General,General1,Talent,"Envenomed",281612,"Deal 10% additional damage with Rogue poisons to bleeding targets.",20,0,0,0,0,0,0,0
General,General1,Talent,"Erupting Void",284064,"Triggering your Backlash talent now rips a hole in the void, knocking back nearby enemies and slowing them by 50% for 4 sec. Backlash cooldown is increased by 100%.",22,0,0,0,0,0,0,0
General,General1,Talent,"Eruption",271576,"Dealing damage with Lava Lash grants Eruption.    Eruption Increases the critical strike chance of your next Pyroblast by 15%. Consuming this empowers your Flametongue Attacks to erupt onto nearby enemies. Stacks up to 3 times and lasts 10 sec.",20,0,0,0,0,0,0,0
General,General1,Talent,"Eternal Inferno",293200,"Dealing direct Fire damage reduces the cooldown of Reign of Dread by 1 seconds.  This effect can only occur once every 1 sec.  Dealing direct Shadow damage reduces the cooldown of Unending Resolve by 3 seconds.  This effect can only occur once every 3 sec.",30,0,0,0,0,0,0,0
General,General1,Talent,"Eternal Water",283678,"Increases the duration of your Summon Water Elemental by 30 seconds.",36,0,0,0,0,0,0,0
General,General1,Talent,"Eternity",276362,"When your Align, Synchronize or Time-Bind spells reduce you to 0 energy, you gain Eternity.    Eternity A wave of healing radiates from you, increasing your energy generation by 250% and cast speed by 20%. You restore 5% missing mana every 1.5 sec. Lasts for 2 sec.    Each stack of Temporal Distortion increases Eternity's healing by 13% and duration by 0.3 sec.",10,0,0,0,0,0,0,0
General,General1,Talent,"Ethereal Echostrike",286325,"Dealing damage with Unfair Advantage grants you Ethereal Echostrike and resets the cooldown of Riposte.    This effect can only occur once every 6 sec.    Ethereal Echostrike Your next Riposte deals 50% increased damage, generates additional threat, and strikes up to 6 nearby targets. Lasts for 8 sec.",36,0,0,0,0,0,0,0
General,General1,Talent,"Ethereal Tricks",283917,"Spellsteal and Thief of Fate now steals an extra magic effect.",50,0,0,0,0,0,0,0
General,General1,Talent,"Evergreen",282057,"Your Regrowth and Healing Touch now refresh the duration of your Lifebloom.",36,0,0,0,0,0,0,0
General,General1,Talent,"Everlasting Fire",281571,"Your Exorcism, Hammer of Wrath and Judgement abilities increase the duration of your Holy Fire by 3 seconds.",20,0,0,0,0,0,0,0
General,General1,Talent,"Everliving Spirit",966055,"Increases the duration of your Guardian Spirit by 1 second.",40,0,0,0,0,0,0,0
General,General1,Talent,"Evoker",271706,"Consuming Arcane Evoked or Fire Evoked from your Spellstorm grants you Frost Evoked.     Frost Evoked Frostbolt casts 3% quicker and grants you Evoker. Stacks up to 5 times and lasts 10 sec.    Evoker Increases your damage by 4% and critical strike chance by 2%. Stacks up to 5 times and lasts 8 sec.",25,0,0,0,0,0,0,0
General,General1,Talent,"Exorcist's Bite",299960,"Dealing damage with Exorcism increases the damage share inherited by Deadly Bite by 50% for 6 seconds.",20,0,0,0,0,0,0,0
General,General1,Talent,"Exploding Storm",274468,"Stormstrike and Lava Lash now grant you Exploding Storm.    Exploding Storm Increases the damage dealt with Immolation Trap by 35% and Explosive Trap by 25%. Stacks up to 5 times and lasts 20 sec.",16,0,0,0,0,0,0,0
General,General1,Talent,"Exploit Weakness",285611,"Your Steady Shot has a 50% chance to increase the damage of your next Mongoose Bite or Counterattack by 50% and reduce their mana cost by 100%.",35,0,0,0,0,0,0,0
General,General1,Talent,"Explosive Entrance",285076,"Casting Blink now unleashes an explosion at your arrival point, dealing 111 Fire damage to nearby enemies and resets the cooldown of your Blast Wave.",20,0,0,0,0,0,0,0
General,General1,Talent,"Explosive Retribution",272090,"Your Judgements now grant you Firestarter.    Firestarter Your next Flamestrike is instant, costs no mana, and deals 30% more direct damage.",30,0,0,0,0,0,0,0
General,General1,Talent,"Exponential Spell Reflections",281457,"Spell Reflection reflects 2 additional spells, but its cooldown is increased by 50%.",50,0,0,0,0,0,0,0
General,General1,Talent,"Expunge",283244,"Your Chimera Shot or Mongoose Bite now applies Cobra Venom.       Cobra Venom Deals Nature damage every 3 seconds for 15 sec. If this reaches 3 stacks or the target dies, Cobra Venom is Expunged, dealing 24 Nature damage to enemies within 10 yards.",10,0,0,0,0,0,0,0
General,General1,Talent,"Exsanguinate",283439,"Hunger for Blood now increases the damage of your Garrote, Rupture, and Crimson Tempest by 40%.",40,0,0,0,0,0,0,0
General,General1,Talent,"Faerie Swarm",281916,"Your Faerie Fire (Feral) now applies Insect Swarm.",22,0,0,0,0,0,0,0
General,General1,Talent,"Faith in the Elements",998800,"Dealing damage with Smite extends your Flame Shock on the target by 2 sec and reduces the remaining cooldown of Lava Burst by 1 sec.",22,0,0,0,0,0,0,0
General,General1,Talent,"Faith Rekindled",283700,"Each time your Renew heals a target they receive Faith.    Faith All healing received increased by 1% and healing received from your Renew increased by 5%. Stacks up to 5 times. Lasts 4 sec.",10,0,0,0,0,0,0,0
General,General1,Talent,"Faithful Light",270662,"Healing your Beacon of Light target with direct Holy heals now extends its duration by 30 seconds and applies Faithful Light.    Faithful Light Reduces physical damage taken by 10% for 15 sec.",30,0,0,0,0,0,0,0
General,General1,Talent,"Falcon Diving",289370,"This spell belongs to Ranger    Killing an enemy that yields experience or honor now summons a War Falcon to aid you in combat for 12 sec. Can only occur once every 4 sec.",27,0,0,0,0,0,0,0
General,General1,Talent,"Fatal Vanguard",277990,"Increases the critical strike chance and critical strike damage bonus of Execute by 35%.    Critically striking with Execute reduces the cooldown of Concussion Blow by 2 seconds.",24,0,0,0,0,0,0,0
General,General1,Talent,"Favour of the Soulflayer",275865,"Using Hunger for Blood now consumes Bathe in Blood to trigger Favour of the Soulflayer.      Favour of the Soulflayer Causes Physical damage to all nearby enemies within 8 yards, increased by consuming your Bathe in Blood stacks.     Increases your Physical critical damage bonus by 30% and Crimson Tempest now benefits from haste and has the ability to critically hit. Lasts 10 sec.",30,0,0,0,0,0,0,0
General,General1,Talent,"Favour of the Spirit",273922,"Effective direct Holy heals reduce the cooldown of Penance by 2 seconds.  This cannot trigger from channeled spells.",30,0,0,0,0,0,0,0
General,General1,Talent,"Fearing Fire",81266,"Increases your threat generated by Fire damage by 40%.  Reduces all damage taken by 2%.",11,0,0,0,0,0,0,0
General,General1,Talent,"Fel Core",276068,"Using Bloodthirst increases the chance to trigger Molten Core by 2%. Stacks up to 10 times and lasts 12 sec.    Your Molten Core also empowers Chaos Bolt, increasing its damage by 15% and critical strike chance by 10%.",40,0,0,0,0,0,0,0
General,General1,Talent,"Felstorm",276053,"Using melee abilities now reduces the cooldown of Chaos Bolt by 3 seconds.",40,0,0,0,0,0,0,0
General,General1,Talent,"Feral Savagery",273706,"Dealing direct ability damage while in cat form grants you Razor Claws.    Razor Claws Increases Physical damage done by 2% and increases the damage of Bloodthirst by 10%. Stacks up to 3 times and lasts 10 sec.",10,0,0,0,0,0,0,0
General,General1,Talent,"Festering Wound",272553,"Your Envenom critical strikes now apply Festering Wound.    Festering Wound Increases your Nature damage dealt to the target by 4%. Stacks up to 4 times and lasts 12 sec.",20,0,0,0,0,0,0,0
General,General1,Talent,"Fetch Me Their Bones!",284454,"Your damaging Hunter abilities reduce the cooldown of Kill Command by 2 seconds.    Using Kill Command makes your pet Charge to your current target if within 20 yards of it and deal 400% of its attack damage to it and its nearby enemies.",40,0,0,0,0,0,0,0
General,General1,Talent,"Field Surgeon",281949,"Increases healing by 3%. Effective direct heals grant Field Surgeon to you and allies within 8 yards.      Field Surgeon Increases the healing received from your Field Surgery by 20%. Stacks up to 10 times and lasts 8 sec.",10,0,0,0,0,0,0,0
General,General1,Talent,"Fiery Bash",284690,"Dealing damage with Shield Slam, Shield of Righteousness or Interrupting an enemy with Shield Bash now unleashes a Fiery Bash.      Fiery Bash Deals 6 Fire damage to the target and 2 nearby enemies. Causes them to burn for 2 Fire damage every second and increases your fire damage dealt to them by 10% for 4 sec.",10,0,0,0,0,0,0,0
General,General1,Talent,"Fiery Escape",284307,"Firestarter increases your movement speed by 30% while active. Its duration is reduced by 50%.",36,0,0,0,0,0,0,0
General,General1,Talent,"Final Shield",281638,"Casting Power Word: Shield on an ally below 20% health also removes any Crowd Control effects on them.    This effect can only occur once every 30 sec.",10,0,0,0,0,0,0,0
General,General1,Talent,"Fingers of Death",274179,"When you gain Fingers of Frost, you also gain Fingers of Death.   Fingers of Death Casting Ice Lance also launches a Shadow Lance dealing 177 Shadow damage. Casting Ice Lance while Fingers of Death is active grants you Touch of Death.   Touch of Death Increases the damage of your next Vampiric Touch by 60%. Lasts for 15 sec and can hold up to 2 charges.",34,0,0,0,0,0,0,0
General,General1,Talent,"Fingers of Light",271317,"Your direct Holy heals now grant you Fingers of Light.    Fingers of Light Increases your chance to proc Fingers of Frost by 10%. Stacks up to 5 times and lasts 1 min or until it triggers.",20,0,0,0,0,0,0,0
General,General1,Talent,"Fire Arsenal",278093,"Casting Blast Wave, Dragon's Breath, Flamestrike, Hellfire, Rain of Fire or Shadowflame grants a powerful empowerment to one of these spells at random.",16,0,0,0,0,0,0,0
General,General1,Talent,"Fire Fire Fireball",283064,"After casting Fireball twice in combat, your third Fireball has its cast time increased by 0.4 sec and fires an additional wave of Fireballs toward your target.    Must be in combat for Cauterizing Fire healing to trigger this effect.",10,0,0,0,0,0,0,0
General,General1,Talent,"Fire Walk With Me",283296,"Your Flamestrike now increases the movement speed of allies who walk through it by 50%.",16,0,0,0,0,0,0,0
General,General1,Talent,"Fire Watch",274470,"Dealing damage with Immolation Trap and Explosive Trap now grants you Fire Watch.    Fire Watch Your next Mongoose Bite, Raptor Strike, or Counterattack deals an additional 5 Fire damage. Can store up to 5 charges and lasts for 15 sec.",16,0,0,0,0,0,0,0
General,General1,Talent,"Fired Up",283634,"Dealing direct Fire damage now has a 12% chance to cause your next Fire spell or ability to be a guaranteed critical strike.",10,0,0,0,0,0,0,0
General,General1,Talent,"First to the Fight",291060,"Your Shield Slam now lowers the cooldown of Shield Block by 2 seconds and grants a stack of Vanguard.      Vanguard Increases your Block Value by 2% and the armor gained from your shield by 10%. Stacks 5 times. Lasts 12 sec.",40,0,0,0,0,0,0,0
General,General1,Talent,"Flame Born",276550,"Critical strikes from Corruption and Unstable Affliction now grant you Flame Born.     Flame Born Increases the critical strike chance of your next Conflagrate by 25% and the periodic damage of your Shadowflame by 50%. Stacks up to 4 times and lasts for 15 sec.",36,0,0,0,0,0,0,0
General,General1,Talent,"Flame Nova",278040,"Fire Nova now explodes from up to 4 targets affected by your Flame Shock, but the additional explosions deal 50% less damage.",12,0,0,0,0,0,0,0
General,General1,Talent,"Flame On!",272396,"Your damaging Fireball, Scorch, Flamestrike and Pyroblast casts grant you Flame On!    Flame On! Increases the critical strike chance of your next Fire Blast or Meteor by 33%.  Stacks up to 3 times and lasts 8 sec.",10,0,0,0,0,0,0,0
General,General1,Talent,"Flamekeeper",281376,"Melee critical strikes now refresh the duration of your Fireball and Pyroblast effects on the target.",10,0,0,0,0,0,0,0
General,General1,Talent,"Flash of Adrenaline",282309,"The cooldown of Sprint is refreshed when your Adrenaline Rush expires.",30,0,0,0,0,0,0,0
General,General1,Talent,"Flashpoint",271126,"Dealing damage with Explosive Shot increases the critical strike chance of your next Pyroblast by 8%. Stacks up to 6. Lasts 20 seconds.",20,0,0,0,0,0,0,0
General,General1,Talent,"Fleeting Shadow",281687,"Using Garrote, Cheap Shot or Ambush from Stealth allows you to use Ambush outside of stealth for 2.5 sec.",18,0,0,0,0,0,0,0
General,General1,Talent,"Flourishing Tranquility",277710,"Casting Tranquility now extends the duration of your Rejuvenation, Regrowth, Wild Growth, Lifebloom, Riptide, Earthliving on all friendly targets within 40 yards by 6 sec.",20,0,0,0,0,0,0,0
General,General1,Talent,"Flow of Life",283964,"Your Tranquility now applies Flow of Life to healed allies and has a 20% reduced cooldown.    Flow of Life Increases your periodic healing on the target by 40% for 8 sec. Does not increase the healing of Tranquility.",30,0,0,0,0,0,0,0
General,General1,Talent,"Flowing",273418,"Casting Healing Touch now grants you Flowing. Reaching 3 stacks grants you Overflowing.    Overflowing Increases the healing of your next Chain Heal by 50% and healing is not diminished with each jump. Lasts 15 sec.",40,0,0,0,0,0,0,0
General,General1,Talent,"Focused Hunt",275103,"Dealing damage with combo point generating abilities grants your Tamed Beast Focused Hunt.    Focused Hunt Your pet's special attacks grant you 7 energy. Lasts 10 sec.",10,0,0,0,0,0,0,0
General,General1,Talent,"Focused Prayer",277722,"When Prayer of Mending now jumps 2 additional times.",40,0,0,0,0,0,0,0
General,General1,Talent,"Forbidden Dance",271997,"Casting Forbidden Technique now grants you Forbidden Dance.    Forbidden Dance Your Ambush can be used from any position. Ambush costs 25 less energy and causes your Shadow to throw a Shadow Dagger at your target. Lasts 8 sec.    Ambush still requires you to be behind your target versus players.",30,0,0,0,0,0,0,0
General,General1,Talent,"Forbidden Powers",271998,"When Forbidden Technique ends, you absorb your shadow and gain Shadow Power.    Shadow Powers Your ranged abilities now launch a Shadow Dagger that deals 36% weapon damage as Shadow and reduces the cooldown of your Forbidden Technique by 3 seconds. Lasts 20 sec.    Forbidden Technique's cooldown is reduced by 1 second against players.",30,0,0,0,0,0,0,0
General,General1,Talent,"Forked Lightning",281363,"Chain Lightning generates extra lightning forks from every target hit.",22,0,0,0,0,0,0,0
General,General1,Talent,"Fragmented Glacier",953315,"Increases damage of your Mage Arcane and Fire spells while under the effect of Fingers of Frost by 20%.",34,0,0,0,0,0,0,0
General,General1,Talent,"Freedom by Death",283360,"Taking damage from your own Shadow Word: Death while crowd-controlled increases your damage and healing by 20% for 6 sec.    The cooldown of Shadow Word: Death is reduced by 2 seconds.",40,0,0,0,0,0,0,0
General,General1,Talent,"Freezing Blood",284205,"When Cold Blood is consumed, you gain Freezing Blood.   Freezing Blood Your Rogue abilities now deal an additional 10% Frost damage. Lasts 10 sec.",22,0,0,0,0,0,0,0
General,General1,Talent,"Freezing Strike",283349,"Stormstrike and Frost Strike have a 15% chance to trigger Fingers of Frost.      Fingers of Frost Your spells and abilities treat the target as if it were Frozen. Holds 2 charges. Lasts for 15 seconds.",30,0,0,0,0,0,0,0
General,General1,Talent,"Frenzied Growth",285574,"Wild Growth now lasts 4 sec and does 100% increased healing, but heals 30% fewer targets.",40,0,0,0,0,0,0,0
General,General1,Talent,"Frenzyheart Fury",964994,"Upon killing a creature that grants you experience, you grow furious, increasing your chance to critically strike for the next 10 seconds.  This enchant does not stack with similar effects.",11,0,0,0,0,0,0,0
General,General1,Talent,"Frost Lich",273191,"Dealing direct damage has a chance to chill your target, dealing Frost damage and slowing them by 50% for 4 seconds.    This effect can only occur once every 9 sec.",10,0,0,0,0,0,0,0
General,General1,Talent,"Frost Pulse",271934,"Dealing Frost damage against your Frost Bomb target releases a wave of freezing ice, dealing 19 Frost damage to nearby enemies and slowing their movement speed by 30% for 2 sec.    This effect can only occur once every 2 sec.",10,0,0,0,0,0,0,0
General,General1,Talent,"Frost Reserve",282123,"Water Shield increases your direct Frost damage by 3% per stack. Direct Frost spell damage consumes a Water Shield stack.    Summon Water Elemental grants you Water Shield if known, and its Water Bolt restores 2 charges of Water Shield.",20,0,0,0,0,0,0,0
General,General1,Talent,"Frostflame Shock!",272446,"Brain Freeze now affects Frostflame Shock.    Frostflame Shock! Your next Frostflame Shock is instant, costs no mana and increases the damage the target takes from your Icicles by 30%. Lasts for 15 sec.",40,0,0,0,0,0,0,0
General,General1,Talent,"Frosty Frost Frostbolt",277465,"Every third Frostbolt hits up to 5 additional enemies near your target, but has its cast time increased by 0.3 sec.",10,0,0,0,0,0,0,0
General,General1,Talent,"Frozen Blade",274122,"Your Eviscerate and Rupture now have a 20% chance per combo point to grant you Fingers of Frost.    Fingers of Frost Your spells and abilities treat the target as if it were Frozen. Holds 2 charges. Lasts for 15 seconds.",20,0,0,0,0,0,0,0
General,General1,Talent,"Frozen Chaos",275614,"Your Frostbolt, Frostfire Bolt, Ice Lance, Cone of Cold critical strikes now grant you Frozen Chaos and reset the cooldown of Chaos Bolt.    Frozen Chaos Next Chaos Bolt triggers no cooldown and has 15% increased damage.  Stores up to 4 charges and lasts for 45 sec.",60,0,0,0,0,0,0,0
General,General1,Talent,"Frozen Flesh",282218,"Your Deep Freeze and Howling Blast apply Frozen Flesh to your target.    Frozen Flesh Your next 3 Fire spells shatter the target's flesh, dealing 452 Frostfire damage and grant you Fire and Ice. Lasts for 10 sec.    Fire and Ice Increases the damage you deal by 4%. Stacks up to 3. Lasts for 8 sec.",40,0,0,0,0,0,0,0
General,General1,Talent,"Frozen Grave",288836,"Your Shadow spells against targets affected by your Frost Fever extend Frost Fever by 2 sec, up to 6 sec beyond its normal maximum and grant Frozen Grave.      Frozen Grave Increases the damage of your next Howling Blast or Icy Touch by 15%. Stacks up to 5. Lasts 12 seconds.",55,0,0,0,0,0,0,0
General,General1,Talent,"Frozen Munitions",277499,"Hunter attacks grant you a stack of Frozen Munitions. Stacks up to 3 times and lasts 20 sec.      Frozen Munitions Consumes up to 3 stacks to empower your next Frozen Orb, Frostbolt or Ice Lance. Consuming additional stacks increases the effect.    Frozen Orb - Direct damage increased by 20%.    Frostbolt - 34% reduced cast time, and 50% increased damage against monsters.    Ice Lance - Deals 50% increased damage, and its global cooldown is reduced to 1 sec.",10,0,0,0,0,0,0,0
General,General1,Talent,"Frozen Reflexes",299964,"Consuming Fingers of Frost with Mongoose Bite resets Mongoose Bite's cooldown.",20,0,0,0,0,0,0,0
General,General1,Talent,"Frugal Disposition",282093,"When you overheal with Lesser Healing Wave, your target receives half the overhealing periodically over 6 sec.  When your Lesser Healing Wave does not bring your ally to full health, your next Lesser Healing Wave is guaranteed to critically heal.",20,0,0,0,0,0,0,0
General,General1,Talent,"Furnace Rhythm",299022,"Dealing direct damage with Pyroblast grants Furnace Rhythm for 8 sec. Your next Bloodthirst has 30% increased critical strike chance. Consuming Furnace Rhythm grants 15% haste for 10 sec.",30,0,0,0,0,0,0,0
General,General1,Talent,"Fury of the Light",275463,"While Divine Illumination is active, your Holy critical damage bonus is increased by 30%.",36,0,0,0,0,0,0,0
General,General1,Talent,"Fury of the Wind",285749,"Your Windfury attacks now unleash furious winds, dealing 40% weapon damage to 5 nearby enemies.",30,0,0,0,0,0,0,0
General,General1,Talent,"Garden of Growth",282188,"Your Healing Touch and Nourish criticals now grant Garden of Growth to allies.    Garden of Growth Upon reaching 2 stacks, plants a Living Seed on your ally and blooms all Living Seeds within 30 yards without consuming them. Stacks up to 2 times and lasts 30 sec.",25,0,0,0,0,0,0,0
General,General1,Talent,"Gathering Dread",288927,"Whenever you take damage, you have a 10% chance to accumulate Dread, increasing the damage of your next Reign of Dread by 5% per stack. At 15 stacks, Reign of Dread lasts an additional 2.5 sec.      Dread Increases the damage of your next Reign of Dread by 5% per stack. Stacks up to 15 times.    At 15 stacks, Reign of Dread lasts an additional 2.5 sec. Dread is removed when Reign of Dread ends.",20,0,0,0,0,0,0,0
General,General1,Talent,"Glacial Companion",281968,"Your Tamed Pet's auto attacks now deal Frost damage.    Your Tamed Pet's auto attacks can only be transformed to one damage type at once.    Tamed Pet includes Summoned Demon, Enslave Demon, Dominate Undead, Tame Dragonkin, Tether Elemental, Summoned Ghoul, and Tame Beast.",10,0,0,0,0,0,0,0
General,General1,Talent,"Glacial Light",285865,"Dealing Holy or Frost damage against enemies burning from your Holy Fire now reduces the cooldown of Icy Veins by 7 second.",20,0,0,0,0,0,0,0
General,General1,Talent,"Glacial Pact",271941,"Casting Ice Barrier or Summon Water Elemental grants your Water Elemental Frozen Waters.    Frozen Waters Summoned Water Elemental gains 150% increased damage against monsters. Lasts 15 sec.",36,0,0,0,0,0,0,0
General,General1,Talent,"Glimmer of Light",277692,"Flash of Light grants Glimmer of Light stacking up to 5 times. Lasts 20 sec.  Holy Shock consumes Glimmer of Light.   Glimmer of Light Increases the healing done by your Flash of Light by 40% and its mana cost by 100% per stack.  Increases the healing done by your next Holy Shock by 40% and causes it to heal an additional target per stack.",30,0,0,0,0,0,0,0
General,General1,Talent,"Gloaming Embrace",272808,"Casting Shadow Dance now applies 5 Shadow Marks on all enemies within 8 yards.    Using Ambush, Ravage or Deadly Throw on a Shadow Marked target grants you Gloaming Embrace.    Gloaming Embrace Increases all damage done by 4%, and Ambush and Hemorrhage by an additional 10% against monsters. Stacks up to 5 times and lasts 15 sec.",30,0,0,0,0,0,0,0
General,General1,Talent,"Glyph of Adrenaline Rush",118414,"Increases the duration of Adrenaline Rush by 5 sec.",30,0,0,0,0,0,0,0
General,General1,Talent,"Glyph of Aimed Shot",118448,"Reduces the cooldown of your Aimed Shot ability by 2 sec.",16,0,0,0,0,0,0,0
General,General1,Talent,"Glyph of Ambush",118429,"Increases the range on Ambush by 5 yards.",16,0,0,0,0,0,0,0
General,General1,Talent,"Glyph of Anti-Magic Shell",118577,"Increases the duration of your Anti-Magic Shell by 2 sec.",22,0,0,0,0,0,0,0
General,General1,Talent,"Glyph of Arcane Barrage",118700,"Arcane Barrage now restores 5% of your missing mana.",22,0,0,0,0,0,0,0
General,General1,Talent,"Glyph of Arcane Blast",118657,"Each stack of the Arcane Blast buff reduces the cast time of Arcane Blast by 5%.",18,0,0,0,0,0,0,0
General,General1,Talent,"Glyph of Arcane Explosion",118300,"Reduces mana cost of Arcane Explosion by 10%.",12,0,0,0,0,0,0,0
General,General1,Talent,"Glyph of Arcane Missiles",118303,"Increases the critical strike damage bonus of Arcane Missiles and Arcane Barrage by 25%.",11,0,0,0,0,0,0,0
General,General1,Talent,"Glyph of Arcane Power",118352,"Increases the duration of Arcane Power by 3 sec.",30,0,0,0,0,0,0,0
General,General1,Talent,"Glyph of Arcane Shot",118475,"Your Arcane Shot refunds 20% of its mana cost if the target has one of your Stings active on it.",11,0,0,0,0,0,0,0
General,General1,Talent,"Glyph of Aspect of the Viper",118495,"Increases the amount of mana gained from attacks while Aspect of the Viper is active by 10%.",20,0,0,0,0,0,0,0
General,General1,Talent,"Glyph of Avenger's Shield",118083,"Your Avenger's Shield deals 100% more damage but no longer jumps to any additional targets.    The damage is increased by 50% in PvP combat.",36,0,0,0,0,0,0,0
General,General1,Talent,"Glyph of Avenging Wrath",118102,"Reduces the cooldown of your Hammer of Wrath spell by 50% while Avenging Wrath is active.",11,0,0,0,0,0,0,0
General,General1,Talent,"Glyph of Backstab",118390,"Your Backstab increases the duration of your Rupture effect on the target by 2 seconds, up to a maximum of 6 additional seconds.",11,0,0,0,0,0,0,0
General,General1,Talent,"Glyph of Barbaric Insults",118519,"Your Mocking Blow ability generates 100% additional threat.",16,0,0,0,0,0,0,0
General,General1,Talent,"Glyph of Barkskin",118678,"Reduces the chance you'll be critically hit by melee attacks by 25% while Barkskin is active.",36,0,0,0,0,0,0,0
General,General1,Talent,"Glyph of Beacon of Light",118707,"Increases the duration of Beacon of Light by 30 sec.",40,0,0,0,0,0,0,0
General,General1,Talent,"Glyph of Berserk",118666,"Increases the duration of Berserk by 5 sec.",40,0,0,0,0,0,0,0
General,General1,Talent,"Glyph of Bestial Wrath",118460,"Decreases the cooldown of Bestial Wrath by 20 sec.",11,0,0,0,0,0,0,0
General,General1,Talent,"Glyph of Blade Flurry",118435,"Reduces the energy cost of Blade Flurry by 100%.",18,0,0,0,0,0,0,0
General,General1,Talent,"Glyph of Bladestorm",118794,"Reduces the cooldown on Bladestorm by 15 sec.",40,0,0,0,0,0,0,0
General,General1,Talent,"Glyph of Blast Wave",118651,"The mana cost of your Blast Wave spell is reduced by 15%, but it no longer knocks enemies back.",22,0,0,0,0,0,0,0
General,General1,Talent,"Glyph of Blink",118310,"Increases the distance you travel with the Blink spell by 5 yards.",16,0,0,0,0,0,0,0
General,General1,Talent,"Glyph of Blood Strike",118636,"Your Blood Strike causes an additional 20% damage to snared targets.",11,0,0,0,0,0,0,0
General,General1,Talent,"Glyph of Blood Tap",118592,"Your Blood Tap no longer causes damage to you.",18,0,0,0,0,0,0,0
General,General1,Talent,"Glyph of Bloodthirst",118531,"Increases the healing you receive from your Bloodthirst ability by 50%.",30,0,0,0,0,0,0,0
General,General1,Talent,"Glyph of Bone Shield",118610,"Adds 2 additional charges to your Bone Shield.",11,0,0,0,0,0,0,0
General,General1,Talent,"Glyph of Chain Heal",118114,"Your Chain Heal heals 1 additional target.",40,0,0,0,0,0,0,0
General,General1,Talent,"Glyph of Chains of Ice",118573,"Your Chains of Ice also causes 21 to 33 Frost damage, increased by your attack power.",14,0,0,0,0,0,0,0
General,General1,Talent,"Glyph of Chaos Bolt",118785,"Reduces the cooldown on Chaos Bolt by 2 sec.",40,0,0,0,0,0,0,0
General,General1,Talent,"Glyph of Circle of Healing",118174,"Your Circle of Healing spell heals 1 additional target.",36,0,0,0,0,0,0,0
General,General1,Talent,"Glyph of Claw",118834,"Reduces the energy cost of your Claw ability by 5.",11,0,0,0,0,0,0,0
General,General1,Talent,"Glyph of Cleansing",118092,"Reduces the mana cost of your Cleanse and Purify spells by 20%.",11,0,0,0,0,0,0,0
General,General1,Talent,"Glyph of Cleaving",118522,"Increases the number of targets your Cleave hits by 1.",16,0,0,0,0,0,0,0
General,General1,Talent,"Glyph of Cloak of Shadows",118761,"While Cloak of Shadows is active, you take 40% less physical damage.",50,0,0,0,0,0,0,0
General,General1,Talent,"Glyph of Conflagrate",118267,"Your Conflagrate spell no longer consumes your Immolate or Shadowflame spell from the target.",11,0,0,0,0,0,0,0
General,General1,Talent,"Glyph of Consecration",118080,"Increases the duration and cooldown of Consecration by 2 sec.",11,0,0,0,0,0,0,0
General,General1,Talent,"Glyph of Corpse Explosion",118626,"Increases the radius of effect on Corpse Explosion by 5 yards.",16,0,0,0,0,0,0,0
General,General1,Talent,"Glyph of Corruption",118239,"Your Corruption spell has a 4% chance to cause you to enter a Shadow Trance state after damaging the opponent. The Shadow Trance state reduces the casting time of your next Shadow Bolt spell by 100%.",11,0,0,0,0,0,0,0
General,General1,Talent,"Glyph of Crippling Poison",118441,"Increases the chance to inflict your target with Crippling Poison by an additional 20%.",11,0,0,0,0,0,0,0
General,General1,Talent,"Glyph of Crusader Strike",118077,"Increases your critical strike chance of Crusader Strike by 3%.",11,0,0,0,0,0,0,0
General,General1,Talent,"Glyph of Curse of Agony",118276,"Increases the duration of your Curse of Agony by 4 sec.",11,0,0,0,0,0,0,0
General,General1,Talent,"Glyph of Dancing Rune Weapon",118812,"Increases the duration of Dancing Rune Weapon by 5 sec.",40,0,0,0,0,0,0,0
General,General1,Talent,"Glyph of Dark Death",118821,"Increases the damage or healing done by Grave Coil by 15%.",12,0,0,0,0,0,0,0
General,General1,Talent,"Glyph of Deadly Throw",118408,"Increases the slowing effect on Deadly Throw by 20%.",24,0,0,0,0,0,0,0
General,General1,Talent,"Glyph of Death and Decay",118583,"Damage of your Death and Decay spell increased by 20%.",20,0,0,0,0,0,0,0
General,General1,Talent,"Glyph of Death Coil",118261,"Increases the duration of your Death Coil by 0.5 sec.",12,0,0,0,0,0,0,0
General,General1,Talent,"Glyph of Death Grip",118661,"When you deal a killing blow that grants honor or experience, the cooldown of your Death Grip is refreshed.",11,0,0,0,0,0,0,0
General,General1,Talent,"Glyph of Death Strike",118639,"Increases your Death Strike's damage by 1% for every 1 rage you currently have (up to a maximum of 25%). The rage is not consumed by this effect.",14,0,0,0,0,0,0,0
General,General1,Talent,"Glyph of Death's Embrace",118616,"Your Grave Coil refunds 20 rage when used to heal.",12,0,0,0,0,0,0,0
General,General1,Talent,"Glyph of Deep Freeze",118694,"Increases the range of Deep Freeze by 10 yards.",40,0,0,0,0,0,0,0
General,General1,Talent,"Glyph of Demonic Circle",118788,"Reduces the cooldown on Demonic Circle by 4 sec.",50,0,0,0,0,0,0,0
General,General1,Talent,"Glyph of Deterrence",118492,"Decreases the cooldown of Deterrence by 10 sec.",36,0,0,0,0,0,0,0
General,General1,Talent,"Glyph of Devastate",118560,"Your Devastate ability now applies two stacks of Sunder Armor.",11,0,0,0,0,0,0,0
General,General1,Talent,"Glyph of Disease",118824,"Your Pestilence ability now refreshes your Death Knight disease durations and secondary effects of diseases on your primary target back to their maximum duration.",11,0,0,0,0,0,0,0
General,General1,Talent,"Glyph of Dispel Magic",118180,"Your Dispel Magic spell also heals your target for 3% of maximum health.",18,0,0,0,0,0,0,0
General,General1,Talent,"Glyph of Dispersion",118728,"Reduces the cooldown on Dispersion by 45 sec.",40,0,0,0,0,0,0,0
General,General1,Talent,"Glyph of Divine Plea",118719,"While Divine Plea is active, you take 3% reduced damage from all sources.",50,0,0,0,0,0,0,0
General,General1,Talent,"Glyph of Divine Storm",118713,"Your Divine Storm now heals for an additional 15% of the damage it causes.",40,0,0,0,0,0,0,0
General,General1,Talent,"Glyph of Divinity",118105,"Your Lay on Hands grants twice as much mana as normal and also grants you as much mana as it grants your target.",11,0,0,0,0,0,0,0
General,General1,Talent,"Glyph of Earth Shield",118773,"Increases the amount healed by your Earth Shield by 20%.",36,0,0,0,0,0,0,0
General,General1,Talent,"Glyph of Earthliving Weapon",118120,"Increases the chance for your Earthliving weapon to trigger by 5%.",30,0,0,0,0,0,0,0
General,General1,Talent,"Glyph of Elemental Mastery",118153,"Reduces the cooldown of your Elemental Mastery ability by 15 sec.",30,0,0,0,0,0,0,0
General,General1,Talent,"Glyph of Enraged Regeneration",118803,"Your Enraged Regeneration ability heals for an additional 10% of your health over its duration.",11,0,0,0,0,0,0,0
General,General1,Talent,"Glyph of Entangling Roots",118012,"Increases the damage your Entangling Roots victims can take before the Entangling Roots automatically breaks by 20%.",11,0,0,0,0,0,0,0
General,General1,Talent,"Glyph of Eternal Water",118837,"Your Summon Water Elemental now lasts indefinitely, but your Water Elemental can no longer cast Freeze.",36,0,0,0,0,0,0,0
General,General1,Talent,"Glyph of Evasion",118387,"Increases the duration of Evasion by 5 sec.",11,0,0,0,0,0,0,0
General,General1,Talent,"Glyph of Eviscerate",118396,"Increases the critical strike chance of Eviscerate by 10%.",11,0,0,0,0,0,0,0
General,General1,Talent,"Glyph of Evocation",118349,"Your Evocation ability also causes you to regain 60% of your health over its duration.",20,0,0,0,0,0,0,0
General,General1,Talent,"Glyph of Execution",118525,"Your Execute ability deals damage as if you had 10 additional rage. Execute has 30% increased critical strike chance when hitting targets below 20% health.",16,0,0,0,0,0,0,0
General,General1,Talent,"Glyph of Exorcism",118089,"Increases damage done by Exorcism by 20%.",20,0,0,0,0,0,0,0
General,General1,Talent,"Glyph of Explosive Shot",118682,"Increases the critical strike chance of Explosive Shot by 8%.",40,0,0,0,0,0,0,0
General,General1,Talent,"Glyph of Expose Armor",118399,"Increases the duration of Expose Armor by 12 sec.",14,0,0,0,0,0,0,0
General,General1,Talent,"Glyph of Fade",118203,"Reduces the cooldown of your Fade spell by 9 sec.",11,0,0,0,0,0,0,0
General,General1,Talent,"Glyph of Fan of Knives",118752,"Increases the damage done by Fan of Knives by 20%.",50,0,0,0,0,0,0,0
General,General1,Talent,"Glyph of Fear Ward",118183,"Reduces cooldown and duration of Fear Ward by 60 sec.",11,0,0,0,0,0,0,0
General,General1,Talent,"Glyph of Fear",118282,"Increases the damage your Fear target can take before the Fear effect is removed by 20%.",11,0,0,0,0,0,0,0
General,General1,Talent,"Glyph of Feint",118402,"Reduces the energy cost of Feint by 20.",12,0,0,0,0,0,0,0
General,General1,Talent,"Glyph of Felguard",118285,"Increases the Felguard's total attack power by 20%.",36,0,0,0,0,0,0,0
General,General1,Talent,"Glyph of Felhunter",118294,"When your Felhunter uses Devour Magic, you will also be healed for that amount.",30,0,0,0,0,0,0,0
General,General1,Talent,"Glyph of Feral Spirit",118767,"Your spirit wolves gain an additional 30% of your attack power.",40,0,0,0,0,0,0,0
General,General1,Talent,"Glyph of Fire Blast",118322,"Guarantees the critical strike of Fire Blast on stunned or incapacitated targets.",11,0,0,0,0,0,0,0
General,General1,Talent,"Glyph of Fire Elemental Totem",118162,"Reduces the cooldown of your Fire Elemental Totem by 5 min.",40,0,0,0,0,0,0,0
General,General1,Talent,"Glyph of Fire Nova",118147,"Reduces the cooldown of your Fire Nova spell by 3 seconds.",11,0,0,0,0,0,0,0
General,General1,Talent,"Glyph of Fire Traps",118688,"The periodic damage from your Explosive Trap and Immolation Trap can now be critical strikes.",16,0,0,0,0,0,0,0
General,General1,Talent,"Glyph of Fireball",118319,"Reduces the casting time of your Fireball spell by 5%.",11,0,0,0,0,0,0,0
General,General1,Talent,"Glyph of Flametongue Weapon",118150,"Increases spell critical strike chance by 2% while Flametongue Weapon is active.",11,0,0,0,0,0,0,0
General,General1,Talent,"Glyph of Flash Heal",118186,"Reduces the mana cost of your Flash Heal by 10%.",20,0,0,0,0,0,0,0
General,General1,Talent,"Glyph of Flash of Light",118095,"Your Flash of Light has an additional 5% critical strike chance.",20,0,0,0,0,0,0,0
General,General1,Talent,"Glyph of Focus",118648,"Increases the damage done by Starfall by 10%, but decreases its radius by 50%.",40,0,0,0,0,0,0,0
General,General1,Talent,"Glyph of Freezing Trap",118482,"When your Freezing Trap breaks, the victim's movement speed is reduced by 30% for 4 sec.",20,0,0,0,0,0,0,0
General,General1,Talent,"Glyph of Frenzied Regeneration",118015,"While Frenzied Regeneration is active, healing effects on you are 20% more powerful.",36,0,0,0,0,0,0,0
General,General1,Talent,"Glyph of Frost Nova",118343,"Your Frost Nova targets can take an additional 20% damage before the Frost Nova effect automatically breaks.",11,0,0,0,0,0,0,0
General,General1,Talent,"Glyph of Frost Shock",118132,"Increases the duration of your Frost Shock by 2 sec.",20,0,0,0,0,0,0,0
General,General1,Talent,"Glyph of Frost Strike",118598,"Reduces the cost of your Frost Strike by 8 Rage.",36,0,0,0,0,0,0,0
General,General1,Talent,"Glyph of Frost Trap",118486,"Increases the radius of the effect from your Frost Trap by 2 yards.",20,0,0,0,0,0,0,0
General,General1,Talent,"Glyph of Frostbolt",118325,"Increases the damage dealt by Frostbolt by 10%, but removes the slowing effect.",11,0,0,0,0,0,0,0
General,General1,Talent,"Glyph of Frostfire",118645,"Increases the initial damage dealt by Frostfire Bolt by 5% and its critical strike chance by 5%.",32,0,0,0,0,0,0,0
General,General1,Talent,"Glyph of Garrote",118426,"Reduces the duration of your Garrote ability by 3 sec and increases the total damage it deals by 20%.",12,0,0,0,0,0,0,0
General,General1,Talent,"Glyph of Ghostly Strike",118432,"Increases the damage dealt by Ghostly Strike by 40% and the duration of its effect by 4 sec, but increases its cooldown by 10 sec.",16,0,0,0,0,0,0,0
General,General1,Talent,"Glyph of Gouge",118417,"Reduces the energy cost of Gouge by 15.",11,0,0,0,0,0,0,0
General,General1,Talent,"Glyph of Guardian Spirit",118731,"If your Guardian Spirit lasts its entire duration without being triggered, the cooldown is reset to 1 min.",40,0,0,0,0,0,0,0
General,General1,Talent,"Glyph of Hammer of Justice",118064,"Increases your Hammer of Justice range by 5 yards.",11,0,0,0,0,0,0,0
General,General1,Talent,"Glyph of Hammer of the Righteous",118710,"Your Hammer of the Righteous hits 1 additional targets.",40,0,0,0,0,0,0,0
General,General1,Talent,"Glyph of Hammer of Wrath",118074,"Reduces the mana cost of Hammer of Wrath by 100%.",11,0,0,0,0,0,0,0
General,General1,Talent,"Glyph of Hamstring",118537,"Gives your Hamstring ability a 10% chance to immobilize the target for 5 sec.",11,0,0,0,0,0,0,0
General,General1,Talent,"Glyph of Haunt",118779,"The bonus damage granted by your Haunt spell is increased by an additional 3%.",40,0,0,0,0,0,0,0
General,General1,Talent,"Glyph of Healing Touch",118036,"Decreases the cast time of Healing Touch by 1.25 sec, the mana cost by 20%, and the amount healed by 50%.",11,0,0,0,0,0,0,0
General,General1,Talent,"Glyph of Healing Wave",118123,"Your Healing Wave also heals you for 20% of the healing effect when you heal someone else.",11,0,0,0,0,0,0,0
General,General1,Talent,"Glyph of Health Funnel",118270,"Reduces the pushback suffered from damaging attacks while channeling your Health Funnel spell by 100%.",11,0,0,0,0,0,0,0
General,General1,Talent,"Glyph of Healthstone",118246,"You receive 30% more healing from using a healthstone.",11,0,0,0,0,0,0,0
General,General1,Talent,"Glyph of Heart Strike",118566,"Your Heart Strike also reduces the movement speed of your target by 50% for 10 sec.",36,0,0,0,0,0,0,0
General,General1,Talent,"Glyph of Hemorrhage",118411,"Increases the damage bonus against targets afflicted by Hemorrhage by 40%.",22,0,0,0,0,0,0,0
General,General1,Talent,"Glyph of Heroic Strike",118511,"You gain 10 rage when you critically strike with your Heroic Strike ability.",11,0,0,0,0,0,0,0
General,General1,Talent,"Glyph of Hex",118776,"Increases the damage your Hex target can take before the Hex effect is removed by 20%.",50,0,0,0,0,0,0,0
General,General1,Talent,"Glyph of Holy Light",118098,"Your Holy Light grants 10% of its heal amount to up to 5 friendly targets within 8 yards of the initial target.",11,0,0,0,0,0,0,0
General,General1,Talent,"Glyph of Holy Nova",118200,"Increases the damage and healing of your Holy Nova spell by an additional 20%.",14,0,0,0,0,0,0,0
General,General1,Talent,"Glyph of Holy Shock",118722,"Reduces the cooldown of Holy Shock by 1 sec.",30,0,0,0,0,0,0,0
General,General1,Talent,"Glyph of Holy Wrath",118381,"Reduces the cooldown of your Holy Wrath spell by 15 sec.",11,0,0,0,0,0,0,0
General,General1,Talent,"Glyph of Howl of Terror",118236,"Reduces the cooldown on your Howl of Terror spell by 8 sec.",30,0,0,0,0,0,0,0
General,General1,Talent,"Glyph of Howling Blast",118827,"Your Howling Blast ability now infects your targets with Frost Fever.",40,0,0,0,0,0,0,0
General,General1,Talent,"Glyph of Hunger For Blood",118746,"Increases the bonus damage from Hunger For Blood by 3%.",40,0,0,0,0,0,0,0
General,General1,Talent,"Glyph of Hungering Cold",118815,"Reduces the cost of Hungering Cold by 40 rage.",30,0,0,0,0,0,0,0
General,General1,Talent,"Glyph of Hunter's Mark",118457,"Increases the attack power bonus of your Hunter's Mark by 20%.",11,0,0,0,0,0,0,0
General,General1,Talent,"Glyph of Hurricane",118048,"Your Hurricane ability also slows the movement speed of its victims by 20%.",36,0,0,0,0,0,0,0
General,General1,Talent,"Glyph of Hymn of Hope",118740,"Your Hymn of Hope lasts an additional 2 sec.",50,0,0,0,0,0,0,0
General,General1,Talent,"Glyph of Ice Armor",118364,"Your Ice Armor and Frost Armor spells grant an additional 50% armor and resistance.",11,0,0,0,0,0,0,0
General,General1,Talent,"Glyph of Ice Block",118331,"Your Frost Nova cooldown is now reset every time you use Ice Block.",11,0,0,0,0,0,0,0
General,General1,Talent,"Glyph of Ice Lance",118346,"Your Ice Lance now deals five times normal damage against frozen targets higher level than you instead of triple damage.",11,0,0,0,0,0,0,0
General,General1,Talent,"Glyph of Icebound Fortitude",118580,"Your Icebound Fortitude now always grants at least 40% damage reduction, regardless of your defense skill.",34,0,0,0,0,0,0,0
General,General1,Talent,"Glyph of Icy Touch",118586,"Your Frost Fever disease deals 20% additional damage.",11,0,0,0,0,0,0,0
General,General1,Talent,"Glyph of Icy Veins",118337,"Your Icy Veins ability also removes all movement slowing and cast time slowing effects.",16,0,0,0,0,0,0,0
General,General1,Talent,"Glyph of Immolate",118252,"Increases the periodic damage of your Immolate by 10%.",11,0,0,0,0,0,0,0
General,General1,Talent,"Glyph of Imp",118291,"Increases the damage done by your Imp's Firebolt spell by 20%.",11,0,0,0,0,0,0,0
General,General1,Talent,"Glyph of Incinerate",118279,"Increases the damage done by Incinerate by 5%.",18,0,0,0,0,0,0,0
General,General1,Talent,"Glyph of Inner Fire",118209,"Increases the armor from your Inner Fire spell by 50%.",12,0,0,0,0,0,0,0
General,General1,Talent,"Glyph of Innervate",118051,"Innervate now grants the caster 45% of her base mana pool over 10 sec in addition to the normal effects of Innervate.",40,0,0,0,0,0,0,0
General,General1,Talent,"Glyph of Insect Swarm",118045,"Increases the damage of your Insect Swarm ability by 30%, but it no longer affects your victim's chance to hit.",22,0,0,0,0,0,0,0
General,General1,Talent,"Glyph of Intervene",118541,"Increases the number attacks you intercept for your Intervene target by 1.",20,0,0,0,0,0,0,0
General,General1,Talent,"Glyph of Invisibility",118313,"Increases the duration of the Invisibility effect by 10 sec.",40,0,0,0,0,0,0,0
General,General1,Talent,"Glyph of Invocation",118855,"Increases the duration of Invocation by 2 sec.",14,0,0,0,0,0,0,0
General,General1,Talent,"Glyph of Judgement",118061,"Your Judgements deal 10% more damage.",11,0,0,0,0,0,0,0
General,General1,Talent,"Glyph of Kill Shot",118685,"Reduces the cooldown of Kill Shot by 6 sec.",32,0,0,0,0,0,0,0
General,General1,Talent,"Glyph of Killing Spree",118749,"Reduces the cooldown on Killing Spree by 45 sec.",40,0,0,0,0,0,0,0
General,General1,Talent,"Glyph of Lava Lash",118135,"Damage on your Lava Lash is increased by an additional 10% if your weapon is enchanted with Flametongue.",11,0,0,0,0,0,0,0
General,General1,Talent,"Glyph of Lava",118159,"Your Lava Burst spell gains an additional 10% of your spell power.",22,0,0,0,0,0,0,0
General,General1,Talent,"Glyph of Lesser Healing Wave",118117,"Your Lesser Healing Wave heals for 20% more if the target is also affected by Earth Shield.",11,0,0,0,0,0,0,0
General,General1,Talent,"Glyph of Lifebloom",118039,"Increases the duration of Lifebloom by 1 sec.",36,0,0,0,0,0,0,0
General,General1,Talent,"Glyph of Lightning Bolt",118156,"Increases the damage dealt by Lightning Bolt and Chain Lightning by 10%.",11,0,0,0,0,0,0,0
General,General1,Talent,"Glyph of Lightning Shield",118144,"Increases the damage from Lightning Shield by 20%.",11,0,0,0,0,0,0,0
General,General1,Talent,"Glyph of Lightwell",118168,"Increases the amount healed by your Lightwell by 20%",30,0,0,0,0,0,0,0
General,General1,Talent,"Glyph of Living Bomb",118697,"The periodic damage from your Living Bomb can now be critical strikes.",40,0,0,0,0,0,0,0
General,General1,Talent,"Glyph of Mage Armor",118355,"Your Mage Armor spell grants an additional 20% mana regeneration while casting and reduces the duration of harmful Magic effects used against you by 15%.",14,0,0,0,0,0,0,0
General,General1,Talent,"Glyph of Mana Gem",118316,"Increases the mana received from using a mana gem by 40%.",28,0,0,0,0,0,0,0
General,General1,Talent,"Glyph of Mana Tide",118126,"Your Mana Tide Totem pulses grant an additional 1% of each targets maximum mana.",30,0,0,0,0,0,0,0
General,General1,Talent,"Glyph of Mangle",118021,"Increases the damage done by Mangle by 20%.",36,0,0,0,0,0,0,0
General,General1,Talent,"Glyph of Mass Dispel",118227,"Reduces the mana cost of Mass Dispel by 35%.",40,0,0,0,0,0,0,0
General,General1,Talent,"Glyph of Maul",118018,"Your Maul ability hits 1 additional targets.",11,0,0,0,0,0,0,0
General,General1,Talent,"Glyph of Mending",118466,"Increases the healing done by your Mend Pet ability by 40%.",12,0,0,0,0,0,0,0
General,General1,Talent,"Glyph of Metamorphosis",118782,"Increases the duration of your Metamorphosis by 6 sec.",40,0,0,0,0,0,0,0
General,General1,Talent,"Glyph of Mind Flay",118221,"Increases the damage done by your Mind Flay spell by 20% when your target is afflicted with Shadow Word: Pain.",11,0,0,0,0,0,0,0
General,General1,Talent,"Glyph of Mind Sear",118737,"Increases the radius of effect on Mind Sear by 5 yards.",36,0,0,0,0,0,0,0
General,General1,Talent,"Glyph of Mirror Image",118704,"Your Mirror Image spell now creates a 4th copy.",50,0,0,0,0,0,0,0
General,General1,Talent,"Glyph of Monsoon",118675,"Reduces the cooldown of your Typhoon spell by 3 sec.",36,0,0,0,0,0,0,0
General,General1,Talent,"Glyph of Moonfire",118058,"Increases the periodic damage of your Moonfire ability by 75%, but initial damage is decreased by 90%.",11,0,0,0,0,0,0,0
General,General1,Talent,"Glyph of Mortal Strike",118528,"Increases the damage of your Mortal Strike ability by 10%.",30,0,0,0,0,0,0,0
General,General1,Talent,"Glyph of Multi-Shot",118469,"Decreases the cooldown of Multi-Shot by 1 sec and increases its critical strike chance by 10%.",18,0,0,0,0,0,0,0
General,General1,Talent,"Glyph of Mutilate",118758,"Reduces the cost of Mutilate by 5 energy.",36,0,0,0,0,0,0,0
General,General1,Talent,"Glyph of Nourish",118849,"Your Nourish heals an additional 6% for each of your heal over time effects present on the target.",44,0,0,0,0,0,0,0
General,General1,Talent,"Glyph of Obliterate",118607,"Increases the damage of your Obliterate ability by 25%.",20,0,0,0,0,0,0,0
General,General1,Talent,"Glyph of Overpower",118553,"Adds a 100% chance to enable your Overpower when your attacks are parried.",11,0,0,0,0,0,0,0
General,General1,Talent,"Glyph of Pain Suppression",118743,"Allows Pain Suppression to be cast while stunned.",11,0,0,0,0,0,0,0
General,General1,Talent,"Glyph of Penance",118734,"Reduces the cooldown of Penance by 2 sec.",40,0,0,0,0,0,0,0
General,General1,Talent,"Glyph of Pestilence",118629,"Increases the radius of your Pestilence effect by 5 yards.",11,0,0,0,0,0,0,0
General,General1,Talent,"Glyph of Plague Strike",118601,"Your Plague Strike does 20% additional damage.",11,0,0,0,0,0,0,0
General,General1,Talent,"Glyph of Polymorph",118340,"Your Polymorph spell also removes all damage over time effects from the target.",11,0,0,0,0,0,0,0
General,General1,Talent,"Glyph of Power Word: Shield",118165,"Your Power Word: Shield also heals the target for 20% of the absorption amount.",11,0,0,0,0,0,0,0
General,General1,Talent,"Glyph of Prayer of Healing",118189,"Your Prayer of Healing spell also heals an additional 25% of its initial heal over 6 sec.",20,0,0,0,0,0,0,0
General,General1,Talent,"Glyph of Preparation",118438,"Your Preparation ability also instantly resets the cooldown of Blade Flurry, Dismantle, and Kick.",12,0,0,0,0,0,0,0
General,General1,Talent,"Glyph of Psychic Scream",118177,"Increases the duration of your Psychic Scream by 2 sec. and increases its cooldown by 8 sec.",11,0,0,0,0,0,0,0
General,General1,Talent,"Glyph of Quick Decay",118840,"Your haste now reduces the time between periodic damage ticks of your Corruption spell.",11,0,0,0,0,0,0,0
General,General1,Talent,"Glyph of Raise Dead",118642,"Your Raise Dead spell no longer requires a reagent.",18,0,0,0,0,0,0,0
General,General1,Talent,"Glyph of Rake",118030,"Your Rake deals 20% more damage and prevents targets from fleeing.",18,0,0,0,0,0,0,0
General,General1,Talent,"Glyph of Rapid Charge",118504,"Killing an enemy that yields experience or honor reduces the active cooldown of your Charge by 4 seconds.",11,0,0,0,0,0,0,0
General,General1,Talent,"Glyph of Rapid Fire",118454,"Increases the haste from Rapid Fire by an additional 8%.",26,0,0,0,0,0,0,0
General,General1,Talent,"Glyph of Rapid Rejuvenation",118843,"Your haste now reduces the time between the periodic healing ticks of your Rejuvenation spell.",11,0,0,0,0,0,0,0
General,General1,Talent,"Glyph of Rebirth",118003,"Players resurrected by Rebirth are returned to life with 100% health.",20,0,0,0,0,0,0,0
General,General1,Talent,"Glyph of Regrowth",118006,"Increases the healing of your Regrowth spell by 20% if your Regrowth effect is still active on the target.",12,0,0,0,0,0,0,0
General,General1,Talent,"Glyph of Rejuvenation",118009,"While your Rejuvenation targets are below 50% health, you will heal them for an additional 50% health.",11,0,0,0,0,0,0,0
General,General1,Talent,"Glyph of Remove Curse",118306,"Your Remove Curse spell also makes the target immune to all curses for 4 sec.",24,0,0,0,0,0,0,0
General,General1,Talent,"Glyph of Rending",118550,"Rend no longer costs rage and lasts for an additional 6 sec.",11,0,0,0,0,0,0,0
General,General1,Talent,"Glyph of Renew",118171,"Reduces the duration of your Renew by 3 sec. but increases the amount healed each tick by 35%.",11,0,0,0,0,0,0,0
General,General1,Talent,"Glyph of Resonating Power",118508,"Your Thunder Clap ability costs 5 less rage.",11,0,0,0,0,0,0,0
General,General1,Talent,"Glyph of Revenge",118515,"After using Revenge, your next Heroic Strike costs no rage.",11,0,0,0,0,0,0,0
General,General1,Talent,"Glyph of Rip",118027,"Increases the duration of your Rip ability by 4 sec.",11,0,0,0,0,0,0,0
General,General1,Talent,"Glyph of Riptide",118770,"Increases the duration of Riptide by 6 sec.",11,0,0,0,0,0,0,0
General,General1,Talent,"Glyph of Rune Strike",118604,"Increases the critical strike chance of your Rune Strike by 10%.",32,0,0,0,0,0,0,0
General,General1,Talent,"Glyph of Rune Tap",118632,"Your Rune Tap heals yourself for an additional 10% of the effect, and also heals your party for 10% of their maximum health.",16,0,0,0,0,0,0,0
General,General1,Talent,"Glyph of Rupture",118393,"Increases the duration of Rupture by 4 sec.",20,0,0,0,0,0,0,0
General,General1,Talent,"Glyph of Salvation",118725,"When you cast Hand of Salvation on yourself, it also reduces damage taken by 20%.",26,0,0,0,0,0,0,0
General,General1,Talent,"Glyph of Sap",118384,"Increases the duration of Sap by 20 sec.",11,0,0,0,0,0,0,0
General,General1,Talent,"Glyph of Scatter Shot",118691,"Increases the range of Scatter Shot by 3 yards.",16,0,0,0,0,0,0,0
General,General1,Talent,"Glyph of Scorch",118328,"Increases the damage of your Scorch spell by 20%.",22,0,0,0,0,0,0,0
General,General1,Talent,"Glyph of Scourge Imprisonment",118224,"Reduces the cast time of your Shackle Undead by 1.0 sec.",20,0,0,0,0,0,0,0
General,General1,Talent,"Glyph of Scourge Strike",118595,"Your Scourge Strike increases the duration of your Death Knight diseases on the target by 3 sec, up to a maximum of 12 additional seconds.",36,0,0,0,0,0,0,0
General,General1,Talent,"Glyph of Seal of Command",118070,"You gain 8% of your base mana each time you use a Judgement with Seal of Command active.",16,0,0,0,0,0,0,0
General,General1,Talent,"Glyph of Seal of Light",118111,"While Seal of Light is active, the effect of your Paladin healing spells is increased by 5%.",30,0,0,0,0,0,0,0
General,General1,Talent,"Glyph of Seal of Righteousness",118378,"Increases the damage done by Seal of Righteousness by 10%.",11,0,0,0,0,0,0,0
General,General1,Talent,"Glyph of Seal of Wisdom",118108,"While Seal of Wisdom is active, the cost of your Paladin healing spells is reduced by 5%.",11,0,0,0,0,0,0,0
General,General1,Talent,"Glyph of Searing Pain",118249,"Increases the critical strike bonus of your Searing Pain by 20%.",16,0,0,0,0,0,0,0
General,General1,Talent,"Glyph of Serpent Sting",118463,"Increases the damage done by your Serpent Sting by 20% and increases the duration of your Serpent Sting by 6 sec.",11,0,0,0,0,0,0,0
General,General1,Talent,"Glyph of Shadow Bolt",118273,"Reduces the cast time of your Shadow Bolt by 15%.",11,0,0,0,0,0,0,0
General,General1,Talent,"Glyph of Shadow Word: Death",118197,"Reduces the damage you take from Shadow Word: Death by 25% and targets below 35% health take an additional 1% damage for every 1% health they are under 35%.",40,0,0,0,0,0,0,0
General,General1,Talent,"Glyph of Shadow Word: Pain",118193,"The periodic damage ticks of your Shadow Word: Pain spell restore 1% of your base mana.",11,0,0,0,0,0,0,0
General,General1,Talent,"Glyph of Shadowburn",118255,"Increases the critical strike chance of Shadowburn by 20% when the target is below 35% health.",22,0,0,0,0,0,0,0
General,General1,Talent,"Glyph of Shadowflame",118791,"Your Shadowflame also applies a 70% movement speed slow on its victims.",36,0,0,0,0,0,0,0
General,General1,Talent,"Glyph of Shamanistic Strikes",118852,"Increases the damage dealt by Stormstrike by 5%.",30,0,0,0,0,0,0,0
General,General1,Talent,"Glyph of Shield of Righteousness",118716,"Reduces the mana cost of Shield of Righteousness by 80%.",11,0,0,0,0,0,0,0
General,General1,Talent,"Glyph of Shield Wall",118809,"Reduces the cooldown on Shield Wall by 2 min, but Shield Wall now only reduces damage taken by 40%.",28,0,0,0,0,0,0,0
General,General1,Talent,"Glyph of Shocking",118129,"Reduces the global cooldown triggered by your shock spells to 1 sec.",11,0,0,0,0,0,0,0
General,General1,Talent,"Glyph of Shockwave",118797,"Reduces the cooldown on Shockwave by 3 sec.",40,0,0,0,0,0,0,0
General,General1,Talent,"Glyph of Shred",118024,"Each time you Shred, the duration of your Rip on the target is extended 2 sec, up to a maximum of 10 sec.",11,0,0,0,0,0,0,0
General,General1,Talent,"Glyph of Sinister Strike",118444,"Your Sinister Strike critical strikes have a 50% chance to add an additional combo point.",11,0,0,0,0,0,0,0
General,General1,Talent,"Glyph of Siphon Life",118233,"Increases the healing you receive from your Siphon Life talent by 25%.",22,0,0,0,0,0,0,0
General,General1,Talent,"Glyph of Slice and Dice",118420,"Increases the duration of Slice and Dice by 3 sec.",11,0,0,0,0,0,0,0
General,General1,Talent,"Glyph of Smite",118230,"Your Smite spell inflicts an additional 20% damage against targets afflicted by Holy Fire.",11,0,0,0,0,0,0,0
General,General1,Talent,"Glyph of Soulstone",118258,"Increases the amount of health you gain from resurrecting via a Soulstone by 300%.",18,0,0,0,0,0,0,0
General,General1,Talent,"Glyph of Spell Reflection",118806,"Reduces the cooldown on Spell Reflection by 1 sec.",50,0,0,0,0,0,0,0
General,General1,Talent,"Glyph of Spirit of Redemption",118206,"Increases the duration of Spirit of Redemption by 6 sec.",12,0,0,0,0,0,0,0
General,General1,Talent,"Glyph of Spiritual Attunement",118067,"Increases the amount of mana gained from your Spiritual Attunement spell by an additional 2%.",30,0,0,0,0,0,0,0
General,General1,Talent,"Glyph of Sprint",118423,"Increases the movement speed of your Sprint ability by an additional 30%.",11,0,0,0,0,0,0,0
General,General1,Talent,"Glyph of Starfall",118042,"Reduces the cooldown of Starfall by 30 sec and causes it to only hit enemies in combat.",40,0,0,0,0,0,0,0
General,General1,Talent,"Glyph of Starfire",118055,"Your Starfire ability increases the duration of your Moonfire effect on the target by 3 sec, up to a maximum of 15 additional seconds.",11,0,0,0,0,0,0,0
General,General1,Talent,"Glyph of Steady Shot",118451,"Increases the damage dealt by Steady Shot by 10% when your target is afflicted with your Serpent Sting.",11,0,0,0,0,0,0,0
General,General1,Talent,"Glyph of Stormstrike",118141,"Increases the Nature damage bonus from your Stormstrike ability by an additional 8%.",30,0,0,0,0,0,0,0
General,General1,Talent,"Glyph of Strangulate",118570,"Reduces the cooldown of your Strangulate by 20 sec.",22,0,0,0,0,0,0,0
General,General1,Talent,"Glyph of Succubus",118297,"Your Succubus's Seduction ability also removes all damage over time effects from the target.",20,0,0,0,0,0,0,0
General,General1,Talent,"Glyph of Survival Instincts",118831,"Your Survival Instincts ability grants an additional 15% of your maximum health.",12,0,0,0,0,0,0,0
General,General1,Talent,"Glyph of Sweeping Strikes",118547,"Reduces the rage cost of your Sweeping Strikes ability by 100%.",22,0,0,0,0,0,0,0
General,General1,Talent,"Glyph of Swiftmend",118033,"Your Swiftmend ability no longer consumes a Rejuvenation or Regrowth effect from the target.",11,0,0,0,0,0,0,0
General,General1,Talent,"Glyph of the Beast",118501,"Increases the attack power bonus of Aspect of the Beast for you and your pet by an additional 2%.",30,0,0,0,0,0,0,0
General,General1,Talent,"Glyph of the Ghoul",118623,"Your Ghoul receives an additional 40% of your Strength and 40% of your Stamina.",18,0,0,0,0,0,0,0
General,General1,Talent,"Glyph of the Hawk",118498,"Increases the haste bonus of the Improved Aspect of the Hawk effect by an additional 6%.",11,0,0,0,0,0,0,0
General,General1,Talent,"Glyph of Thunder",118764,"Reduces the cooldown on Thunderstorm by 10 seconds.",40,0,0,0,0,0,0,0
General,General1,Talent,"Glyph of Thunderstorm",118654,"Increases the mana you receive from your Thunderstorm spell by 10%.    No longer knocks creatures away.",40,0,0,0,0,0,0,0
General,General1,Talent,"Glyph of Tricks of the Trade",118755,"The bonus damage and threat redirection granted by your Tricks of the Trade ability lasts an additional 4 sec.",50,0,0,0,0,0,0,0
General,General1,Talent,"Glyph of Trueshot Aura",118478,"While you have Trueshot Aura learned, you have 10% increased critical strike chance on your Aimed Shot.",16,0,0,0,0,0,0,0
General,General1,Talent,"Glyph of Turn Evil",118086,"Reduces the casting time of your Turn Evil spell by 100%, but increases the cooldown by 8 sec.",24,0,0,0,0,0,0,0
General,General1,Talent,"Glyph of Typhoon",118846,"Reduces the cost of your Typhoon spell by 8% and increases its radius by 10 yards, but it no longer knocks enemies back.",36,0,0,0,0,0,0,0
General,General1,Talent,"Glyph of Unbreakable Armor",118589,"Increases the total armor granted by Unbreakable Armor to 30%.",34,0,0,0,0,0,0,0
General,General1,Talent,"Glyph of Unholy Blight",118818,"Increases the damage done by Unholy Blight by 40%.",18,0,0,0,0,0,0,0
General,General1,Talent,"Glyph of Unstable Affliction",118264,"Decreases the casting time of your Unstable Affliction by 0.2 sec.",36,0,0,0,0,0,0,0
General,General1,Talent,"Glyph of Vampiric Blood",118613,"Increases the duration of your Vampiric Blood by 5 sec.",34,0,0,0,0,0,0,0
General,General1,Talent,"Glyph of Victory Rush",118544,"Your Victory Rush ability has a 30% increased critical strike chance.",11,0,0,0,0,0,0,0
General,General1,Talent,"Glyph of Vigilance",118800,"Your Vigilance ability transfers an additional 5% of your target's threat to you.",30,0,0,0,0,0,0,0
General,General1,Talent,"Glyph of Vigor",118405,"Requires  Vigor (Rank 1)  Vigor grants an additional 10 maximum energy.",16,0,0,0,0,0,0,0
General,General1,Talent,"Glyph of Voidwalker",118288,"Increases your Voidwalker's total Stamina by 20%.",11,0,0,0,0,0,0,0
General,General1,Talent,"Glyph of Volley",118472,"Decreases the mana cost of Volley by 20%.",40,0,0,0,0,0,0,0
General,General1,Talent,"Glyph of Water Elemental",118334,"Reduces the cooldown of your Summon Water Elemental spell by 30 sec.",36,0,0,0,0,0,0,0
General,General1,Talent,"Glyph of Whirlwind",118534,"Reduces the cooldown of your Whirlwind by 2 sec.",14,0,0,0,0,0,0,0
General,General1,Talent,"Glyph of Wild Growth",118669,"Wild Growth can affect 1 additional target.",40,0,0,0,0,0,0,0
General,General1,Talent,"Glyph of Windfury Weapon",118138,"Increases the chance per swing for Windfury Weapon to trigger by 2%.",30,0,0,0,0,0,0,0
General,General1,Talent,"Glyph of Wyvern Sting",118489,"Decreases the cooldown of your Wyvern Sting by 6 sec.",30,0,0,0,0,0,0,0
General,General1,Talent,"Goldrinn's Guile",275743,"Your finishing moves now have a 5% chance per combo point to grant you Goldrinn's Guile, increased to 20% chance per combo point if you are in Worgen Form.      Goldrinn's Guile Your next Mind Blast or Vampiric Touch is instant, has 40% increased damage, and grants 2 combo points. Lasts for 8 sec.",10,0,0,0,0,0,0,0
General,General1,Talent,"Good Fortune",284012,"Consuming a fully-stacked Serendipity increases your Holy spell critical strike chance by 7% for 12 sec.",34,0,0,0,0,0,0,0
General,General1,Talent,"Goremaw's Bite",277924,"Damaging rogue finishing moves have a 3% chance per combo point consumed to trigger Goremaw's Bite.      Goremaw's Bite Your next damaging Rogue finishing move causes Goremaw to lash out, dealing 57 Shadow damage and generating 5 combo points.",10,0,0,0,0,0,0,0
General,General1,Talent,"Graceful Stride",979714,"Your Nature's Grace also increases your movement speed by 20%.",16,0,0,0,0,0,0,0
General,General1,Talent,"Grasping Curse",283238,"Your Shadow Bolt damage now applies Grasping Curse.    This effect can only occur once every 5 sec.    Grasping Curse Reduces the target's movement speed by 35% for 5 sec.    This uses Curse of Exhaustion modifiers.",10,0,0,0,0,0,0,0
General,General1,Talent,"Grave Ammunition",288840,"You have a 25% chance for your Frost Fever ticks to load Black-Ice Ammunition and Blood Plague ticks to load Plague-Tipped Ammunition.     Black-Ice Ammunition Next Auto shot triggers 50% ranged weapon damage as Shadowfrost damage to enemies within 8 yards of the target.    Plague-Tipped Vulnerability Next Auto shot increases damage taken from your Frost Fever and Blood Plague by 3% per stack. Stacks up to 10 times.",55,0,0,0,0,0,0,0
General,General1,Talent,"Group Think",282009,"Your Tamed Pet's damage is increased by 20% while Berserk is active.    Tamed Pet includes Summoned Demon, Enslave Demon, Dominate Undead, Tame Dragonkin, Tether Elemental, Summoned Ghoul, and Tame Beast.",40,0,0,0,0,0,0,0
General,General1,Talent,"Grove Medicine",276886,"When your Medicinal Sting or Grove Shot heals an ally, it also grants them Grove Medicine, healing for 9 every 2 sec. Lasts 6 sec.",10,0,0,0,0,0,0,0
General,General1,Talent,"Grove Ranger",276890,"Requires  Path of Healing  Using Hunter Shots now grants you Grove Ranger.   Stacks up to 2 times.    Grove Ranger Consumes up to 2 stacks to empower your next Wild Growth, Healing Touch or Regrowth. Consuming 2 stacks doubles the effect.    - Wild Growth: Heals 2 additional targets and its heal radius is increased by 5 yards.    - Healing Touch and Regrowth: Cast time reduced by 50% and mana cost reduced by 30%.    - Healing Touch: Heals an additional target and healing increased by 30%.",10,0,0,0,0,0,0,0
General,General1,Talent,"Grove Ranger's Agility",276896,"Requires  Path of Healing  Increases your attack power by 120% of your Agility and your Healing Power by 20% of your Agility.",10,0,0,0,0,0,0,0
General,General1,Talent,"Growing Corruption",283922,"Targets afflicted by your Seed of Corruption increase your chance to critically strike them by 20%.    Seed of Corruption's explosion applies Corruption to targets it hits.",40,0,0,0,0,0,0,0
General,General1,Talent,"Growing Earth",285727,"Requires  Path of Healing  Healing with Lifebloom and Rejuvenation now has a chance to grant you Growing Earth.    Growing Earth Reduces the cast time of your next Healing Wave or Healing Touch by 15%. Stacks up to 3 and lasts for 12 sec.  While at max stacks, Healing Wave and Healing Touch heal your ally for an additional 2 every 1 sec and increase their healing received from your Lifebloom and Rejuvenation by 25% for 5 sec.",10,0,0,0,0,0,0,0
General,General1,Talent,"Growing Light",270661,"Healing your Beacon of Light target with Holy heals causes it to radiate outward, healing 3 nearby allies within 8 yards for 20% of the healing done.",30,0,0,0,0,0,0,0
General,General1,Talent,"Guardians of the Grove",270495,"Your Treants heal allies below 90% health using all of your known Druid healing spells, except Tranquility. Treants no longer deal damage and have 66% reduced health.  In battlegrounds or arenas, Treants only use instant-cast Druid healing spells.",36,0,0,0,0,0,0,0
General,General1,Talent,"Guerilla Tactics",284026,"Dealing damage with Mongoose Bite, Counterattack, or Wing Clip now grants you Guerilla Tactics.    Guerilla Tactics Damage done by your Savage Blade, Chimera Shot, Aimed Shot and Explosive Shot is increased by 10%. Lasts for 15 sec.",25,0,0,0,0,0,0,0
General,General1,Talent,"Guile of Elune",965207,"Your Shred, Mangle, Rake, Claw, Rip, and Ferocious Bite criticals have a chance to grant party members 2% Agility for 10 sec. Does not stack with other similar effects.",11,0,0,0,0,0,0,0
General,General1,Talent,"Gul'dan's Chosen",277150,"Shadow Bolt, Soul Fire and Incinerate have a 12% chance to grant Gul'dan's Chosen for 10 sec.    While active, Backdraft and Molten Core are not consumed.    This effect cannot trigger while Gul'dan's Chosen is active.",35,0,0,0,0,0,0,0
General,General1,Talent,"Gurubashi Tactics",275921,"Damaging abilities with a Rage cost other than Raging Blow grant a Raging Blow charge.  This effect can only occur once every 6 sec.",28,0,0,0,0,0,0,0
General,General1,Talent,"Hammer of Storms",273953,"Dealing damage with Thunder Clap or Hammer of the Righteous grants you Hammer of Storms.    Hammer of Storms Your Lightning Bolt, Chain Lightning and Stormstrike damage is increased by 25%.",10,0,0,0,0,0,0,0
General,General1,Talent,"Hammerdin",282983,"Damaging Paladin damaging abilities have a 20% chance to summon a Hammer from the Heavens and reduce the cooldown of Hour of Judgement by 4 seconds.    Hammer from the Heavens A Holy hammer falls from the heavens, dealing 17 to -19 Holy damage to nearby enemies.",10,0,0,0,0,0,0,0
General,General1,Talent,"Harbinger of Plague",276427,"Casting Wrath now grants you Harbinger of Plague.    While affected by Harbinger of Plague, Haunt deals 30% of its damage to 10 nearby targets.      Harbinger of Plague Increases the damage of your diseases and Haunt by 15%. Stacks up to 5 times and lasts for 8 sec.",10,0,0,0,0,0,0,0
General,General1,Talent,"Harmonized Zeal",283156,"Healing with Holy spells reduces the cooldown of Nature's Swiftness by 4 seconds",22,0,0,0,0,0,0,0
General,General1,Talent,"Harnessed Energy",283730,"Arcane Blast now grants Harnessed Energy instead of applying its normal stacking debuff.    Harnessed Energy Increases the damage of your next Arcane spell by 25% and increases the mana cost of Arcane Blast by 400%.    Stores up to 5 charges and lasts for 10 sec. Arcane Blast does not consume charges.",18,0,0,0,0,0,0,0
General,General1,Talent,"Harvest Essence",275962,"Shadow spells with a cast time grant Harvested Essence.    Harvested Essence Next Drain Life or Drain Soul channels 10% faster and hits 10% faster. Stacks up to 5. Lasts 10 sec.    Reduces the heal onto the caster from the life leeched with Drain Life by 80%.",10,0,0,0,0,0,0,0
General,General1,Talent,"Hastened Feint",282231,"Reduces the cooldown of your Feint ability by 4 seconds.",16,0,0,0,0,0,0,0
General,General1,Talent,"Hastened Strikes",283227,"Sweeping Strikes hits your primary target and increases your melee critical strike chance by 5%.  Successful melee attacks reduce the cooldown of Sweeping Strikes by 2 second.  This effect can only occur once every 1 sec.",22,0,0,0,0,0,0,0
General,General1,Talent,"Healing Garden",281921,"Your direct Nature heals now extend the durations of Lifebloom, Rejuvenation, and Regrowth on your allies by 1.5 second.",20,0,0,0,0,0,0,0
General,General1,Talent,"Healing Seeds",273425,"Healing Touch now applies Living Seed, if known, on non-critical heals.",25,0,0,0,0,0,0,0
General,General1,Talent,"Heartchill",289466,"This spell belongs to Necromancer    Chill an enemy's heart, interrupting their current spell cast.    Successfully interrupting a spell also reduces their movement speed and haste by 80% for 3 sec.",27,0,0,0,0,0,0,0
General,General1,Talent,"Heat Burst",270424,"Dealing Magic damage against enemies affected by your Conflagrate now deals an additional 66 Fire damage.  This effect can only occur once every 1 sec.",30,0,0,0,0,0,0,0
General,General1,Talent,"Heating Up!",270428,"Dealing direct damage with Conflagrate applies Heating Up!.    Heating Up! You deal 3% increased Fire damage to the target. Stacks up to 10 times and lasts for 15 sec.",30,0,0,0,0,0,0,0
General,General1,Talent,"Heavy Arms",285377,"Your Slam now deals 60% increased damage, has no rage cost and grants you Heavy Arms.      Heavy Arms Prevents you from casting Slam for 14 sec.    Dealing damage with Bloodthirst, Counterattack, Mongoose Bite or Whirlwind reduces the duration by 1 seconds.",30,0,0,0,0,0,0,0
General,General1,Talent,"Heavyweight",273378,"Using Overpower or Execute grants 2 stacks, and Slam grants 1 stack of Heavyweight stacking up to 6 times.    After reaching max stacks you gain Ready to Strike.    Ready to Strike Your next Mortal Strike deals 45% increased damage and has a 33% increased critical strike chance.     Your next Thunder Clap triggers a crushing blow, dealing 275% weapon damage to nearby enemies.",10,0,0,0,0,0,0,0
General,General1,Talent,"Hellish Pursuit",285100,"Dealing damage with Hellfire reduces the cooldown of Burning Rush by 1.5 seconds.",40,0,0,0,0,0,0,0
General,General1,Talent,"Here Comes The Big One",284407,"Every fourth use of Bloodthirst now deals 150% increased damage.",30,0,0,0,0,0,0,0
General,General1,Talent,"Heretic of Gul'dan",276516,"Dealing damage with spells reduces the cooldown of Hand of Gul'Dan by 0.5 sec.  This effect can only occur once every 1 sec.",32,0,0,0,0,0,0,0
General,General1,Talent,"High Winds",283355,"When your Cyclone ends, the target's damage and healing are reduced by 20% for 4 sec.",50,0,0,0,0,0,0,0
General,General1,Talent,"Higher Power",281994,"Increases the amount healed by Greater Heal by 20%, but increases its mana cost by 40%.",10,0,0,0,0,0,0,0
General,General1,Talent,"Hippocratic Oath",274231,"Requires  Path of Healing  Increases your healing power by 20% of your attack power.",10,0,0,0,0,0,0,0
General,General1,Talent,"Holy Ascension",273252,"Periodic damage of your Holy Fire now has a 15% chance to trigger Surge of Light.    Instant Smites now grant Ascended.    Ascended Increases the holy critical strike chance by 1%. Stacks up to 10. Lasts 15 seconds.    Surge of Light Your next Smite or Flash Heal is instant and costs no mana. It cannot critically hit. Lasts 10 sec.",20,0,0,0,0,0,0,0
General,General1,Talent,"Holy Chains",283927,"Your Holy Fire now shackles the target with heavy chains, reducing their movement speed by 70% for 3 sec.",20,0,0,0,0,0,0,0
General,General1,Talent,"Holy Ground",281788,"Allies within your Consecration receive 5% additional healing from you.    Your Direct Heals on allies within Consecration radiate to 5 nearby allies for 5% of the healing done.    Does not trigger from Purification by Light's or Consecrated Strikes's Consecration effect.",10,0,0,0,0,0,0,0
General,General1,Talent,"Holy Guardian",500196,"Increases your threat generated by Holy damage by 40%.  Reduces all damage taken by 2%.",11,0,0,0,0,0,0,0
General,General1,Talent,"Holy Hammer Nova",285739,"Casting Holy Nova now reduces the active cooldown of Light's Hammer by 2 seconds.",36,0,0,0,0,0,0,0
General,General1,Talent,"Holy Radiance",272988,"Your Greater Heal and Flash Heal now trigger Holy Radiance on all allies affected by your Renew.    Holy Radiance Heals for 30% of the healing done by your Greater Heal or 40% of the healing done by your Flash Heal.",10,0,0,0,0,0,0,0
General,General1,Talent,"Holy Shatter",276466,"Critical strikes with Frost spells and abilities mark your target.    Critical strikes with Holy spells and abilities shatter the mark, dealing 43 Holyfrost damage to 8 nearby enemies.    Marks stack up to 5 and increase the damage the target takes from Holy Shatter by 20%. Lasts 12 seconds.    Scales with Cone of Cold modifiers.",20,0,0,0,0,0,0,0
General,General1,Talent,"Holy Spirit",273920,"Healing or dealing damage with Penance grants you Holy Spirit.      Holy Spirit Increases the critical strike chance and healing of your next Holy Shock by 20%. Stacks 4 times and lasts 10 sec.",40,0,0,0,0,0,0,0
General,General1,Talent,"Holy Surge",283366,"Holy Shock deals 50% increased damage against monsters.    Dealing damage with Holy Shock grants you Surge of Light.    This effect can only occur once every 6 sec.    Surge of Light Your next Smite or Flash Heal is instant and costs no mana. It cannot critically hit. Lasts 10 sec.",30,0,0,0,0,0,0,0
General,General1,Talent,"Hot Hands",275397,"Pyroblast and Arctis can now trigger Hot Streak.",36,0,0,0,0,0,0,0
General,General1,Talent,"Howl of Winter",274125,"Cone of Cold now grants you Howl of Winter.    Howl of Winter Increases the damage of your next Deep Freeze by 25%. Stacks up to 4 times and lasts 15 sec.",40,0,0,0,0,0,0,0
General,General1,Talent,"Howling Blood",284207,"Dealing damage with Frost Strike, Howling Blast or Icy Touch reduces the cooldown of Cold Blood by 8 seconds.  When Cold Blood is consumed, the cooldown of Deathchill is reduced by 40 sec.",22,0,0,0,0,0,0,0
General,General1,Talent,"Hydra's Sting",285889,"Dealing damage with Serpent Sting reduces the cooldown of Rapid Fire by 3 sec.",10,0,0,0,0,0,0,0
General,General1,Talent,"Hydromancer",272057,"Dealing damage with Frostbolt, Frostfire Bolt and Frost Nova applies Doused.  Water Nova summons a tidal pool for 6 sec, applying Doused to enemies that remain inside.    Doused Taking damage from Lightning Bolt or Chain Lightning triggers Electrocute.   Electrocute Deals 6 Froststorm damage and incapacitates the target for 2 seconds.  The same enemy can only be incapacitated once every 30 sec.",10,0,0,0,0,0,0,0
General,General1,Talent,"I Have The High Ground",281319,"Deal an additional strike for 3% original damage when you have the high ground, being 5 yards above your target.",10,0,0,0,0,0,0,0
General,General1,Talent,"I'm a Fan of Knives",277612,"Dealing damage with Shuriken Toss and Deadly Throw has a 35% chance to increase the damage of your next Fan of Knives by 35% and its critical strike chance by 35%. Max 3 charges.",50,0,0,0,0,0,0,0
General,General1,Talent,"Ice Barrage",272427,"Dealing damage with Cone of Cold, Deep Freeze, Frostbolt, Frostfire Bolt and Ray of Frost grants you an Icicle that stacks up to 5 times and lasts for 20 sec.  Dealing damage with Ice Lance rapidly launches your stored Icicles at the target, dealing 407 Frost damage.  You cannot gain Icicles while they are launching.",22,0,0,0,0,0,0,0
General,General1,Talent,"Ice Warden",101277,"Increases your threat generated by Frost damage by 40%.  Reduces all damage taken by 2%.",11,0,0,0,0,0,0,0
General,General1,Talent,"Icebound Ancestry",289275,"Your attacks ignore Armor against Frozen targets.",10,0,0,0,0,0,0,0
General,General1,Talent,"Icecrown Double-Tap",277496,"Direct Frost spell damage has an 25% chance to grant Icecrown Double-Tap.      Icecrown Double-Tap Allows your next Kill Shot to be used regardless of the target's health. Lasts 20 sec.",36,0,0,0,0,0,0,0
General,General1,Talent,"Icy Onslaught",299100,"Icy Touch against a target affected by your Blood Plague empowers your next Rune Strike. Rune Strike deals 100% increased damage and reduces all damage you take by 8% for 6 sec.",32,0,0,0,0,0,0,0
General,General1,Talent,"Illuminated Judgement",283971,"Your Infusion of Light now grants Illuminated Judgement      Illuminated Judgement Your next Judgement spell deals 100% increased damage (30% against players) but has a 1.5 second cast time.",40,0,0,0,0,0,0,0
General,General1,Talent,"Immolating Backdraft",271548,"Casting Immolate can now trigger your Backdraft talent.",45,0,0,0,0,0,0,0
General,General1,Talent,"Impeccable Timing",283273,"Your mastery of time grants you Impeccable Timing every 10 seconds.    Impeccable Timing Your Arcane Blast, Starfire, Starsurge, Arcane Barrage, Fireball, Frostbolt, Slow, Frostfire Bolt, Moonfire, or Arcane Orb grants you Missile Barrage. Lasts 3 sec.    Missile Barrage Reduces the channeled duration of your next Arcane Missiles spell by 2.5 sec, reduces the mana cost by 100%, and the missiles fire every 0.4 sec. Lasts for 15 sec.",20,0,0,0,0,0,0,0
General,General1,Talent,"Impending Doom",283848,"Your Death and Decay, Mind Blast and Shadow Word: Death now apply Impending Doom.    Impending Doom Your next 5 periodic Shadow damage hits deal 25% increased damage.",10,0,0,0,0,0,0,0
General,General1,Talent,"Imposing Combo",285598,"Empowers these abilities to now consume combo points, increasing their threat and granting you a buff for 2 seconds plus an additional 2 seconds per combo point:    - Divine Storm increases your armor by 15%.  - Victory Rush increases your max health by 10%.  - Stormstrike reduces your damage taken by 6%.",10,0,0,0,0,0,0,0
General,General1,Talent,"In For the Kill",283597,"Increases the duration of Rend by 6 seconds, and your Mortal Strike refreshes the duration of your Rend.",10,0,0,0,0,0,0,0
General,General1,Talent,"In Sword We Trust",284118,"Casting Slam now grants you In Sword We Trust.    In Sword We Trust Increases your next Crusader Strike's damage and critical strike chance by 35%. Stacks up to 3 times and lasts 8 sec.",30,0,0,0,0,0,0,0
General,General1,Talent,"In the Zone",283889,"Dealing damage with Unfair Advantage now grants you a shield that absorbs magic damage.    This effect can only occur once every 4 sec.",30,0,0,0,0,0,0,0
General,General1,Talent,"Incessant Screams",290190,"Psychic Scream creates a shadowy image of you at your location. After 4 sec, the image will let out a Psychic Scream.",18,0,0,0,0,0,0,0
General,General1,Talent,"Indomitable",282182,"Unlocked by  Tactical Mastery (Rank 3)  While Stagger is active your healing taken is increased by 10%.    Does not stack with other similar effects.",15,0,0,0,0,0,0,0
General,General1,Talent,"Inducing Trauma",281528,"Your Backstab, Mutilate and Ambush extend the duration of your Rend by 2 sec.",10,0,0,0,0,0,0,0
General,General1,Talent,"Inescapable Roots",284057,"Your Entangling Roots become inescapable, preventing enemies from breaking free during the first half of their duration, but are now more susceptible to breaking from damage.",10,0,0,0,0,0,0,0
General,General1,Talent,"Inevitable Decimation",277160,"Casting 3 Incinerates within 5 sec reduces the cast time and global cooldown of your Soul Fire by 50%. Lasts 8 sec. Does not stack with Decimation.",26,0,0,0,0,0,0,0
General,General1,Talent,"Inevitable Vengeance",277745,"Your Seal of Vengeance damage over time now benefits from your haste and can now critically strike.  Your Seal of Vengeance damage over time effect also causes the target to take 1% more Physical and Holy damage per stack.",44,0,0,0,0,0,0,0
General,General1,Talent,"Infecting Strikes",270362,"Dealing damage with Maul now applies Infected Blood.      Infected Blood Disease the target, dealing 3 Plague damage every 2 seconds for 6 sec.",10,0,0,0,0,0,0,0
General,General1,Talent,"Inferno",284833,"Enemies hit by your Hellfire now have a chance to trigger an additional Hellfire explosion.",30,0,0,0,0,0,0,0
General,General1,Talent,"Infinite Burn",270426,"Dealing damage with Chaos Bolt, Incinerate, Searing Pain, and Scorch now grants you Infinite Burn.     Infinite Burn Your next Conflagrate does not consume Immolate. Lasts for 10 sec.",30,0,0,0,0,0,0,0
General,General1,Talent,"Infused Gems",283660,"Your Mana Gem also grants you 10% haste for 12 sec.    Your Mana Gem also triggers Replenishment.    Replenishment Replenishes 1% of maximum mana per 5 sec on up to 10 party members for 15 sec.",28,0,0,0,0,0,0,0
General,General1,Talent,"Infused Shot",284139,"Casting offensive Arcane Spells now grants you Infused Shot.    Infused Shot Next Arcane Shot consumes 5% of the base mana to deal 20% increased damage. Stacks 10 times. Lasts 10 sec.",20,0,0,0,0,0,0,0
General,General1,Talent,"Inner Hunt",277505,"Non-hunter melee abilities grant Inner Hunt.    This effect can only occur once every 8 sec and only from abilities that trigger the global cooldown.    Inner Hunt Your next Mongoose Bite and Counterattack deals 60% increased damage, ignores 60% of the target's armor and does not trigger its cooldown. Lasts for 15 sec.    Mongoose Bite and Counterattacks damage is increased by 25% versus players.",10,0,0,0,0,0,0,0
General,General1,Talent,"Insatiable",284386,"Your Taste for Blood now stacks up to 3 times and increases your next Overpower's damage by an additional 15%.",25,0,0,0,0,0,0,0
General,General1,Talent,"Instigator",977915,"Your Ghostly Strike and Riposte abilities deal 20% increased damage when used on a target above 75% health.",11,0,0,0,0,0,0,0
General,General1,Talent,"Jab Cross",284312,"Dealing damage with Devastate increases the critical strike chance and damage of your next 2 spells or abilities by 10%.",10,0,0,0,0,0,0,0
General,General1,Talent,"Jadefire Affliction",285707,"Your Everlasting Affliction also triggers from Fireball, Incinerate or Soul Fire.",10,0,0,0,0,0,0,0
General,General1,Talent,"Judge, Jury, Executioner",282279,"Your Judgements now grant 30 rage and cause your next Execute to ignore 100% of the target's armor.",10,0,0,0,0,0,0,0
General,General1,Talent,"Judged Infection",299990,"Dealing damage with a Judgement increases the damage the target takes from your Blood Plague by 20% for 15 seconds.",4,0,0,0,0,0,0,0
General,General1,Talent,"Judged Retaliation",299952,"Your Judgements have a 50% chance to allow the use of Counterattack for 10 seconds and reset its cooldown.",22,0,0,0,0,0,0,0
General,General1,Talent,"Judgement of Mercy",278518,"Requires  Path of Healing  Your Holy abilities and heals have a 25% chance to cause your next Judgement to heal 5 nearby allies within 40 yards of the target.    Judgement of Mercy's healing scales with Judgement damage modifiers.    Does not work while Seal of Fervor is active.",10,0,0,0,0,0,0,0
General,General1,Talent,"Kindles for Holy Fire",270327,"Dealing direct damage with Fire spells and abilities grants you Kindles for Holy Fire.      Kindles for Holy Fire Increases the direct damage of your next Holy Fire by 20%. Stacks up to 3 times and lasts for 15 sec.",10,0,0,0,0,0,0,0
General,General1,Talent,"Knight of the Eclipse",274526,"Dealing damage with Sinister Strike, Slam, or Whirlwind grants you Knight of the Eclipse.      Knight of the Eclipse Reduces the cast time of your next Wrath, Starfire or Starsurge by 50% and increases its damage by 15%. Against monsters, these spells deal an additional 20% damage per stack.  Stacks up to 2 times and lasts 12 sec.",10,0,0,0,0,0,0,0
General,General1,Talent,"Lava Freeze",273560,"Dealing damage with Lava Lash now grants you Solid Ice.     Solid Ice Increases the damage of Ice Lance, Cone of Cold, Frostbolt and Deep Freeze by 8%. Stacks up to 2 times and lasts 15 sec.",20,0,0,0,0,0,0,0
General,General1,Talent,"Lava Rush",965261,"Your Lava Lash ability has a 25% chance to grant your party 5% melee haste for 10 sec.",11,0,0,0,0,0,0,0
General,General1,Talent,"Lava Surge",277930,"Flame Shock damage over time has a 15% chance to reset the cooldown of Lava Burst.",22,0,0,0,0,0,0,0
General,General1,Talent,"Leader of the Elements",277165,"Dealing damage with Stormstrike or Lava Lash reduces the cooldown of your Greater Elemental Totems by 10 seconds.  Casting Shaman Shocks or Elemental Blast grants your Greater Elementals and Tether Elemental Leader of the Elements. This effect can only occur once every 20 sec from the same spell.   Leader of the Elements Increases the damage your Greater Elementals deal by 30% and your Tethered Elemental does by 15%. Stacks up to 4 times and lasts 10 sec.",60,0,0,0,0,0,0,0
General,General1,Talent,"Legacy of the Arcanist",271284,"Dealing direct damage with Arcane, Fire, Frost, and Nature empowers your next Meteor cast with its own element.  Casting Meteor unleashes the stored elements, causing 185 damage to the target and up to 2 additional targets.  |nWhen casting spells involving multiple elements, only the Meteor corresponding to the first element in the order of Fire, Nature, Frost, and Arcane will trigger.",36,0,0,0,0,0,0,0
General,General1,Talent,"Lesser Frozen Light",271321,"Your direct Holy heals now apply Lesser Frozen Light.    Lesser Frozen Light Increases the healing received from your Cryotherapist by 10%. Lasts for 16 sec.",10,0,0,0,0,0,0,0
General,General1,Talent,"Lich's Calling",277470,"Dealing damage with Cone of Cold, Deep Freeze or Howling Blast afflicts your target with Lich's Calling.      Lich's Calling Increase the effectiveness of your Frost periodic effects on the target by 30%. Has 8 charges. Lasts 15 sec.",16,0,0,0,0,0,0,0
General,General1,Talent,"Light of Life",271489,"Halo heals allies hit for 3 every 2 sec for 6 sec and extends the duration of Renew by 6 sec.    Direct Holy heals reduce the cooldown of Halo by 2 sec.    Renew cannot be extended past its maximum duration.",36,0,0,0,0,0,0,0
General,General1,Talent,"Lightning Discharge",283317,"While casting Lightning Bolt or Chain Lightning, your Lightning Shield deals double damage and releases pure energy, stunning nearby enemies for 2.50 sec.    This effect can only occur once every 20 sec.",10,0,0,0,0,0,0,0
General,General1,Talent,"Lightning Eclipses",271665,"Solar Eclipse increases the damage of Lightning Bolt and Chain Lightning by 25%.    Lunar Eclipse increases the critical strike chance of Lightning Bolt and Chain Lightning by 25%.    Lightning Bolt and Chain Lightning extend Solar Eclipse and Lunar Eclipse by 0.3 sec.",30,0,0,0,0,0,0,0
General,General1,Talent,"Lightning Rod",271175,"Requires  Path of Healing Dealing damage with Lightning Bolt now applies Lightning Rod and your Living Lightning critical strikes and healing grant you charges of Living Lightning Rod.    Lightning Rod Critically healing an ally with a direct Nature heal strikes your Lightning Rod with a Lightning Bolt.    Only one target can be affected by Lightning Rod at a time. This effect cannot trigger from periodic, or channeled spells.   Living Lightning Rod Increases the damage of your next Lightning Bolt or Lightning Rod strike by 100%. Stores up to 5 charges and lasts for 12 sec.    Living Lightning can grant multiple charges per cast.",10,0,0,0,0,0,0,0
General,General1,Talent,"Lightning Strikes Twice",281324,"Removes the cooldown on Chain Lightning, but reduces its damage dealt by 10%.",22,0,0,0,0,0,0,0
General,General1,Talent,"Locust Ranger",271746,"When Steady Shot hits a target stung by your Serpent Sting it triggers your Wild Quiver talent.",30,0,0,0,0,0,0,0
General,General1,Talent,"Locust Resurgence",271740,"Casting Steady Shot now reduces the cooldown of Chimera Shot by 1 seconds.",40,0,0,0,0,0,0,0
General,General1,Talent,"Low Tide",270391,"Increases your chance to critically heal your Riptide target with Nature spells by 20%.",20,0,0,0,0,0,0,0
General,General1,Talent,"Lunar Explosion",282355,"Periodic Moonfire damage has a 10% chance to grant you Lunar Explosion.    Lunar Explosion Your next Arcane Explosion has 100% increased critical strike chance.",10,0,0,0,0,0,0,0
General,General1,Talent,"Lunar Fire",274980,"Dealing direct Fire damage can now trigger Eclipse (Lunar).",30,0,0,0,0,0,0,0
General,General1,Talent,"Lunar Frenzy",272247,"Entering Lunar or Solar Eclipse now grants you Owlkin Frenzy.    Owlkin Frenzy While in Moonkin Form, attacks against you have an 8% chance to trigger a Frenzy, increasing your damage done by 5%.     This also grants immunity to casting pushback for Balance spells and restores 2% base mana every 2 sec. Lasts 10 sec.",30,0,0,0,0,0,0,0
General,General1,Talent,"Lunar Marksmanship",299944,"During Eclipse (Lunar), Arcane Shot has 50% reduced cooldown and has 30% increased critical strike chance.",25,0,0,0,0,0,0,0
General,General1,Talent,"Lunar Spirits",282353,"Your Arcane Missile strikes against enemies affected by your Moonfire unleash Lunar Spirits on 5 nearby enemies within 10 yards.      Lunar Spirits Burns the enemy for 9 Arcane damage every 3 for 9 sec.",10,0,0,0,0,0,0,0
General,General1,Talent,"Lunar Synergy",282083,"Dealing damage with Arcane Missiles can now trigger Lunar Eclipse or extend its duration by 0.5 and duration of Owlkin Frenzy by 0.3 seconds.",36,0,0,0,0,0,0,0
General,General1,Talent,"Lurking Shadow",101276,"Increases your threat generated by Shadow damage by 40%.  Reduces all damage taken by 2%.",11,0,0,0,0,0,0,0
General,General1,Talent,"Lycan Claws",275749,"Dealing damage with Rake, Rip, Pounce or Arugal's Gift now has a 100% chance to deal an additional 2 Shadow damage and grants you Mind Shock.    Lycan Claws deal 100% increased damage while in Worgen Form.    Mind Shock Resets the cooldown of Mind Blast and your next Mind Blast costs no mana and has no cooldown.",10,0,0,0,0,0,0,0
General,General1,Talent,"Madness of the Old Gods",272960,"Summoning Tentacle of the Old Gods grants you Madness of the Old Gods.    Madness of the Old Gods Whispers of madness increase all damage done by 5%. Lasts 15 sec.",10,0,0,0,0,0,0,0
General,General1,Talent,"Maelstrom",278420,"Dealing damage with Lightning Overload from Lightning Bolt and Chain Lightning grants one stack of Maelstrom. Dealing damage with Stormstrike and Lava Burst grants two.      Maelstrom Upon reaching 40 stacks, casting Earth Shock grants Unleashed Maelstrom.    Unleashed Maelstrom Your critical strikes from Lava Burst, direct Shaman Nature damage spells and abilities shock the target for an additional 70% of your spell's damage.",22,0,0,0,0,0,0,0
General,General1,Talent,"Magical Ammunition",277515,"Damaging spells grant you Magical Ammunition.      Magical Ammunition Increases the amount of your next Multi-Shot projectiles by 1. Stacks up to 5 times and lasts 15 sec.",18,0,0,0,0,0,0,0
General,General1,Talent,"Maledictive Assault",271400,"Requires  Bear Form (Shapeshift) While Nightfall or Backlash is active, your Shadow Bolt can be cast while in Bear Form and hits two additional targets for reduced damage.",15,0,0,0,0,0,0,0
General,General1,Talent,"Mana Leech",281766,"Your Mana Burn eliminates 30% more mana, but deals 30% less damage, with a 30% higher mana cost and an additional 8 second cooldown.",24,0,0,0,0,0,0,0
General,General1,Talent,"Martial Crescendo",271051,"Each unique direct damage Physical ability now grants you Martial Crescendo.      Martial Crescendo Increases your Attack Speed by 6%. Stacks up to 5 times and lasts for 8 sec. Dealing magic damage resets all stacks. The duration cannot be refreshed.",10,0,0,0,0,0,0,0
General,General1,Talent,"Mass Killing Spree",283140,"Killing Spree hits also deal weapon damage to 5 nearby enemies.",40,0,0,0,0,0,0,0
General,General1,Talent,"Massacre",283139,"Killing Spree applies Massacre to all targets hit.  Killing an enemy that grants experience or honor decreases the cooldown of Killing Spree by 10 seconds.    Massacre Increases your damage dealt to the target by 3%, stacks up to 5 times and lasts 15 sec.    Deals 1% increased damage against players",40,0,0,0,0,0,0,0
General,General1,Talent,"Master Assassin",281555,"While Shadow Dance is active your Garrote hits 4 nearby targets. Activating Shadow Dance increases the damage of your Rogue bleed effects by 20% for 12 seconds.",14,0,0,0,0,0,0,0
General,General1,Talent,"Master of Arms",284000,"After using Overpower, Slam or Execute you gain Mortal Arms.      Mortal Arms Your next Mortal Strike increases your Armor Penetration rating by 7% of your Strength per stack for 12 sec. Stacks up to 2.",30,0,0,0,0,0,0,0
General,General1,Talent,"Master of Kunai",277475,"Using Adrenaline Rush grants Master of Kunai.    Using Shuriken Toss reduces the cooldown of Adrenaline Rush by 3 sec.      Master of Kunai Your Shuriken Toss and Glaive Toss hit an additional 2 targets. Lasts 20 sec.    Hitting an enemy with Shuriken Toss increases the damage of your next Deadly Throw or Glaive Toss by 70%, stacking up to 3 times.    Increases damage against players by 5% per stack.",30,0,0,0,0,0,0,0
General,General1,Talent,"Master of Shadows",275491,"Direct critical strikes with Sinister Strike, Gloomblade and Ambush now grant you Apprentice of Shadows.    Apprentice of Shadows Using Rupture and Eviscerate consume 3 stacks to grant you Master of Shadows. Stacks up to 3 times and lasts for 8 sec.    Master of Shadows Increases Shadow damage dealt by 18% and Shadow spell critical strike chance by 10%. Lasts 12 sec.",10,0,0,0,0,0,0,0
General,General1,Talent,"Master's Meatshield",275965,"Your Drain Life also heals your Tamed Pet.    Tamed Pet includes Summoned Demon, Enslave Demon, Dominate Undead, Tame Dragonkin or Tether Elemental, and Tame Beast.",14,0,0,0,0,0,0,0
General,General1,Talent,"Mastery of the Tide",274948,"Your Riptide no longer gets consumed.",40,0,0,0,0,0,0,0
General,General1,Talent,"Melting Core",285427,"Dealing periodic Fire damage now has a 3% chance to grant you Molten Core.    Molten Core Increases the duration of your Immolate by 9 sec, and you have a 12% chance to gain the Molten Core effect when your Corruption deals damage. The Molten Core effect empowers your next 3 Incinerate or Soul Fire spells cast within 15 sec.    Incinerate - Increases damage done by 18% and reduces cast time by 30%.    Soul Fire - Increases damage done by 18% and increases critical strike chance by 15%.",20,0,0,0,0,0,0,0
General,General1,Talent,"Mending Hands",281724,"Lay on Hands now affects all allies within an 8-yard radius but has a 2 second cast time.",10,0,0,0,0,0,0,0
General,General1,Talent,"Mending Tide",272657,"Requires  Path of Healing Riptide now applies Mending Tides.  Healing with Mending Tides applies Mending Chains.  Only one target can be affected by Mending Tides at a time.   Mending Tide Heals the target and 5 nearby allies within 8 yards for 7 every two seconds for 6 sec.   Mending Chains Your Chain Heal deals 15% increased healing to the target. Lasts 3 sec.",20,0,0,0,0,0,0,0
General,General1,Talent,"Methodical Approach",285485,"Backstab, Ambush and Hemorrhage now ignores up to 30% of the target's armor.",18,0,0,0,0,0,0,0
General,General1,Talent,"Midnight Flames",274642,"Dealing direct damage with Fireball, Fire Blast and Pyroblast now applies Midnight Flames.    Midnight Flames Your Immolate and Shadowflame deal 15% increased damage. Stacks up to 5 times and lasts for 12 sec. Conflagrate consumes this effect.",10,0,0,0,0,0,0,0
General,General1,Talent,"Mind Core",283042,"When you gain Molten Core you also gain Mind Core.    Mind Core Your next Mind Blast deals 40% increased damage and reduces the cooldown of Void Eruption by 6 seconds. Lasts for 30 sec.",25,0,0,0,0,0,0,0
General,General1,Talent,"Molten Ammo",277818,"Explosive Shot empowers Steady Shot, Multi-Shot, and Aimed Shot causing them to deal extra Fire damage for 5 sec.",40,0,0,0,0,0,0,0
General,General1,Talent,"Molten Earth",272623,"Your Lava Lash releases Molten Earth on the ground.    Molten Earth Burns enemies in the area, dealing 61 Fire damage every second for 8 sec.    This uses Fire Nova modifiers.",20,0,0,0,0,0,0,0
General,General1,Talent,"Molten Outburst",283471,"Dealing damage to an enemy standing in your Earthquake with a non-instant Fire spell causes an eruption, dealing 6 Fire damage to nearby enemies and knocking players into the air.    This effect can only occur once every 10 sec.",20,0,0,0,0,0,0,0
General,General1,Talent,"Momentum",286217,"Grappling Hook now grants you Momentum.    Momentum Your movement speed is increased by 40% and the damage of your Rogue abilities is increased by 10% for 6 sec.",28,0,0,0,0,0,0,0
General,General1,Talent,"Mongoose Fury",284482,"Dealing damage with Mongoose Bite grants you Mongoose Fury.    Mongoose Fury Your next Execute deals 35% more damage and can be cast regardless of the target's health. Lasts 8 sec.",24,0,0,0,0,0,0,0
General,General1,Talent,"Mortal Wounds",282322,"Your Mortal Strike now slows targets by 35% for 6 sec if they have above 50% health.",30,0,0,0,0,0,0,0
General,General1,Talent,"Multi-Multi-Shot",970114,"Your Multi-Shot and Focused Burst fire 3 additional projectiles.",18,0,0,0,0,0,0,0
General,General1,Talent,"Mystic Companion",281958,"Your Tamed Pet's auto attacks now deal Arcane damage.    Your Tamed Pet's auto attacks can only be transformed to one damage type at once.    Tamed Pet includes Summoned Demon, Enslave Demon, Dominate Undead, Tame Dragonkin, Tether Elemental, Summoned Ghoul, and Tame Beast.",10,0,0,0,0,0,0,0
General,General1,Talent,"Mystical Pursuit",299984,"Dealing damage with Arcane Missiles grants 2 charges of Mystical Pursuit, up to 5 charges. Your next Seal of Arcane Wrath also triggers from your off-hand weapon.",10,0,0,0,0,0,0,0
General,General1,Talent,"Natural Destruction",283031,"Nature's Grace also grants you Natural Destruction.      Natural Destruction Critically striking with Fire spells consumes a stack to grant 20% spell haste for 4 sec. Stacks up to 5 times and lasts 30 sec.    Does not stack with Nature's Grace.",20,0,0,0,0,0,0,0
General,General1,Talent,"Natural Disaster",101279,"Increases your threat generated by Nature damage by 40%.  Reduces all damage taken by 2%.",11,0,0,0,0,0,0,0
General,General1,Talent,"Natural Energy",272551,"Your Mutilate critical strikes restore 5 energy and an additional 10 energy over 3 sec.",20,0,0,0,0,0,0,0
General,General1,Talent,"Natural Penance",274947,"Critical heals with direct Nature spells reduce the active cooldown of Penance by 1 second.",20,0,0,0,0,0,0,0
General,General1,Talent,"Natural Selection",278135,"Casting Sinister Strike, Wrath, Starfire and Starsurge extends the duration of Insect Swarm on your target by 1.5 seconds.    This can occur up to 15 times before this effect goes on 15 sec cooldown.    Additionally, Insect Swarm now benefits from spell haste.",22,0,0,0,0,0,0,0
General,General1,Talent,"Natural Synergy",283325,"Your direct Shaman heals now increase your next Regrowth's direct healing and critical chance by 15%. Stacks up to 4 times and lasts 15 sec.    Can trigger only once per cast.",10,0,0,0,0,0,0,0
General,General1,Talent,"Natural Zeal",283157,"Your Nature heals reduce Divine Favor's cooldown by 2 seconds.",22,0,0,0,0,0,0,0
General,General1,Talent,"Nature's Fervor",272282,"When you fully apply Lacerate to an enemy, you gain Nature's Fervor.    Nature's Fervor Empowers your next ability:  Mangle (Bear): Reduces the target's armor by 20% for 20 sec.    Faerie Fire (Feral): Reduces your physical damage taken by 10% for 8 sec.    Lacerate: Next application deals 100% increased direct damage and increases the threat generated from Physical sources by 8% for 10 sec.",10,0,0,0,0,0,0,0
General,General1,Talent,"Nature's Flow",285219,"Critically healing with a direct Shaman spell reduces the cooldown of your Nature's Swiftness by 3 seconds.",22,0,0,0,0,0,0,0
General,General1,Talent,"Necromancer's Touch",275963,"Your Dominate Undead, Enslave Demon or Summoned Ghoul pet's attacks now afflicts targets with Necromancer's Touch.    Necromancer's Touch Increases damage dealt to the target with your next Drain Life and Drain Soul by 5%  and your Grave Coil by 5%. Stacks up to 10 times and lasts 8 sec.",10,0,0,0,0,0,0,0
General,General1,Talent,"New Moon",281542,"Damaging non-instant spell casts increase the duration of your Moonfire by 1 sec.",10,0,0,0,0,0,0,0
General,General1,Talent,"Nightmare Mauling",271401,"Dealing damage with Maul and Mangle (Bear) now applies Corruption.    Dealing damage with Swipe (Bear) drains life from targets afflicted by your Corruption.",10,0,0,0,0,0,0,0
General,General1,Talent,"Northern Winds",281330,"Frost Shock increases your movement speed by 30% for 3 sec, but no longer slows your target.",20,0,0,0,0,0,0,0
General,General1,Talent,"Nurtured Embers",970155,"Increases the duration of your Flamestrike ability by 2 seconds.",16,0,0,0,0,0,0,0
General,General1,Talent,"On the Hunt",282164,"Increases the duration of Mend Pet by 6 sec. Mend Pet increases the damage of your Tamed Pet by 15%.  Tamed Pet includes Summoned Demon, Enslave Demon, Dominate Undead, Tame Dragonkin, Tether Elemental, Summoned Ghoul, and Tame Beast.",12,0,0,0,0,0,0,0
General,General1,Talent,"One with the Forest",283209,"Your melee critical strikes while in Bear Form extend Barkskin's duration by 1 second.  This effect can only occur once every 1 sec.",36,0,0,0,0,0,0,0
General,General1,Talent,"One With The Light",275358,"Sacrifice your physical self, reducing Physical damage dealt by 35% to empower your Crusader Strike and Divine Storm, causing them to deal additional Holy damage and gain additional Holy power scaling.    This effect can be toggled on and off.    Reduces physical damage versus players by 30%.",10,0,0,0,0,0,0,0
General,General1,Talent,"Onslaught",275913,"Using Colossus Smash now grants you Onslaught.    Onslaught Your next Execute can be used regardless of the target's health, and its damage is increased by 40%.",30,0,0,0,0,0,0,0
General,General1,Talent,"Overflow",273415,"Your direct Nature heals with a cast time also heal an additional party or raid member within 8 yards for 30% of the healing done.",10,0,0,0,0,0,0,0
General,General1,Talent,"Overflowing Cultivation",273422,"Your Overflowing also causes Chain Heal to apply Living Seed.",40,0,0,0,0,0,0,0
General,General1,Talent,"Overflowing Grace",273424,"Your Overflowing also causes your next Chain Heal to grant Nature's Grace.    Nature's Grace Increases your haste by 20% for 4 sec.",40,0,0,0,0,0,0,0
General,General1,Talent,"Overload Mastery",281411,"Your Lightning Bolt and Chain Lightning have a 22% chance to instantly cast a second time on the target for half damage. This can also trigger from Lightning Overload and similar effects.",10,0,0,0,0,0,0,0
General,General1,Talent,"Overwhelming Rage",273663,"Your maximum rage is increased by 100.",10,0,0,0,0,0,0,0
General,General1,Talent,"Pack Alpha",281402,"Summoning Feral Spirits grants you Pack Alpha.    Dealing damage with Stormstrike or Lava Lash extends Pack Alpha's duration by 1 seconds and reduces Feral Spirit's cooldown by 3 seconds.      Pack Alpha Haste increased by 20%. Lasts for 8 sec.",40,0,0,0,0,0,0,0
General,General1,Talent,"Pack Enhancement",277190,"Dealing damage with Shaman Weapon Enhancements grants you Commands. These stack up to 5 times and last 30 sec. Casting Feral Spirits consumes your Commands, empowering your Feral Spirits based on the Command stacks consumed.    Command of Precision Granted from dealing damage with Flametongue Weapon.   Consuming this increases critical strike chance of your Feral Spirits by 10% per stack for 30 sec.   Command of Might Granted from dealing damage with Frostbrand Weapon.   Consuming this increases damage of your Feral Spirits by 10% per stack for 30 sec   Command of Fury Granted from dealing damage with Windfury Weapon.   Consuming this increases haste of your Feral Spirits by 10% per stack for 30 sec.",60,0,0,0,0,0,0,0
General,General1,Talent,"Pack Leader",277566,"When Maelstrom Weapon is consumed at max stacks, you gain Pack Leader.  Pack Leader reduces the healing from Spirit Wolves by 70%.    Pack Leader Increases the duration of your next Feral Spirits by 2 sec.   Increases the amount of Feral Spirits spawned by 1. Stacks up to 5 times and lasts 25 sec.",40,0,0,0,0,0,0,0
General,General1,Talent,"Pack Tactics",275089,"Dealing damage with combo point generating abilities now grants your Tamed Pet Pack Tactics.      Pack Tactics Increases your Tamed Pet's damage by 5% and reduces their damage taken by 8%. Stacks up to 5 times and lasts 10 sec.    Deals 15% additional damage against players.    Tamed Pet includes Summoned Demon, Enslave Demon, Dominate Undead, Tame Dragonkin or Tether Elemental, and Tame Beast.",10,0,0,0,0,0,0,0
General,General1,Talent,"Paragon of Light",273748,"Dealing direct damage with Holy spells increases your spell critical strike chance by 1%. Stacks up to 10 times. Lasts 15 sec.   At max stacks, the duration cannot be refreshed.",10,0,0,0,0,0,0,0
General,General1,Talent,"Pendulum",281794,"Receive 3% spell haste while above 50% mana and 3% spell critical strike chance while below 50% mana.",10,0,0,0,0,0,0,0
General,General1,Talent,"Penitent Reload",288977,"Dealing damage with Penance makes your next Steady Shot instant. Holds up to 3 charges.",40,0,0,0,0,0,0,0
General,General1,Talent,"Perforation",281553,"When your Rend deals damage, it increases the duration of your Garrote by 1 second.",14,0,0,0,0,0,0,0
General,General1,Talent,"Permafrost Wound",299968,"Deep Freeze also causes the target to bleed for 270 Froststrike damage over 9 seconds.     Dealing damage with Mongoose Bite or Raptor Strike extends the bleed by 1 sec.",40,0,0,0,0,0,0,0
General,General1,Talent,"Pestilent Reprisal",299974,"Using Obliterate causes your next Counterattack within 15 sec to deal 20% increased damage for each of your diseases on the target.",20,0,0,0,0,0,0,0
General,General1,Talent,"Phalanx Strike",274318,"Damaging Rogue combo point generators grant you Phalanx Strike.    Phalanx Strike Increases the damage of Shield Strike by 15% and Javelin by 15%. Stacks up to 5 times and lasts 15 sec.    The duration is not refreshed when gaining stacks.",10,0,0,0,0,0,0,0
General,General1,Talent,"Photosynthesis",287852,"While your Lifebloom is on an ally, your nature periodic heals on them have a 10% chance to cause it to bloom. Lifeblooms bloomed this way do not get consumed.    This effect does not trigger when Lifebloom is on yourself",36,0,0,0,0,0,0,0
General,General1,Talent,"Physics in Practice",277460,"Your Deadly Throw and Shuriken Toss deal increased damage based on the movement speed bonus of your active Sprint.    The damage increase is 15% as effective versus players.",34,0,0,0,0,0,0,0
General,General1,Talent,"Pious Strikes",282014,"Your Hammer of the Righteous and Avenger's Shield unleash Pious Strikes on the first target hit.    Pious Strikes Light explodes from the target, dealing -94 Holy damage to enemies and -7 Holy healing to allies within 10 yards.    This uses Holy Nova modifiers and causes no threat.",36,0,0,0,0,0,0,0
General,General1,Talent,"Plague Bearer",270354,"Dealing damage with Mangle (Bear) now applies Rabies.      Rabies The target takes 1 increased Physical damage from all sources, 5% increased damage from you. Lasts for 15 sec.",20,0,0,0,0,0,0,0
General,General1,Talent,"Plagueblade Technique",288970,"Plague Strike afflicts the target with Plagueblade.      Plagueblade Increases poison and disease damage you deal to this target by 5% per stack. Stacks up to 3 times. Lasts 15 sec.",40,0,0,0,0,0,0,0
General,General1,Talent,"Poison Bomb Combo",284168,"Casting Eviscerate, Envenom, Poison Nova, or Crimson Tempest reduces the remaining cooldown of Poison Bomb by 4 seconds and grants you a stack of Poison Bomb Counter.      Poison Bomb Combo Causes your Poison Bomb to deal 19 Nature damage   This damaged is increased by each Poison Bomb Combo stacks stacking up to 3 times.",20,0,0,0,0,0,0,0
General,General1,Talent,"Power of Generosity",284341,"Casting Power Infusion on an ally grants you Power of Generosity.    Power of Generosity Infuses yourself with power, increasing spell casting speed by 10% and reducing the mana cost of all spells by 10%.  Lasts 15 sec.",30,0,0,0,0,0,0,0
General,General1,Talent,"Power Overwhelming",283578,"Dealing direct damage with spells and abilities now reduces the cooldown of your Arcane Power and Presence of Mind by 1.5 seconds.    This can only occur from abilities that trigger the global cooldown.",30,0,0,0,0,0,0,0
General,General1,Talent,"Prayers of the Penitent",285632,"Casting Prayer of Healing immediately after Penance will now unleash a Penance missile that bounces 4 nearby enemies.    This effect can only occur once every 6 sec.",40,0,0,0,0,0,0,0
General,General1,Talent,"Precision Impact",290200,"Casting Meteor, Fireball and Pyroblast has a 20% chance to reset the cooldown of your Meteor.",36,0,0,0,0,0,0,0
General,General1,Talent,"Predator's Focus",273639,"Casting Wrath in Cat Form now restores 20 energy and additional 10 energy every 2 sec over 4 seconds.",10,0,0,0,0,0,0,0
General,General1,Talent,"Predator's Wrath",273638,"Casting Wrath now grants you Predator's Wrath.    Predator's Wrath Your Cat Form abilities deal an additional 4 Nature damage. Lasts 6 sec.    Deals increased damage for single target abilities.",10,0,0,0,0,0,0,0
General,General1,Talent,"Preservation",276273,"Prayer of Preservation now grants Preservation to injured allies.    Preservation Your next direct heal on this ally consumes Preservation, healing 3 nearby additional allies for 14 each, granting Shield of Preservation and reducing the cooldown of Prayer of Preservation by 3 sec. Lasts for 10 sec.   Shield of Preservation Reduces the damage taken from area of effect attacks by 30%. Lasts for 3 sec.",30,0,0,0,0,0,0,0
General,General1,Talent,"Primal Frenzy",283541,"Dealing damage with Rip and Rake now has a 15% chance to increase your damage done by 8%. Lasts for 10 sec.",10,0,0,0,0,0,0,0
General,General1,Talent,"Primal Tide",285260,"Every fourth cast of Riptide grants you Primal Tide.    Primal Tide Your next Riptide applies to 2 additional nearby allies and its duration is increased by 12 seconds.",40,0,0,0,0,0,0,0
General,General1,Talent,"Primordial Aftershocks",276600,"Your Elemental Blast and Lava Burst critical strikes now reduce the cooldown of your Shaman Shocks by 6 seconds.",22,0,0,0,0,0,0,0
General,General1,Talent,"Primordial Fury",273488,"When Maelstrom Weapon is consumed at max stacks, you gain Primordial Fury.    Primordial Fury Your critical strikes with direct damage abilities and spells now consume 50 rage to deal 50% weapon damage plus 3 as Elemental damage.",40,0,0,0,0,0,0,0
General,General1,Talent,"Prison Tactics",282068,"Dealing damage with Shiv grants you Prison Tactics.    Prison Tactics Your next two combo point generating Rogue abilities have 35% increased armor penetration, and cost 10% less energy, except for Shiv. Lasts for 10 sec.",40,0,0,0,0,0,0,0
General,General1,Talent,"Prophet of Wrath",275427,"Dealing direct damage with Arcane spells extends the duration of Divine Illumination by 0.5 seconds.    Crusader Strike, Divine Storm and Judgement casts extend it by 1 seconds.    Casting Smite, Holy Fire and Holy Shock now reduces the cooldown of Divine Illumination by 3 seconds.",36,0,0,0,0,0,0,0
General,General1,Talent,"Prophetic Focus",270632,"Damaging hits with Smite, Holy Fire and Penance reduce the cooldown of Inner Focus by 3 seconds.  Inner Focus grants 10 stacks of Dominant Shield, but has a base 3 minute cooldown.  The cooldown can only be reduced by Penance every 2 sec.   Dominant Shield Increases the amount absorbed by your next Power Word: Shield by 15%, but reduces its duration by 1 sec. Stacks up to 10 times. Lasts 10 sec.",20,0,0,0,0,0,0,0
General,General1,Talent,"Providing for Nature",283032,"Casting Entangling Roots, Mass Entanglement, Nature's Grasp, or Hypnosis now grants you Nature's Grace.    Nature's Grace Increases your haste by 20% for 4 sec.",20,0,0,0,0,0,0,0
General,General1,Talent,"Psychic Influence",284092,"Channeling Mind Flay now causes your target to take 30% increased damage from your Shadow Word: Pain, Devouring Plague and Vampiric Touch.",20,0,0,0,0,0,0,0
General,General1,Talent,"Punisher",283883,"Increases the critical strike chance of Riposte by 15%.     Riposte now afflicts players with Unrelenting Assault and interrupts creature spellcasting.    This effect can only occur once every 20 sec.    Unrelenting Assault Healing and magical damage done reduced by 50%. Lasts for 6 sec.",20,0,0,0,0,0,0,0
General,General1,Talent,"Pure Shadow",273453,"Casting Shadow Bolt, Shadowburn and Shadow Word: Death draws power from your enemies, granting you Pure Shadow.     Pure Shadow Increases your Shadow critical strike chance and Shadow damage done by 1%. Stacks up to 5 times and lasts 18 sec.",10,0,0,0,0,0,0,0
General,General1,Talent,"Purification By Light",270766,"Your direct weapon damage based spells and abilities now have a chance to exorcise the target, dealing 31 Holy damage and consecrating the ground beneath them, dealing 5 Holy damage to enemies in the area every second for 8 sec.    This uses Exorcism and Consecration modifiers",10,0,0,0,0,0,0,0
General,General1,Talent,"Pyroclasmic Ignition",271125,"Increases the damage of your Explosive Shot by 20% against targets afflicted by your Living Bomb.",40,0,0,0,0,0,0,0
General,General1,Talent,"Pyroclasmic Shadows",276551,"While Pyroclasm is active, your Shadow Bolt now deals 25% increased damage.    Shadow Bolt deals 15% increased damage against players.",30,0,0,0,0,0,0,0
General,General1,Talent,"Pyrolysis",271544,"Dealing damage with Pyroblast refreshes the duration of your Corruption.",16,0,0,0,0,0,0,0
General,General1,Talent,"Pyroshot",284161,"Pyroblast now grants you Fiery Shrapnel.    Fiery Shrapnel Your next 4 Aimed Shots, Chimera Shots, or Kill Shots unleash fiery shrapnel triggering your Living Bomb's explosion without consuming it. This effect lasts for 20 sec.",20,0,0,0,0,0,0,0
General,General1,Talent,"Quick Burn",281782,"Your melee strikes have a chance to grant you Quick Burn.    Quick Burn The cast time of your next Mana Burn is reduced by 75%. Lasts 8 sec.",24,0,0,0,0,0,0,0
General,General1,Talent,"Quick on Your Feet",284475,"Using Heroic Leap, Colossus Smash or Warbreaker grants you Quick on Your Feet.    Quick on Your Feet Increases your movement speed by 60% for 3 sec.",30,0,0,0,0,0,0,0
General,General1,Talent,"Radiant Renewal",272991,"Reduces the mana cost of Renew by 50% and increases its periodic healing by 20%.",10,0,0,0,0,0,0,0
General,General1,Talent,"Ragefire Cleave",284950,"When you Cleave an enemy affected by your Fireball or Ignite you gain Ragefire.    Ragefire Your Attack speed is increased by 2%, stacks up to 6 times and lasts 12 sec.     While at max stacks, your next Cleave is infused with ragefire, dealing additional weapon damage plus 15 as Fire.",10,0,0,0,0,0,0,0
General,General1,Talent,"Raging Momentum",285362,"Using Death Wish, Hunger for Blood, Bloodrage, Recklessness, Berserker Rage or Bestial Wrath will now randomly reduce the cooldown of one of the other abilities by 3 seconds.    Abilities can be chosen even if they're not on cooldown or known.",10,0,0,0,0,0,0,0
General,General1,Talent,"Raging Onslaught",275920,"Raging Blow deals 40% increased damage, and has a 20% chance to refund a charge.",28,0,0,0,0,0,0,0
General,General1,Talent,"Raging Riptide",278190,"Casting Healing Rain will trigger 139 Nature healing on all targets affected by your Riptide.",40,0,0,0,0,0,0,0
General,General1,Talent,"Raging Thunder",965234,"Reduces the cost of your Thunder Clap ability by 2 rage points and increases its radius by 10%.",11,0,0,0,0,0,0,0
General,General1,Talent,"Raincaller",285839,"Your nature periodic healing over time has a 25% chance to reduce the cooldown of Healing Rain by 1 second.",24,0,0,0,0,0,0,0
General,General1,Talent,"Raising Hell",281336,"When you cast Hellfire, your summoned demon unleashes its own Hellfire.",30,0,0,0,0,0,0,0
General,General1,Talent,"Rapid Bloodthirst",273712,"Reduces the global cooldown of Bloodthirst by 33%.",30,0,0,0,0,0,0,0
General,General1,Talent,"Rapid Shatter",284396,"You can now immediately follow-up Frostbolt while it is still in the air with another Mage spell, increasing its damage done by 45%.",10,0,0,0,0,0,0,0
General,General1,Talent,"Raptor's Fury",284484,"Dealing damage with Colossus Smash, Counterattack, Execute, and Savage Blade resets the cooldown of Raptor Strike.",24,0,0,0,0,0,0,0
General,General1,Talent,"Raptured Essence",270563,"The mana returned to you from your Rapture is increased by 100%.",35,0,0,0,0,0,0,0
General,General1,Talent,"Razor-sharp Claws",281928,"Your Maul ability now refreshes the duration of Rake on your target.",24,0,0,0,0,0,0,0
General,General1,Talent,"Ready for Mayhem",285017,"Your finishing moves have a 20% chance per combo point to grant Ready for Mayhem.      Ready for Mayhem Reduces the cast time of your next Soul Fire by 2 second. Stacks up to 2. Lasts 12 seconds.",48,0,0,0,0,0,0,0
General,General1,Talent,"Ready to Demolish!",273801,"Consuming max stacks of Demolish empowers your next ability:    - Expose Armor: Increases your armor penetration by 20% for 15 sec.    - Counterattack: Hits 4 additional targets and ignores 100% armor.    - Mongoose Bite: Triggers no cooldown, deals 125% increased damage against monsters, and is guaranteed to critically strike.",30,0,0,0,0,0,0,0
General,General1,Talent,"Reaping Gallows",278400,"Execute deals 40% more damage against targets below 35% health and 80% more damage against targets below 10% health.",16,0,0,0,0,0,0,0
General,General1,Talent,"Redeeming Verdict",278525,"Paladin heals have 25% increased healing and critical effect chance on allies affected by your Execution Sentence.",40,0,0,0,0,0,0,0
General,General1,Talent,"Refilling the Well",282128,"Your direct Holy healing spells reduce the cooldown of Lightwell by 3 seconds.",30,0,0,0,0,0,0,0
General,General1,Talent,"Rejuvenating Swiftness",277620,"Your Swiftmend casts now increase the healing of your Rejuvenations by 40% for 10 sec.    Your Swiftmend now reduces the cooldown of your Spirit of the Forest by 5 sec.",30,0,0,0,0,0,0,0
General,General1,Talent,"Relentless Laceration",282019,"Your Lacerate can stack 3 additional times, and its damage over time effect now benefits from melee haste.",10,0,0,0,0,0,0,0
General,General1,Talent,"Relentless Reflexes",276302,"Your finishing moves grant Relentless Reflexes, increasing dodge chance by 4% per stack. Stacks up to 5 times and lasts 16 sec.    The duration is not refreshed when gaining stacks.",10,0,0,0,0,0,0,0
General,General1,Talent,"Remorseless Execution",273891,"Dealing damage with Execute now grants you Remorseless.    Remorseless Increases the critical strike chance for your next Sinister Strike, Backstab, Mutilate, Ambush, Hemorrhage, or Ghostly strike by 20%.",24,0,0,0,0,0,0,0
General,General1,Talent,"Renewed Energy",964993,"Restores 20% base mana when you kill a target that gives experience or honor. This effect can only occur once every 10 sec.  This enchant does not stack with similar effects.",11,0,0,0,0,0,0,0
General,General1,Talent,"Renewed Through Absolution",272989,"Penance now consumes your Renew to heal your target for an additional 92.    This heal uses Penance heal modifiers.",40,0,0,0,0,0,0,0
General,General1,Talent,"Renewing Light",277720,"Healing with Renew grants you a stack of Renewing Light.      Renewing Light Increases the healing done by your next Circle of Healing by 3%. Stacks 30 times and lasts for 15 sec.",36,0,0,0,0,0,0,0
General,General1,Talent,"Repartee",282227,"Reduces the cooldown of Feint by 4 seconds, and Feint enables the use of Riposte for 6 sec.",20,0,0,0,0,0,0,0
General,General1,Talent,"Repentant Reconciliation",284277,"Damaging Penance missiles now radiate a Circle of Reconciliation upon impact.      Circle of Reconciliation Heals 5 allies within 15 yards of the target for 5.    This healing effect uses Circle of Healing modifiers and scales from your Holy or Nature healing power, whichever is strongest.",40,0,0,0,0,0,0,0
General,General1,Talent,"Reproachful Revenge",965229,"Increases the critical strike chance of your Revenge by 15%.",12,0,0,0,0,0,0,0
General,General1,Talent,"Revengeful Sentinel",299130,"Shield Slam increases the damage of your next Revenge by 20%. Revenge cast this way reduces the remaining cooldown of Shield Wall by 5 sec.",40,0,0,0,0,0,0,0
General,General1,Talent,"Righteous Abjuration",284782,"Your Shield of Righteousness now reduces the cooldown of your Ward spells by 1.5 seconds.",20,0,0,0,0,0,0,0
General,General1,Talent,"Righteous Fire",965412,"Doubles the damage over time effect of your Holy Fire ability and increases its duration by 2 second.",16,0,0,0,0,0,0,0
General,General1,Talent,"Righteous Opportunity",289309,"Dealing direct damage with spells and abilities has a 20% chance to grant you Righteous Opportunity.      Righteous Opportunity Your next Hammer of Wrath may be used regardless of the target's health. Lasts 6 sec.",44,0,0,0,0,0,0,0
General,General1,Talent,"Righteous Radiance",270326,"Casting direct damage Fire spells now grants you Righteous Radiance and increases the duration of Holy Fire on the target by 1 second.      Righteous Radiance Increases the direct damage of your next Holy Fire by 15%.    At 5 stacks, your Holy Fire hits 5 additional targets and triggers your Ignite talent.",20,0,0,0,0,0,0,0
General,General1,Talent,"Righteous Zealot",273121,"Your direct damaging spells and abilities now have a 30% chance to Smite your target, dealing 17 additional Holy damage and healing nearby party members for 23.    This damage uses Smite modifiers and can only occur once every 4.5 sec. Deals 80% damage and healing when triggered against enemy players.",10,0,0,0,0,0,0,0
General,General1,Talent,"Rimebound Shadow",288832,"Your Frost spell or ability damage against targets affected by your Frost Fever has a 25% chance to grant Rimebound Shadow.    Rimebound Shadow Your next Grave Coil triggers a 18 Shadowfrost damage around the target.  This effect can only occur once every 3 sec.",55,0,0,0,0,0,0,0
General,General1,Talent,"Ripping Tempest",275859,"Increases the duration of Crimson Tempest by 4 seconds, and its damage by 40%.",20,0,0,0,0,0,0,0
General,General1,Talent,"Rising Winds",274819,"Windfury weapon deals 50% increased damage against monsters.    Using Whirlwind shortly after Stormstrike makes your next Windfury Weapon not trigger its cooldown.",30,0,0,0,0,0,0,0
General,General1,Talent,"Rising Wrath",285120,"Casting Wrath while in Cat Form now awards 2 combo points",20,0,0,0,0,0,0,0
General,General1,Talent,"Rocket-fueled Fins",970035,"Increases the swim speed of your Aquatic Form by 25%.",16,0,0,0,0,0,0,0
General,General1,Talent,"Rooted in Storm",271165,"Effective direct heals reduce the cooldown of Living Lightning by 2 seconds.",40,0,0,0,0,0,0,0
General,General1,Talent,"Roots of The Forest",282024,"Your Treants now prioritize target afflicted with Entangling Roots.",36,0,0,0,0,0,0,0
General,General1,Talent,"Rune-etched Bullets",278250,"Your Hunter shots have a 33% chance to grant Rune-etched Bullets.      Rune-etched Bullets Your next Arcane Blast is instant.",60,0,0,0,0,0,0,0
General,General1,Talent,"Runeblade Reflection",288940,"Your Blood Strike, Heart Strike, Rune Strike, Death Strike, and Obliterate hits reduce the remaining cooldown of Dancing Rune Weapon by 1 sec.",55,0,0,0,0,0,0,0
General,General1,Talent,"Runeforged Verdict",288845,"Your Judgements against a target affected by your Frost Fever or Blood Plague extend those diseases by 2 sec, up to 6 sec beyond their normal maximum, and grant Runeforged Verdict.    Runeforged Verdict Increases direct damage of your next Frost Strike, Heart Strike or Obliterate by 30%.",55,0,0,0,0,0,0,0
General,General1,Talent,"Runic Contagion",288975,"Whenever your Frost Fever or Blood Plague causes damage, you have a 10% chance to allow you to use Rune Strike for 9 sec.    This effect can only occur once every 3 sec.",32,0,0,0,0,0,0,0
General,General1,Talent,"Runic Defense",288807,"When you dodge, parry, or block, you have a 15% chance to activate and convert a Rune into a Death Rune for 10 seconds. This chance is doubled while Bone Shield is active. This effect can only occur once every 15 sec.",38,0,0,0,0,0,0,0
General,General1,Talent,"Runic Maelstrom",288821,"Consuming Maelstrom Weapon at maximum stacks empowers your next Scourge Strike, Heart Strike, or Frost Strike within 10 sec, increasing its damage by 75%.",40,0,0,0,0,0,0,0
General,General1,Talent,"Rush of Blood",284354,"Dealing damage with Hemorrhage has a 50% chance to grant Rush of Blood.    Rush of Blood Your next Ambush can be cast outside of stealth and has no positional requirement versus monsters. Lasts 12 sec.",22,0,0,0,0,0,0,0
General,General1,Talent,"Sacred Conduction",998810,"Dealing direct or periodic damage with Holy Fire grants Sacred Conduction, increasing the damage of Lightning Bolt and Chain Lightning by 5% per stack for 10 sec. Stacks up to 15 times.     Getting stacks does not refresh the duration.",22,0,0,0,0,0,0,0
General,General1,Talent,"Sanguine Pressure",288930,"Blood Boil grants Sanguine Pressure.      Sanguine Pressure Increases your Physical damage done to bleeding enemies by 5%. Stacks up to 5 times. Lasts 8 sec.",40,0,0,0,0,0,0,0
General,General1,Talent,"Sanguine Strikes",274423,"Dealing periodic damage with Rend, Crimson Tempest, Garrote or Rupture grants you Sanguine Strikes.    Sanguine Strikes Your next Hemorrhage deals 30% increased damage. Stacks up to 10 times and lasts 4 sec.",22,0,0,0,0,0,0,0
General,General1,Talent,"Saronite Phalanx",288825,"Bone Shield holds 1 more charge.     Dodging, parrying, or blocking while Bone Shield is active consumes 1 charge to grant Saronite Phalanx       Saronite Phalanx Increases the damage of your next Rune Strike, Shield Slam or Shield of Righteousness by 50%. Stacks up to 3. Lasts 12 seconds.",55,0,0,0,0,0,0,0
General,General1,Talent,"Savage Synergy",273715,"The duration of your Tiger's Fury is 2 seconds longer.    While in Cat Form, using Bloodthirst now awards 2 combo points.",24,0,0,0,0,0,0,0
General,General1,Talent,"Savage Wounds",283912,"Maim marks the target to take 15% increased damage from your Bleed effects and has its duration increased by 1 seconds.",60,0,0,0,0,0,0,0
General,General1,Talent,"Savagery",283045,"Your Wing Clip now deals 40% more damage and reduces the cooldown of your Mongoose Bite by 1 second.",12,0,0,0,0,0,0,0
General,General1,Talent,"Sawed Off Barrel",282052,"Your Multi-shot knocks your primary target back, or knocks you back when fired in the air. Multi-shot's range is reduced by 15 yards and the cooldown is doubled.",18,0,0,0,0,0,0,0
General,General1,Talent,"Say Your Prayers",278530,"Prayer of Mending has a 20% chance not to consume a charge when it jumps to a new target.    The last charge of Prayer of Mending heals for 100% more.",40,0,0,0,0,0,0,0
General,General1,Talent,"Scattered Burst",283449,"Your Scatter Shot releases a fiery cone, dealing 6 Fire damage, knocking enemies back, and causing them take 10% increased damage from you for 6 sec.",20,0,0,0,0,0,0,0
General,General1,Talent,"Scorched Ground",283200,"Living Bomb explosion triggers Flamestrike    This effect can only occur once every 8 sec.",40,0,0,0,0,0,0,0
General,General1,Talent,"Scourging Instinct",299978,"Mongoose Bite and Raptor Strike have a 20% chance to make your next Scourge Strike consume no runes double its Shadow damage.",36,0,0,0,0,0,0,0
General,General1,Talent,"Searing Rage",285460,"When your Searing Totem deals damage, you are granted Searing Rage and gain 5 rage.    Searing Rage At 5 stacks, your next Lava Lash deals 25% increased damage.",10,0,0,0,0,0,0,0
General,General1,Talent,"Second Sunrise",285400,"Critically healing with a direct spell now reduces the active cooldown of Light of Dawn by 4 seconds.    Penance can only trigger Second Sunrise once every 1 sec.",30,0,0,0,0,0,0,0
General,General1,Talent,"Seed of Life",273346,"Healing with Regrowth and Rejuvenation now plants a Seed of Life on allies.    Seed of Life Heals 2 every second and increases the healing of your Bloom on the target by 40%. Stacks up to 8 times and lasts for 10 sec.",10,0,0,0,0,0,0,0
General,General1,Talent,"Seeded Shield",283327,"The periodic heal of your Regrowth can now critically hit.",15,0,0,0,0,0,0,0
General,General1,Talent,"Seismic Shockwave",282302,"Your melee abilities grant you Seismic Shockwave.    Seismic Shockwave Increases the damage of your next Shockwave by 15%. At 3 stacks, Shockwave's range is increased by 5 yards and stuns for an additional second. Stacks up to 3 times and lasts 10 sec.",40,0,0,0,0,0,0,0
General,General1,Talent,"Serenity",970071,"Increases the duration of your Tranquility by 2 sec and its mana cost by 25%.",20,0,0,0,0,0,0,0
General,General1,Talent,"Servant of the Old Gods",278113,"Casting Gloomblade forces your Tentacles of the Old Gods to smash towards your target, dealing 27 Shadow damage.     This effect can only occur once every 3 sec.",26,0,0,0,0,0,0,0
General,General1,Talent,"Shadow Born",276549,"Dealing critical damage with Corruption and Unstable Affliction grant you Shadow Born.       Shadow Born Increases the direct damage of your next Shadowburn by 25%. Stacks up to 4 times and lasts 15 sec.",30,0,0,0,0,0,0,0
General,General1,Talent,"Shadow Core",283038,"Requires  Molten Core (Rank 3)  Casting Mind Blast grants a single charge of Molten Core.",20,0,0,0,0,0,0,0
General,General1,Talent,"Shadow Crash",273458,"While Pure Shadow is at max stacks, your Shadowfury calls down Pure Shadow at the target area, dealing 429 Shadow damage spread between enemies in the area.",36,0,0,0,0,0,0,0
General,General1,Talent,"Shadow Infusion",285942,"Using Shiv or Death and Decay now grants you Shadow Infusion.    Shadow Infusion Increases the Shadow damage that target takes from you by 12% for 4 sec.",20,0,0,0,0,0,0,0
General,General1,Talent,"Shadow of Death",272816,"Casting Shadowstep now empowers your next Ambush or Ravage, causing them to deal an additional 75% as Shadow damage.",36,0,0,0,0,0,0,0
General,General1,Talent,"Shadow Strikes",284347,"Your damaging Melee abilities now have a 10% chance to grant you Shadow Trance.      Shadow Trance Your next Shadow Bolt or Seed of Corruption is instant and costs 25% less mana.",10,0,0,0,0,0,0,0
General,General1,Talent,"Shadow Visions",272524,"Dealing damage with Mind Flay now grants you a Soul Fragment. After accumulating 9 fragments you gain Shadow Visions.      Shadow Visions Empowers your next ability:  - Devouring Plague: Lasts for 12 more seconds, and causes a shadowy explosion.  - Vampiric Touch: Causes you to deal 20% increased Shadow damage to the target for 15 sec.  - Mind Blast: Deals 50% increased damage and grants you Psychic Surge, increasing the damage of Mind Flay and Mind Sear by 25%. This bonus is reduced by 1% for each time they deal damage.",20,0,0,0,0,0,0,0
General,General1,Talent,"Shadow Word: Helpless Death",282078,"Dealing damage with Shadow Word: Death now negates incoming heals to the target equal to the Shadow Word: Death dealt.",40,0,0,0,0,0,0,0
General,General1,Talent,"Shaken",281701,"Casting Fear causes your target to become Shaken.      Shaken All stats are reduced by 5% and movement speed is reduced by 25%. Every 3 sec, nearby enemies become Shaken. Lasts 10 sec.",10,0,0,0,0,0,0,0
General,General1,Talent,"Shapeshift Specialist",281714,"Shapeshifting cost is reduced by 20%.",10,0,0,0,0,0,0,0
General,General1,Talent,"Shapeshifter's Aim",281712,"Using Mangle grants you Shapeshifter's Aim.      Shapeshifter's Aim Increases the damage of your hunter shots by 30%. Lasts 15 sec.",10,0,0,0,0,0,0,0
General,General1,Talent,"Shapeshifter's Fangs",281710,"Hunter shots grant you Shapeshifter's Fangs.    Shapeshifter's Fangs Damage of your next direct Cat ability is increased by 50%. Max 3 charges. Lasts 8 sec.",10,0,0,0,0,0,0,0
General,General1,Talent,"Sharpened Blade",272360,"Dealing damage with Deadly Bite now has a 50% chance to grant you Sharpened Blade.      Sharpened Blade Reduces the active cooldown of Savage Blade and Glaive Toss by 2 sec and increases the damage of your next Savage Blade by 15% against monsters. Stacks up to 4 times and lasts 12 sec.    Savage Blade deals 10% increased damage against players.",10,0,0,0,0,0,0,0
General,General1,Talent,"Shield Finesse",285548,"Using Shield Wall now resets the cooldown of Shield Block.    Using Shield Block now resets the cooldown of Shield Slam.",40,0,0,0,0,0,0,0
General,General1,Talent,"Shield of the Emperor",284794,"Your Shield Slam and Shield of Righteousness now have a 25% chance to grant a stack of Shield of the Emperor, and extend the duration of Avatar by 4 sec if it is active.    Shield of the Emperor Increases the duration of your next Avatar by 3 seconds. Stacks up to 5. Lasts 15 sec.",40,0,0,0,0,0,0,0
General,General1,Talent,"Shield of Wrath",281934,"Your Avenger's Shield cooldown is reduced by 40%, but it no longer slows enemies or jumps to additional targets.  Does not work with Shield of the Templar.",36,0,0,0,0,0,0,0
General,General1,Talent,"Shields of Dominance",270565,"Reduces the cooldown of your Power Word: Shield by 2 seconds.",10,0,0,0,0,0,0,0
General,General1,Talent,"Shieldsmasher",284468,"Your Counterattack, Savage Blade and Execute grant you Shield Smasher.    Shieldsmasher Increases the damage of your next Colossus Smash by 65% and extends its duration by 3 seconds. Stacks up to 3 times and lasts for 20 sec.    Increases damage versus players by 10%.",30,0,0,0,0,0,0,0
General,General1,Talent,"Shooting Stars",281485,"While Starfall is active, the duration is increased by half of the cast time of your Spells.    Channeled spells do not extend the duration.",40,0,0,0,0,0,0,0
General,General1,Talent,"Shot Weaving",274591,"Casting Arcane Missiles while Missile Barrage is active weaves shot and spell together, firing a ranged shot with each Arcane Missile, dealing 15 Physical damage.    While in Path of Agility or Duality your Missile Barrage is hastened by 60%.    Gunslinger's Barrage can trigger Piercing Shots (if known).",20,0,0,0,0,0,0,0
General,General1,Talent,"Shroud of Concealment",285009,"Damaging spells with a cast time used from Stealth weave a shroud of concealment around you, causing you to remain in stealth for an additional second.",10,0,0,0,0,0,0,0
General,General1,Talent,"Shrouded in Shrapnel",285780,"Dealing damage with Colossus Smash now increases your armor by 5% for 8 sec and taking damage from Stagger reduces the active cooldown of Colossus Smash by 4 second.",30,0,0,0,0,0,0,0
General,General1,Talent,"Sinister Flurry",283559,"Your Sinister Strike has a 50% chance to trigger an additional strike, dealing 130% weapon damage and awarding an additional combo point.",10,0,0,0,0,0,0,0
General,General1,Talent,"Sinister Transfusion",284198,"Dealing damage with combo point generating abilities now grants your Tamed Pet Sinister Transfusion.    Tamed Pet includes Summoned Demon, Enslave Demon, Dominate Undead, Tame Dragonkin, Tether Elemental, Summoned Ghoul, and Tame Beast.    Sinister Transfusion Increases your Tamed Pet's damage by 20% and restores 1% total mana, 10 energy and Focus every 2 sec for 8 sec.",10,0,0,0,0,0,0,0
General,General1,Talent,"Skeleton King",299140,"Death Pact no longer sacrifices its undead minion.    While in Frost Presence, casting Death Pact while Bone Shield is active restores all Bone Shield charges and increases your maximum health by 15%. The maximum health increase lasts until Bone Shield fades.",34,0,0,0,0,0,0,0
General,General1,Talent,"Skull Crusher",281352,"Your Slam reduces the cooldown of Death Wish by 1 second.",22,0,0,0,0,0,0,0
General,General1,Talent,"Smoldering Companion",281963,"Your Tamed Pet's auto attacks now deal Fire damage.    Your Tamed Pet's auto attacks can only be transformed to one damage type at once.    Tamed Pet includes Summoned Demon, Enslave Demon, Dominate Undead, Tame Dragonkin, Tether Elemental, Summoned Ghoul, and Tame Beast.",10,0,0,0,0,0,0,0
General,General1,Talent,"Sniper",281475,"Standing still for 3 seconds grants you Sniper.    Sniper Increases the range of your Aimed Shot and Kill Shot by 1 yards and increases their damage dealt by 2%. Moving removes the stacks. Stacks up to 10 times.",20,0,0,0,0,0,0,0
General,General1,Talent,"Snow Storm",970161,"Increases the channel duration of your Blizzard ability by 2 seconds.",18,0,0,0,0,0,0,0
General,General1,Talent,"Solar Fury",278725,"Casting Starfire and Starsurge during Eclipse (Lunar) grants Solar Fury.      Solar Fury During Eclipse (Solar) your next Wrath deals 50% more damage and reduces the cooldown of Eclipse Blast by 1 sec.    Lasts for 20 sec. Can hold up to 5 charges.",35,0,0,0,0,0,0,0
General,General1,Talent,"Soul Restoration",282213,"Casting Holy Light, Greater Heal, Healing Wave, or Healing Touch on an ally reduces the duration of their Weakened Soul by 2 seconds.",10,0,0,0,0,0,0,0
General,General1,Talent,"Soul Void",277143,"Dealing damage with Drain Soul now applies Soul Void. Reaching 10 stacks applies Withered Soul, causing your Drain Life to deal 75% more damage. Lasts 15 sec.     Enemies with Withered Soul do not gain Soul Void.",10,0,0,0,0,0,0,0
General,General1,Talent,"Soulbender",281467,"Dealing damage with Drain Soul or casting Life Tap grants you Soul Energy.    Soul Energy Your next Shadowburn heals nearby allies and converts all Soul Energy into Soul Mending. Stacks up to 10 times and lasts 10 sec.    Soul Mending Increases your healing done by 2% per stack of Soul Energy consumed. Lasts 10 sec.",22,0,0,0,0,0,0,0
General,General1,Talent,"Southpaw Strike",273597,"Using Bloodthirst, Execute or Rend triggers an instant off-hand attack, dealing 220% weapon damage, and grants you Southpaw.   Southpaw Increases the damage done by your off-hand weapon by 25% for 9 sec.    The effect of Southpaw is increased to 50% while only Single-Minded Fury is active. This effect can only occur once every 16 sec and Southpaw cannot be active at the same time as Dominant.",10,0,0,0,0,0,0,0
General,General1,Talent,"Spartan Smash",274268,"Dealing damage with Javelin applies Skewered. Dealing damage with Shield Slam increases Skewered stacks on affected targets.    Skewered Your next Siegebreaker deals 20% increased damage to the target and resets the cooldown of your Javelin. Stacks up to 10 times and lasts for 12 sec.",10,0,0,0,0,0,0,0
General,General1,Talent,"Spectre",281505,"You deal 10% increased periodic damage while stealthed.",10,0,0,0,0,0,0,0
General,General1,Talent,"Spell Slinger",270804,"When Arcane Clearcasting is consumed, an Arcane Burst deals 6 Arcane damage to your target.",20,0,0,0,0,0,0,0
General,General1,Talent,"Spellstorm",271709,"When Missile Barrage is consumed by Arcane Missiles, you gain Arcane Evoked.    When Brain Freeze is consumed by Fireball or Frostfire Bolt, you gain Fire Evoked.      Arcane Evoked Increases the chance to trigger your next Brain Freeze by an additional 80%. Lasts for 10 sec.    Fire Evoked Increases the chance to trigger your next Missile Barrage by an additional 80%. Lasts for 10 sec.",36,0,0,0,0,0,0,0
General,General1,Talent,"Spirit Frost",271323,"Requires  Path of Healing  Every other cast of Frostbolt, Frostfire Bolt or Ice Lance grants you Spirit Frost.       Spirit Frost Greater Heal reduces its cast time by 100% and Prayer of Healing reduces its cast time by 50%.     Can hold up to 5 charges and lasts 20 sec.",10,0,0,0,0,0,0,0
General,General1,Talent,"Spirited Penance",273924,"Increases the channel time of Penance by 25% to empower it to fire an additional bolt.",30,0,0,0,0,0,0,0
General,General1,Talent,"Splintered Chaos",275617,"Casting Conflagrate now grants you Splintered Chaos    Splintered Chaos Your Chaos Bolt hits 4 additional nearby enemies.",30,0,0,0,0,0,0,0
General,General1,Talent,"Spot Weakness",285387,"Direct damage spell and abilities have a 15% chance to grant you Spot Weakness.      Spot Weakness Allows Kill Shot to be used regardless of the target's health.",36,0,0,0,0,0,0,0
General,General1,Talent,"Spreading Plague",270358,"Dealing damage with Thrash (Bear) now spreads your Infected Blood and Rabies to all nearby enemies.",10,0,0,0,0,0,0,0
General,General1,Talent,"Spreading Roots",283456,"Your Mass Entanglement now spreads to nearby enemies every 3 sec. These roots last 3 sec and also spread to nearby enemies.  An enemy can only be affected by Spreading Roots once every 10 sec.",18,0,0,0,0,0,0,0
General,General1,Talent,"Spreading Tides",270395,"Critically healing your Riptide target with Healing Wave now casts Riptide to a nearby ally within 15 yards. Only casts on effective heals.    Prioritizes your ally with the lowest health and can target the ally being healed to refresh their Riptide.",20,0,0,0,0,0,0,0
General,General1,Talent,"Stalker of the Frozen Wastes",277490,"Ranged Hunter abilities have a 40% chance to reduce the active cooldown of Frozen Orb by 8 sec.  Casting Frozen Orb increases your ranged haste by 30% for 30 sec.",30,0,0,0,0,0,0,0
General,General1,Talent,"Stay Frosty",283073,"Casting damaging spells or dealing damage with Auto Shot increases the chance to trigger Fingers of Frost by 3% for 10 sec or until activated.",25,0,0,0,0,0,0,0
General,General1,Talent,"Steed of Glory",291022,"Your Divine Steed lasts for an additional 3 sec. While active, you become immune to movement impairing effects.    For each unique enemy you pass through with Divine Steed, the duration of your next Avenging Wrath increases by 0.5 second. Up to 10 seconds.",20,0,0,0,0,0,0,0
General,General1,Talent,"Stellar Amplification",278130,"Dealing damage with Starsurge now apply Stellar Amplification.    Stellar Amplification Your next 5 Balance Druid periodic hits deal 30% increased damage.",28,0,0,0,0,0,0,0
General,General1,Talent,"Storm of Darkness",299006,"Each target damaged by Shadowfury reduces the remaining cooldown of Bladestorm by 4 sec.",40,0,0,0,0,0,0,0
General,General1,Talent,"Stormborn",274078,"While Elemental Mastery or Shamanistic Rage is active, dealing damage with Stormstrike now deals an additional 86 Nature damage to all enemies in front of you.",30,0,0,0,0,0,0,0
General,General1,Talent,"Stormbringer",273056,"Your direct damaging spells and abilities now have a chance to unleash lightning, dealing 3 Nature damage to your target and electrifying the ground, dealing an additional 12 Nature damage to nearby enemies every second for 4 seconds.",10,0,0,0,0,0,0,0
General,General1,Talent,"Stormforged Edge",277607,"Lightning Bolt, Chain Lightning, Static Shock and Thunderstorm hits increase the damage of your next Stormstrike by 24%. Stacks up to 8. Lasts 8 sec. Duration cannot be refreshed.",10,0,0,0,0,0,0,0
General,General1,Talent,"Stormgarde",284979,"While Lightning Shield is active, your Shield Slam and Shield of Righteousness now unleash Stormgarde.    Stormgarde Zaps your target and 2 nearby enemies for 25 Nature damage and restores your Lightning Shield charges.    This uses Lightning Shield modifiers and can only occur once every 2 sec.",10,0,0,0,0,0,0,0
General,General1,Talent,"Stupefied",281643,"Shield Bash now reduces the enemy's cast speed by 30% for 6 sec.    This effect does not stack with other similar effects",10,0,0,0,0,0,0,0
General,General1,Talent,"Surging Shadows",998830,"Dealing Shadow periodic damage has a 10% chance to grant Surging Shadows, increasing your Lightning Overload chance by 40% for 10 sec.",20,0,0,0,0,0,0,0
General,General1,Talent,"Swashbuckler: Bloodsail",285111,"Requires  Duelist's Glove  A Duelist's Glove is an off-hand item that enables Swashbuckling. It is granted whenever you learn a talent or ability that requires it. Requires a one-handed weapon and does not work while shapeshifted.    Your Finishing moves have a 20% chance per combo point to grant you Bloodsail Swashbuckler.    Does not work while shapeshifted.      Bloodsail Swashbuckling Your critical chance is increased by 2%. Stacks up to 5 times. Lasts 12 seconds.",10,0,0,0,0,0,0,0
General,General1,Talent,"Swashbuckler: Flurry of Blows",281602,"Requires  Duelist's Glove  A Duelist's Glove is an off-hand item that enables Swashbuckling. It is granted whenever you learn a talent or ability that requires it. Requires a one-handed weapon and does not work while shapeshifted.    Increase your melee haste by 30% while Swashbuckling.    Does not work while shapeshifted",10,0,0,0,0,0,0,0
General,General1,Talent,"Swashbuckler: Matched Blows",281597,"Requires  Duelist's Glove  A Duelist's Glove is an off-hand item that enables Swashbuckling. It is granted whenever you learn a talent or ability that requires it. Requires a one-handed weapon and does not work while shapeshifted.    Increases your chance to parry by 5% while Swashbuckling.    Does not work while shapeshifted",10,0,0,0,0,0,0,0
General,General1,Talent,"Swashbuckler: Shocktrooper",281944,"Requires  Duelist's Glove  A Duelist's Glove is an off-hand item that enables Swashbuckling. It is granted whenever you learn a talent or ability that requires it. Requires a one-handed weapon and does not work while shapeshifted.    Reduces the cooldowns of your Shaman Shock spells by 2 seconds while Swashbuckling.    Does not work while shapeshifted",10,0,0,0,0,0,0,0
General,General1,Talent,"Swashbuckling Duelist",276668,"Requires  Duelist's Glove  A Duelist's Glove is an off-hand item that enables Swashbuckling. It is granted whenever you learn a talent or ability that requires it. Requires a one-handed weapon and does not work while shapeshifted.    Sinister Strike now grants you Swashbuckling Duelist for 12 seconds, causing your next Mongoose Bite to unleash a Pirate's Flurry.    Pirate's Flurry You unleash a flurry of blows, striking your target for 225% weapon damage 3 times over 1 second.",10,0,0,0,0,0,0,0
General,General1,Talent,"Swift Avenger",283422,"Your Avenger's Shield now hits up to 3 additional targets. For each target hit, you gain 10% increased movement speed. Stacks up to 6 times and lasts 4 sec.",36,0,0,0,0,0,0,0
General,General1,Talent,"Swift Favor",285504,"Direct Holy heals reduce the cooldown of Divine Favor by 1 seconds. Effective direct Holy heals reduce this cooldown by an additional 2 seconds.",22,0,0,0,0,0,0,0
General,General1,Talent,"Swift Justice",281300,"When Smite or Flash Heal consumes Surge of Light, you gain Swift Justice.    Swift Justice Increases your haste by 1%. Stacks up to 5 times and lasts 12 sec.",25,0,0,0,0,0,0,0
General,General1,Talent,"Swift Shadows",272814,"Increases the duration of your Shadowstep by 2 seconds.    Ambushing, Deadly Throwing or Ravaging a Shadow Marked target resets the cooldown of your Shadowstep.",36,0,0,0,0,0,0,0
General,General1,Talent,"Sword and Thunder",284435,"Your Devastate and Revenge now have a 30% chance to grant you Sword and Thunder and reset Thunder Clap's cooldown.    Sword and Thunder Your next Thunder Clap costs no rage. Lasts for 5 sec.",10,0,0,0,0,0,0,0
General,General1,Talent,"Symbiotic Serendipity",285248,"Direct Nature heals now trigger Serendipity.    Serendipity When you heal with Binding Heal or Flash Heal, cast Renew, or deal damage with Smite, the cast time and mana cost of your next Greater Heal or Prayer of Healing spell is reduced by 15%. Stacks up to 3 times. Lasts 20 sec.",20,0,0,0,0,0,0,0
General,General1,Talent,"Synergetic Light",285818,"Holy Light and Flash of Light reduces the cooldown of Holy Shock by 2 seconds.",30,0,0,0,0,0,0,0
General,General1,Talent,"Tainted Swipe",283279,"Every 10 seconds, you now gain Tainted Swipe.    Tainted Swipe Your next Swipe infects targets hit, dealing 5 Plague damage every 2 seconds for 10 sec.",10,0,0,0,0,0,0,0
General,General1,Talent,"Talonshrike",277790,"Raptor Strike, Counterattack and Mongoose Bite deal 30% increased damage.    Using Raptor Strike reduces the cooldown of Fury of the Eagle by 4 sec.    Requires wielding a single two-handed weapon.",26,0,0,0,0,0,0,0
General,General1,Talent,"Taste of Success",282170,"Victory Rush grants you Taste of Success and deals 10% additional damage.    Taste of Success Your physical damage taken from the next attack is reduced by 60%.",10,0,0,0,0,0,0,0
General,General1,Talent,"Teachings of Arugal",275798,"Shadow spells with a cast time grant you Arugal's Fury and have a 30% chance to grant Missile Barrage.    Arugal's Fury Increases the damage of your next Arcane Missile by 40% and critical strike by 10%. Store up to 10 charges and lasts for 12 sec.    Missile Barrage Reduces the channeled duration of your next Arcane Missiles spell by 2.5 sec, reduces the mana cost by 100%, and the missiles fire every 0.4 sec. Lasts for 15 sec.",20,0,0,0,0,0,0,0
General,General1,Talent,"Templar of Flame",272101,"Your Judgements now grant you Templar of Flame.    Templar of Flame Dealing direct damage with Flamestrike now reduces the cooldown of Blast Wave and Dragon's Breath by 1 sec. Lasts for 6 sec.",30,0,0,0,0,0,0,0
General,General1,Talent,"Temple Guardian",283744,"While Inner Fire is active you gain an additional 5% block chance.",20,0,0,0,0,0,0,0
General,General1,Talent,"Temporal Distortion",276361,"Your Align, Synchronize and Time-Bind now grant you Temporal Distortion.    Temporal Distortion Reduces your energy generation by 10%.    Increases the duration of Eternity by 0.4 sec and its healing by 13%. Stacks up to 20 times and lasts for 30 sec or until you reach 0 energy.",10,0,0,0,0,0,0,0
General,General1,Talent,"Tenacious Companion",970087,"Increases the health of your tamed beast pet by 5%, and decreases its damage by 5%.",11,0,0,0,0,0,0,0
General,General1,Talent,"Tesla Coil Collar",286285,"Casting damaging Nature abilities now grants you Charged, which can be consumed by Earth Shock at 5 stacks to grant your Tamed Pet Tesla Coil Collar.    Tamed Pet includes Summoned Demon, Enslave Demon, Dominate Undead, Tame Dragonkin, Tether Elemental, Summoned Ghoul, and Tame Beast.    Tesla Coil Collar Overcharged, granting your Tamed Pet 3% mana, 10% energy, and focus every second while releasing lightning pulses that deals 100% weapon damage plus 20 Nature damage to nearby enemies. Lasts for 3 sec.",10,0,0,0,0,0,0,0
General,General1,Talent,"Tethered Power",276583,"Your Tethered Elemental's critical strikes now grant you Elemental Air.    Elemental Air Your next Elemental Blast has its critical strike chance, critical strike damage bonus, and damage against monsters increased by 30%.",10,0,0,0,0,0,0,0
General,General1,Talent,"The Shattering",284612,"Your Shattering Throw now triggers an Earthquake beneath the enemy for 4 sec.",40,0,0,0,0,0,0,0
General,General1,Talent,"Thousand Cuts",277588,"Dealing damage with Hurricane now increases your Poison and Bleed damage by 7%. Stacks up to 5 times and lasts 12 sec.",40,0,0,0,0,0,0,0
General,General1,Talent,"Threatening Presence",901227,"Increases the threat generated by your physical damage by 40%.  Reduces all damage taken by 2%.",11,0,0,0,0,0,0,0
General,General1,Talent,"Thundarianâ€™s Fury",285747,"Dealing damage with Thunder Clap now grants you Thundarian's Fury.    Thundarianâ€™s Fury Your Windfury deals 25% increased damage. Lasts 10 sec.",30,0,0,0,0,0,0,0
General,General1,Talent,"Thunder and Lightning",283372,"Dealing damage with Lightning Shield reduces the cooldown of your Thunder Clap by 2 seconds.",10,0,0,0,0,0,0,0
General,General1,Talent,"Thunder Seer",276707,"Dealing damage with Lightning Bolt and Chain Lightning grant Thunder Seer.     Thunder Seer Increases the damage of the next Arcane Missiles projectile by 40%. Holds up to 25 charges. Lasts 15 sec.",10,0,0,0,0,0,0,0
General,General1,Talent,"Thunder Stomp",275061,"Slam and Stormstrike now reduce the active cooldown of Thunder Clap by 2 seconds.",10,0,0,0,0,0,0,0
General,General1,Talent,"Thunder Swarm",271671,"Dealing damage with Lightning Bolt or Chain Lightning during Solar Eclipse has a 25% chance to energize your Insect Swarm, triggering an additional tick.",30,0,0,0,0,0,0,0
General,General1,Talent,"Thunderburst",278226,"Thunder Clap and Execute have a 35% chance to strike the target with a thunderbolt causing 8 high threat Nature damage.",10,0,0,0,0,0,0,0
General,General1,Talent,"Thundering Blow",282098,"When Shockwave hits an enemy affected by your Thunder Clap it unleashes an additional Nature strike for 25% of the damage dealt. Reduces the cooldown of Shockwave for each enemy hit by this additional strike by 1 second, up to 10 seconds.",40,0,0,0,0,0,0,0
General,General1,Talent,"Thunderlord",278334,"While affected by Avatar your chance to trigger Thunderburst is increased by 25%.    Dealing Nature damage with spells grants Thunderlord.      Thunderlord Increases the damage of your next Concussion Blow by 10%. Stacks 10 times. Lasts 10 seconds.",22,0,0,0,0,0,0,0
General,General1,Talent,"Tidecaller's Blessing",271819,"Requires  Path of Healing  Casting direct Nature heals now grants you Tidecaller's Blessing.    Tidecaller's Blessing Increases the healing of your next Wild Growth by 5%. Stacks up to 5 times and lasts 10 sec.",60,0,0,0,0,0,0,0
General,General1,Talent,"Tidecaller's Boon",271813,"Requires  Path of Healing  Your Healing Wave heals for 50% more and applies 3 stacks of Tidecaller's Boon.    Tidecaller's Boon Receives 4% reduced healing from your Healing Wave.    Your periodic healing removes one stack. Stacks up to 15 times and lasts 10 sec.",10,0,0,0,0,0,0,0
General,General1,Talent,"Tidecaller's Grace",271820,"Your Tidecaller's Boon now increases your periodic healing on the target by 30% per stack.",10,0,0,0,0,0,0,0
General,General1,Talent,"Tides of Battle",284048,"Sinister Strike now grants you Ebb when used above 90% energy and Flow when used below 90% energy.    These effects cannot be active at the same time.    Ebb Increases your Physical damage by 4%, but drains 3% maximum energy per second. Stacks up to 5 times and lasts 5 sec.    Flow Increases your Energy regeneration by 15%, but reduces your attack speed by 2%. Stacks up to 5 times and lasts 5 sec.",10,0,0,0,0,0,0,0
General,General1,Talent,"Tidewaters",286316,"While in combat, casting Renew, Rejuvenation or Riptide now grants you Tidewaters.     This effect can only occur from the same ally once every 8 seconds.      Tidewaters Increases the healing of your Healing Rain by 30% and reduces its cast time by 20%. Stacks up to 5 times and lasts 8 sec.",40,0,0,0,0,0,0,0
General,General1,Talent,"Timber Sentinels",970010,"Increases the duration of your Force of Nature ability by 5 seconds.",36,0,0,0,0,0,0,0
General,General1,Talent,"TIMBERRR",281462,"Increases treants summoned by your Force of Nature by 3.    When used with Guardians of the Grove, reduces their healing done by 20%.",36,0,0,0,0,0,0,0
General,General1,Talent,"Timed Charge",283434,"Returning with Alter Time causes energy from the time rift to explode, dealing 456 Arcane damage and stunning nearby enemies for 3 sec.",40,0,0,0,0,0,0,0
General,General1,Talent,"Titan's Fury",273662,"Using Titanic Strike grants Titan's Fury.      Titan's Fury Increases your melee attack speed by 150% but burns all your rage, energy and runes for 4 seconds.    This can not occur more than once every 12 seconds",10,0,0,0,0,0,0,0
General,General1,Talent,"Tools of War",271020,"Each unique direct damage Physical ability now grants you Tools of War.      Tools of War Increases Physical damage dealt by 3%. Stacks up to 5 times and lasts for 8 sec. Dealing magic damage resets all stacks. The duration cannot be refreshed.",10,0,0,0,0,0,0,0
General,General1,Talent,"Torrential Riptide",285267,"Effective direct heals with Downpour grant you Torrential Riptide.   Torrential Riptide Increases the direct heal of your next Riptide by 25%, its critical heal chance by 8%, and causes it to reduce the cooldown of your Downpour by 1 seconds. Stacks up to 5 times and lasts 10 sec.",40,0,0,0,0,0,0,0
General,General1,Talent,"Toss and Throw",277455,"Using Deadly Throw causes your next three casts of Shuriken Toss or Glaive Toss to generate an additional combo point, cost 20% fewer resources and deal 70% more damage against monsters. Lasts 8 sec.",24,0,0,0,0,0,0,0
General,General1,Talent,"Total Lunar Eclipse",272255,"Lunar Eclipse now increases your Arcane damage by 20%.",35,0,0,0,0,0,0,0
General,General1,Talent,"Total Solar Eclipse",272256,"Solar Eclipse also increases your critical chance with Nature spells by 20%.",30,0,0,0,0,0,0,0
General,General1,Talent,"Totem Master: Fire",281999,"Your Fire Totems now gain 15% of your health, but their mana cost is increased by 200%.    Your Magma totem lasts 30% longer.",10,0,0,0,0,0,0,0
General,General1,Talent,"Totemic Avatar",281447,"Reduces the cooldown of Greater Elemental Totems by 50%.",60,0,0,0,0,0,0,0
General,General1,Talent,"Touchy Topic",271940,"Dealing damage with your Water Elemental's Freeze now grants you Fingers of Frost.    Fingers of Frost Your spells and abilities treat the target as if it were Frozen. Holds 2 charges. Lasts for 15 seconds.",36,0,0,0,0,0,0,0
General,General1,Talent,"Toxic Strikes",274426,"Dealing damage with Instant Poison grants you Toxic Strikes.    Critical strikes with Instant Poison grant you Hydra's Fang.      Toxic Strikes Slam, Overpower and Mortal Strike consume your Toxic Strikes stacks to deal 10% increased damage per stack. Stacks up to 10 times. Lasts 12 sec.    Hydra's Fang Slam, Overpower and Mortal Strike consume 3 stacks to deal 4 additional Nature damage. Stacks up to 12 times and lasts 12 sec.",24,0,0,0,0,0,0,0
General,General1,Talent,"Transcendental Embrace",283192,"Critical healing with Lesser Healing Wave, Healing Wave, Regrowth, and Healing Touch now grant you Transcendental Embrace.      Transcendental Embrace Your next Chain Heal has 10% increased critical strike chance, 15% reduced cast time, and jumps to an additional ally. Stacks up to 2 times and lasts 20 sec.",10,0,0,0,0,0,0,0
General,General1,Talent,"Transference of Guilt",284368,"Your Righteous Defense ability now transfers 10% more of your allies threat to you.",12,0,0,0,0,0,0,0
General,General1,Talent,"Trauma Care",274205,"Requires  Path of Healing  Your finishing moves have a 20% chance per combo point to grant you Trauma Care.    Trauma Care Makes your next Greater Heal instant. Can hold up to 2 charges and lasts for 16 sec.",10,0,0,0,0,0,0,0
General,General1,Talent,"Traumatic Wounds",273713,"Dealing damage with Claw, Shred, Ravage, Mangle (Cat) and Bloodthirst extends the duration of Rip and Rake by 2 seconds.",10,0,0,0,0,0,0,0
General,General1,Talent,"Treant Cultivation",270497,"Casting Swiftmend reduces the cooldown of Force of Nature by 6 seconds.",36,0,0,0,0,0,0,0
General,General1,Talent,"Tribal Rage",284460,"Your melee criticals reduce the cooldown of Shamanistic Rage by 1 seconds.    Your direct damaging spell criticals extend the duration of Shamanistic Rage by 1 seconds.",36,0,0,0,0,0,0,0
General,General1,Talent,"Trick Shots",284269,"Multi-Shot now grants you Trick Shot when hitting 3 or more targets.      Trick Shot Your next Aimed Shot, Kill Shot or Arcane Shot ricochets to 5 nearby enemies, losing momentum with every target hit. Lasts for 6 sec.",20,0,0,0,0,0,0,0
General,General1,Talent,"Trisolaris",281379,"Fireball and Pyroblast tick one additional time and their damage over time effect can now stack up to 4 times.",16,0,0,0,0,0,0,0
General,General1,Talent,"Troll Sweat",284972,"Killing a player gives you a permanent stack of troll sweat. This tells heroes how sweaty you are. All sweat is lost on death. Accumulate enough sweat and reap the rewards.   If it Troll Sweats it Troll Sweats.",10,0,0,0,0,0,0,0
General,General1,Talent,"Tundra Tracker",277493,"Hunter shots now grant a stack of Tundra Tracker. Steady Shot grants 3 stacks.     Reaching 9 stacks consumes Tundra Tracker, granting Fingers of Frost if known. Lasts for 12 sec.    The duration of Tundra Tracker cannot be refreshed.",10,0,0,0,0,0,0,0
General,General1,Talent,"Turning Tides",281591,"For each enemy hit by your Typhoon the duration of your Riptide is increased by 4 seconds.",40,0,0,0,0,0,0,0
General,General1,Talent,"Twilight Eruption",998840,"Dealing damage with Mind Blast or Haunt reduces the remaining cooldown of Lava Burst by 1 sec. Dealing damage with Lava Burst extends your Unstable Affliction and Vampiric Touch on the target by 1 sec.",40,0,0,0,0,0,0,0
General,General1,Talent,"Twilight Paragon",273752,"Exorcism now consumes Paragon of Light to trigger Twilight Treason, increasing its damage by 15% per stack and transforms you into a Paragon of Darkness for 1 second per stack.      Twilight Treason Deals 62 Twilight damage to the target.    Paragon of Darkness Your Mind Flay, Mind Sear and Penance torment the target, dealing 43 additional Twilight damage. In addition, you gain 10% spell critical strike chance.",20,0,0,0,0,0,0,0
General,General1,Talent,"Twin Fangs",277785,"Raptor Strike, Mongoose Bite and Counterattack have a 50% chance to trigger Twin Fang, dealing 100% of the damage dealt as Physical damage.    Requires one-handed weapons and a weapon equipped in your off hand.",10,0,0,0,0,0,0,0
General,General1,Talent,"Twist of Faith",290460,"Using Seal of Righteousness, Seal of Command, Seal of Vengeance, Seal of Fervor, or Seal of Arcane Wrath while a different one of these seals is already active grants you the previously active seal for 10 sec.  These seals cost no mana but have a 10 second cooldown.",10,0,0,0,0,0,0,0
General,General1,Talent,"Umbral Wounds",299000,"While in Shadowform, your Deep Wounds deal Shadowstrike damage but no longer a bleed.",24,0,0,0,0,0,0,0
General,General1,Talent,"Unchained",275203,"Your Blink now slows nearby enemies by 50% for 2 sec.",20,0,0,0,0,0,0,0
General,General1,Talent,"Undaunted",275136,"Your Last Stand now sacrifices 5% of its maximum health granted to remove your Stagger debuff, clearing all stored damage.",20,0,0,0,0,0,0,0
General,General1,Talent,"Unholy Commander",288945,"Reduces the cooldown of your Summon Gargoyle by 60 sec.    While your Gargoyle is active, Grave Coil commands it to fire Gargoyle's Wrath at your target.      Gargoyle's Wrath Deals 120 Plague damage and chains to nearby enemies.",40,0,0,0,0,0,0,0
General,General1,Talent,"Unseen Assassin",277450,"For 3 sec after leaving Stealth or activating Shadow Dance, your Glaive Toss, Deadly Throw and Shuriken Toss only triggers a 0.5 sec global cooldown and deal 40% increased damage against monsters.    Deadly Throw and Shuriken Toss deal 30% reduced damage against players whilst affected by Unseen Assassin",34,0,0,0,0,0,0,0
General,General1,Talent,"Unstoppable Force",283222,"Your Slam is now guaranteed to critically hit when used on an Incapacitated or Immobilized target.",30,0,0,0,0,0,0,0
General,General1,Talent,"Upper Hand",284301,"When one of your Hunter traps triggers, your next Rogue ability critically strikes.",16,0,0,0,0,0,0,0
General,General1,Talent,"Ursine Frenzy",278460,"Dealing damage with Thrash and Lacerate has a 10% chance to grant you Ursine Frenzy.    This effect can only occur once every 10 sec.      Ursine Frenzy Increases the damage of Mangle (Bear) by 15%. Stacks up to 3 times. Lasts 5 sec.    While Ursine Frenzy is active Mangle (Bear) has no cooldown and generates more stacks, but will not extend the duration.",36,0,0,0,0,0,0,0
General,General1,Talent,"Ursoc's Blessing",282004,"Bear Form's bonus Stamina and Armor persists for 3 seconds after leaving Bear Form.",10,0,0,0,0,0,0,0
General,General1,Talent,"Ursoc's Rage",285453,"Using Maul, Mangle or Lacerate reduces the cooldown of Enrage by 2 seconds. Enrage also reduces the rage cost of Ironfur by 50%.",10,0,0,0,0,0,0,0
General,General1,Talent,"Vampire Lord",276963,"Requires  Path of Healing  Dealing damage with your Shadow Priest damage over time spells or healing with Shadow Mend generates a stack of Vampiric Essence.     Mind Flay generates 2 stacks per tick.    Each tick of Mind Sear can consume 3 Vampiric Essence to heal up to 5 allies for 199 health.    Vampiric Essence can stack up to 30 times.",30,0,0,0,0,0,0,0
General,General1,Talent,"Vampiric Death",278087,"Shadow Word: Death consumes your Vampiric Touch on the target, dealing Shadow damage equal to 100% of its total damage. This is increased to 220% if Shadow Word: Death critically strikes.    Shadow Word: Death's self-inflicted damage is reduced by 60%.",40,0,0,0,0,0,0,0
General,General1,Talent,"Vampirism",277003,"Requires  Path of Healing  Your Vampiric Embrace healing now scales with Healing Power and heals the lowest-health ally in your party or raid. It no longer provides additional healing to you.    Targets do not need to be in your party or raid. Each heal cannot exceed 5% of your maximum health.",20,0,0,0,0,0,0,0
General,General1,Talent,"Vengeful Plague",299988,"While Seal of Vengeance is active, your Blood Plague now deals 50% more damage.",44,0,0,0,0,0,0,0
General,General1,Talent,"Venomous Wound",274418,"Critical strikes with Slam, Overpower or Mortal Strike against a bleeding target afflict them with Venomous Wound.    Venomous Wound Target takes 75% more damage from your Instant Poison. Holds 3 charges. Lasts 15 sec.",25,0,0,0,0,0,0,0
General,General1,Talent,"Versatile Power",979711,"Your Expose Weakness also grants 2% increased Spell Critical Chance.",30,0,0,0,0,0,0,0
General,General1,Talent,"Victorious Charge",270694,"Casting Charge now grants you Victorious, allowing you to cast Victory Rush once.    This effect can only occur once every 6 sec.    Victorious Allows the use of Victory Rush!",10,0,0,0,0,0,0,0
General,General1,Talent,"Victorious Stand",275132,"Dealing damage with Victory Rush reduces Last Stands cooldown by 10 sec.     Using Last Stand grants one use of Victory Rush, which will further reduce its cooldown by 35 sec.",16,0,0,0,0,0,0,0
General,General1,Talent,"Violent Combo",276308,"Finishing moves have a 20% chance to grant 2 combo points.",40,0,0,0,0,0,0,0
General,General1,Talent,"Viscera",277944,"The periodic damage of Lacerate, Thrash, and auto attacks have a 15% chance of resetting the cooldown of Pulverize, and makes your next Pulverize hit up to 3 targets.",60,0,0,0,0,0,0,0
General,General1,Talent,"Void Teleportation",283417,"Using Void Shift also swaps the position of the caster and the target.",30,0,0,0,0,0,0,0
General,General1,Talent,"Voidblade",277938,"Shadow spells increase the damage of your combo point generating Rogue abilities by 3% and Dark Intent by additional 3%. Stacks up to 3.   Rogue combo point generating abilities have a chance to increase the damage taken from your Shadow Word: Pain by 80% for 8 sec.  The duration of Voidblade is not refreshable at max stacks.",10,0,0,0,0,0,0,0
General,General1,Talent,"Volcanic Shamanism",278027,"Lava Burst reduces the active cooldown of Flame Ascendance by 8 seconds.",34,0,0,0,0,0,0,0
General,General1,Talent,"Voltaic Companion",281973,"Your Tamed Pet's auto attacks now deal Nature damage.    Your Tamed Pet's auto attacks can only be transformed to one damage type at once.    Tamed Pet includes Summoned Demon, Enslave Demon, Dominate Undead, Tame Dragonkin, Tether Elemental, Summoned Ghoul, and Tame Beast.",10,0,0,0,0,0,0,0
General,General1,Talent,"Wacky Wizardry",272919,"Your offensive Mage spell casts have a 15% chance to cast an additional random Mage spell for free.",10,0,0,0,0,0,0,0
General,General1,Talent,"Waking Nightmare",284041,"Your Haunt applies Waking Nightmare to the target. When that target is healed, the healer is afflicted with Phantom Nightmare.    Phantom Nightmare You deal 10% increased Shadow damage to the target. Fear effects last 50% longer against them.",40,0,0,0,0,0,0,0
General,General1,Talent,"Wanding",281718,"Wand attacks grant you stacks that increase the cast speed of your next spell by 5%, stacks up to 5 times and lasts 6 sec.",10,0,0,0,0,0,0,0
General,General1,Talent,"Waning Moon",281543,"Dealing periodic damage with Moonfire grants you Waning Moon. This effect can only occur once every 1 sec.    Waning Moon Reduces the cast time of your next Arcane Blast or Starfire by 10%. Stacks up to 5 times and lasts 10 sec.",10,0,0,0,0,0,0,0
General,General1,Talent,"War Mage",281939,"Casting Blink causes an Arcane Explosion at your arrival point, reducing Blink's cooldown by 1.5 sec for each target hit up to a max of 9 seconds.    If you know Arcane Explosion or Arcanist's Explosion you will cast your highest rank known.",20,0,0,0,0,0,0,0
General,General1,Talent,"Ward of Light",283904,"Using Divine Storm now reduces your periodic magic damage taken by 10% for 5 sec. Taking spell damage has a chance to reset the cooldown of Divine Storm.",30,0,0,0,0,0,0,0
General,General1,Talent,"Weapon Command",283338,"Wielding a single Two-Handed weapon now increases your melee attack speed by 10% and melee critical strike chance by 4%.    This effect does not work while in Cat, Bear Form, or with Titan's Grip talent.",10,0,0,0,0,0,0,0
General,General1,Talent,"Whirl of Rage",271784,"Dealing damage with Whirlwind now grants you Bloodrage.    Bloodrage Generates 20 rage at the cost of health, and then generates an additional 10 rage over 10 sec.    This ability is usable while shapeshifted.    It also grants you Enrage if known.    Enrage Physical damage increased by 10%. Haste increased by 10%.",14,0,0,0,0,0,0,0
General,General1,Talent,"Whirling Bladestorm",283499,"Bladestorm now increases your movement speed by 35% while active. Players hit by Bladestorm are knocked into the air.    Each player can only be knocked up once.",40,0,0,0,0,0,0,0
General,General1,Talent,"Whispers of the Old Gods",272950,"Dealing damage with Shadow Word: Pain now has a 35% chance to summon a Tentacle of the Old Gods to wreak havoc on your enemies.     Each Tentacle summoned increases the damage of your Grasp of Darkness by 15% and its critical strike damage bonus by 15%.    Can only trigger from the same target once every 7 sec seconds.",10,0,0,0,0,0,0,0
General,General1,Talent,"Wild Aggression",283806,"Dealing damage with Mongoose Bite or Savage Blade now restores 40 energy and grants you Wild Aggression.    Wild Aggression Increases the damage of your Rogue abilities by 15%. Lasts 8 sec.",10,0,0,0,0,0,0,0
General,General1,Talent,"Wild Wrath",283053,"Dealing damage with Steady Shot or Chimera Shot grants you Wild Wrath.    Wild Wrath Your next Wrath has a 34% reduced cast time and 10% increased damage. Stacks up to 3 times and lasts 12 sec.    If cast at 3 stacks, Wrath refreshes Insect Swarm and resets the cooldown of Chimera Shot.",30,0,0,0,0,0,0,0
General,General1,Talent,"Wildclaw",278470,"Maul has a 12% chance to grant you Wildclaw.      Wildclaw Your next Bloodthirst deals 125% increased damage, hits 3 additional targets, and generates 100% increased threat.",32,0,0,0,0,0,0,0
General,General1,Talent,"Will of Elune",965211,"Your Healing Touch and Regrowth direct heals have a chance to grant party members 2% Spirit for 10 sec. Does not stack with other similar effects.",11,0,0,0,0,0,0,0
General,General1,Talent,"Wind Rager",274814,"Dealing damage with Stormstrike reduces the cooldown of Whirlwind by 2 seconds.    Dealing damage with Whirlwind reduces the cooldown of Stormstrike by 2 seconds.",30,0,0,0,0,0,0,0
General,General1,Talent,"Wind Slam",284260,"Dealing damage with Windfury grants you Wind Slam    Wind Slam Your next Shield Slam or Shield of Righteousness slams nearby targets with wind, dealing 17 Physical damage and slowing their attack speed by 20% for 30 sec.",40,0,0,0,0,0,0,0
General,General1,Talent,"Wingman",281660,"Challenging Shout now decreases the damage taken by your allies by 10% for 8 sec.",26,0,0,0,0,0,0,0
General,General1,Talent,"Winter's Lock",288935,"Chains of Ice brands the target with Winter's Lock.      Winter's Lock Increases Frost damage you deal to this target by 5%. Lasts 15 sec.",40,0,0,0,0,0,0,0
General,General1,Talent,"Wisdom of Elune",965203,"Your Moonfire damage over time effect has a chance to grant party members 2% Intellect for 10 sec. Does not stack with other similar effects.",11,0,0,0,0,0,0,0
General,General1,Talent,"Words of Healing",270526,"While Borrowed Time is active, your critical effect chance with direct heals is increased by 20%.",40,0,0,0,0,0,0,0
General,General1,Talent,"Words of Time",270532,"Your Borrowed Time is no longer consumed when casting.",40,0,0,0,0,0,0,0
General,General1,Talent,"Wrath of the Plague",284744,"Your Wrath now afflicts enemies affected by your Haunt or Blood Plague with Wrath of the Plague.      Wrath of the Plague Disease the enemy, dealing 2 Shadow damage every 0.5 sec for 2.50 sec.    This damage can critically strike.",10,0,0,0,0,0,0,0
General,General1,Talent,"Wrath of the Sun",271680,"While Solar Eclipse is active your Wrath deals 100% increased damage but has 66% increased cast time.",30,0,0,0,0,0,0,0
General,General1,Talent,"Wrathful Strikes",273637,"Feral finishing moves now have a 20% chance per combo point spent to grant you Wrathful Strikes.    Wrathful Strikes Your next Wrath can be cast in Cat Form, is instant, and deals 25% increased damage.",10,0,0,0,0,0,0,0
General,General1,Talent,"Zany Zealot",270896,"Your offensive Priest spell casts have a 15% chance to cast an additional random Priest spell for free.",10,0,0,0,0,0,0,0
General,General1,Talent,"Zephyr",284414,"Dealing damage with Windfury grants you Wrath of Al'Akir.    Wrath of Al'Akir Increases your chance to trigger Windfury by 2% and your melee attack speed by 1%.    While at max stacks, your next Windfury hits 2 additional times and consumes all stacks. Stacks up to 10 times and lasts 15 sec.",30,0,0,0,0,0,0,0
Hunter,BeastMastery,Ability,"Aspect of the Beast",13161,"Take on the Aspects of a Beast, becoming untrackable and increasing melee attack power by 10% for you and your pet.      Only one Aspect can be active at a time.",30,0,0,26,28,0,0,0
Hunter,BeastMastery,Ability,"Aspect of the Cheetah",5118,"You take on the aspects of a cheetah, increasing movement speed by 30%.  If struck, you will be dazed for 4 sec.      Only one Aspect can be active at a time.",14,0,0,12,12,0,0,0
Hunter,BeastMastery,Ability,"Aspect of the Dragonhawk",61846,"The hunter takes on the aspects of a dragonhawk, increasing ranged attack power by 120 and chance to dodge by 10%.    Only one Aspect can be active at a time.",60,0,0,39,58,0,0,0
Hunter,BeastMastery,Ability,"Aspect of the Hawk",13165,"The hunter takes on the aspects of a hawk, increasing ranged attack power by 11.      Only one Aspect can be active at a time.",1,0,0,0,2,0,0,0
Hunter,BeastMastery,Ability,"Aspect of the Monkey",13163,"The hunter takes on the aspects of a monkey, increasing chance to dodge by 10%.      Only one Aspect can be active at a time.",10,0,0,24,8,0,0,0
Hunter,BeastMastery,Ability,"Aspect of the Pack",13159,"The hunter and raid members within 40 yards take on the aspects of a pack of cheetahs, increasing movement speed by 30%.      If you are struck under the effect of this aspect, you will be dazed for 4 sec.    Only one Aspect can be active at a time.",40,0,0,26,38,0,0,0
Hunter,BeastMastery,Ability,"Aspect of the Viper",34074,"The hunter takes on the aspect of the viper, causing ranged and melee attacks a chance to regenerate mana.    Damage and healing done reduced by 40%.     You gain 4% of maximum mana every 3 sec.   Only one Aspect can be active at a time.",20,0,0,17,18,0,0,0
Hunter,BeastMastery,Ability,"Aspect of the Wild",20043,"The hunter, group and raid members within 30 yards take on the aspect of the wild, increasing Nature resistance by 45.      Only one Aspect can be active at a time.",46,0,0,37,44,0,0,0
Hunter,BeastMastery,Ability,"Barbed Shot",984828,"Fire a shot that tears through your enemy, causing them to bleed over 8 sec.    Sends your pet into a bloodrush, increasing attack speed by 20% for 8 sec, stacking up to 3 times.    Max 2 charges. 12 second recharge timer.",40,0,0,30,38,0,0,0
Hunter,BeastMastery,Ability,"Beast Mastery",53270,"Requires  Tame Beast Abilities  You master the art of Beast training, teaching you the ability to tame Exotic pets and increasing your total amount of Pet Skill Points by 6.",40,0,0,40,38,0,15,30
Hunter,BeastMastery,Ability,"Bestial Wrath",19574,"Send your tamed beast or tamed dragonkin into a rage causing 50% additional damage for 10 sec.  While enraged, the beast does not feel pity or remorse or fear and it cannot be stopped unless killed.  Does not stack with other similar effects.  This ability is usable while shapeshifted.",30,0,0,40,28,0,9,21
Hunter,BeastMastery,Ability,"Call Stabled Pet",62757,"Choose one of your stabled pets to replace your current pet. The selected pet busts out of its stable to join you no matter where you are.  Cannot be used in combat.",50,0,0,11,48,0,0,0
Hunter,BeastMastery,Ability,"Eyes of the Beast",1002,"Take direct control of your pet and see through its eyes for 1 min.  This ability is usable while shapeshifted.",14,0,0,4,12,0,0,0
Hunter,BeastMastery,Ability,"Frenzy Shot",954587,"Fires a shot, dealing 150% weapon damage. This sends your pet into a frenzy, causing its auto attacks to trigger an additional attack that strikes up to 5 nearby enemies for 8 sec.",20,0,0,29,18,0,0,0
Hunter,BeastMastery,Ability,"Intimidation",19577,"Command your tamed beast to intimidate the target, causing a high amount of threat and stunning the target for 3 sec. Lasts 15 sec.",22,0,0,32,20,0,6,12
Hunter,BeastMastery,Ability,"Kill Command",34026,"Give the command to kill, increasing your tamed beast's damage done from special attacks by 40% for 30 sec. Each special attack done by the tamed beast reduces the damage bonus by 10%.  This ability is usable while shapeshifted.",40,0,0,34,38,0,0,0
Hunter,BeastMastery,Ability,"Master's Call",53271,"Your pet attempts to remove all root and movement impairing effects from itself and its owner, and causes your pet and its target to be immune to all such effects for 4 sec.",50,0,0,40,48,0,0,0
Hunter,BeastMastery,Ability,"Mend Pet",136,"Heals your Tamed Pet for 125 health over 15 sec.  This ability is usable while shapeshifted.  Tamed Pet includes Summoned Demon, Enslave Demon, Dominate Undead, Tame Dragonkin, Tether Elemental, Summoned Ghoul, and Tame Beast.",12,0,0,3,10,0,0,0
Hunter,BeastMastery,Ability,"Scare Beast",1513,"Scares a beast, causing it to run in fear for up to 10 sec.  Damage caused may interrupt the effect. Only one beast can be feared at a time.  This ability is usable while shapeshifted.",10,0,0,7,6,0,0,0
Hunter,BeastMastery,Ability,"Tame Beast Abilities",965200,"Teaches you the necessary abilities to tame a pet companion.  Teaches you Tame Beast, Call Pet, Dismiss Pet, Feed Pet, Revive Pet and Beast Lore.",1,0,0,5,8,0,0,0
Hunter,BeastMastery,Talent,"Animal Handler",34453,"Increases your tamed beast's attack power by 12% and increases the duration of your Master's Call effect by 6 sec.",24,0,0,0,0,0,6,15
Hunter,BeastMastery,Talent,"Aspect Mastery",53265,"Aspect of the Viper - Reduces the damage and healing penalty by 10%.  Aspect of the Monkey - Reduces the damage done to you while active by 5%.  Aspect of the Hawk - Increases the attack power bonus by 30%.    Aspect of the Dragonhawk - Combines the bonuses from Aspect of the Monkey and Hawk.",22,0,0,0,0,0,6,12
Hunter,BeastMastery,Talent,"Bestial Discipline",19590,"Increases the Focus regeneration of your tamed pets by 100%.    Tamed Pet includes Summoned Demon, Enslave Demon, Dominate Undead, Tame Dragonkin, Tether Elemental, Summoned Ghoul, and Tame Beast.",16,0,0,0,0,0,3,6
Hunter,BeastMastery,Talent,"Catlike Reflexes",34462,"Increases your chance to dodge by 3% and your tamed beast's chance to dodge by an additional 12%.     Reduces the cooldown of your Kill Command ability by 30 sec.",36,0,0,0,0,0,12,27
Hunter,BeastMastery,Talent,"Cobra Strikes",53256,"You have a 60% chance when you critically hit with a Ranged or Melee ability to cause your tamed beast's next 2 special attacks to critically hit.",30,0,0,0,0,0,9,21
Hunter,BeastMastery,Talent,"Endurance Training",19583,"Increases your total health by 5%.    Increases the health of your tamed beast, enslaved demon, dominated undead, tamed dragonkin, and tethered elemental by 15%.",10,0,0,0,0,0,0,0
Hunter,BeastMastery,Talent,"Ferocious Inspiration",34455,"Increases the damage of all party and raid members by 3%.   Does not stack with other similar effects.    Increases the damage dealt by Arcane Shot and Steady Shot by 9%.",30,0,0,0,0,0,9,21
Hunter,BeastMastery,Talent,"Ferocity",19598,"Increases the critical strike chance of your tamed pet by 15%.    Tamed Pet includes Summoned Demon, Enslave Demon, Dominate Undead, Tame Dragonkin, Tether Elemental, Summoned Ghoul, and Tame Beast.",18,0,0,0,0,0,3,9
Hunter,BeastMastery,Talent,"Focused Fire",35029,"All damage caused by you and your pet is increased by 2% while your pet is active and the critical strike chance of your tamed beast's special abilities is increased by 20% while Kill Command is active.",12,0,0,0,0,0,0,0
Hunter,BeastMastery,Talent,"Frenzy",19621,"Gives your pet a 100% chance to gain a 30% attack speed increase for 8 sec after dealing a critical strike.    Tamed Pet includes Summoned Demon, Enslave Demon, Dominate Undead, Tame Dragonkin, Tether Elemental, Summoned Ghoul, and Tame Beast.",24,0,0,0,0,0,6,15
Hunter,BeastMastery,Talent,"Improved Aspect of the Hawk",19552,"While Aspect of the Hawk is active, all Ranged or Melee abilities have a 10% chance of increasing ranged attack speed by 15% for 12 sec.",10,0,0,0,0,0,0,0
Hunter,BeastMastery,Talent,"Improved Aspect of the Monkey",19549,"Increases the dodge bonus of your Aspect of the Monkey and Aspect of the Dragonhawk by 6%.",18,0,0,0,0,0,3,9
Hunter,BeastMastery,Talent,"Improved Mend Pet",19572,"Reduces the mana cost of your Mend Pet spell by 20%.    Mend Pet has a 50% chance of cleansing 1 Curse, Disease, Magic or Poison effect from the pet each tick.",12,0,0,0,0,0,0,0
Hunter,BeastMastery,Talent,"Improved Revive Pet",24443,"All pet revival spells have their cast times reduced by 6 seconds, mana costs reduced by 40%, and the health your pet returns with is increased by an additional 30%.    Revive Pet includes; Revive Elemental, Revive Dragonkin, Revive Undead, Revive Demon.",12,0,0,0,0,0,0,0
Hunter,BeastMastery,Talent,"Invigoration",53252,"When your tamed beast scores a critical hit with a special ability, you have a 100% chance to instantly regenerate 1% mana.",34,0,0,0,0,0,9,24
Hunter,BeastMastery,Talent,"Kindred Spirits",56314,"Increases your Tamed Pet's damage and healing by 35% and your Tamed Pet's movement speed by 10%.    Tamed Pet includes Summoned Demon, Enslave Demon, Dominate Undead, Tame Dragonkin, Tether Elemental, Summoned Ghoul, and Tame Beast.",40,0,0,0,0,0,12,30
Hunter,BeastMastery,Talent,"Longevity",53262,"Reduces the cooldown of your Bestial Wrath, Intimidation and Tamed Beast Pet Special Abilities by 30%.",36,0,0,0,0,0,12,27
Hunter,BeastMastery,Talent,"Pathfinding",19559,"Increases the speed bonus of your Aspect of the Cheetah and Aspect of the Pack by 8%.    Increases your speed while mounted by 10%. The mounted movement speed increase does not stack with similar effects.",16,0,0,0,0,0,3,6
Hunter,BeastMastery,Talent,"Primal Reflexes",101437,"Increases the dodge bonus of your Aspect of the Monkey and Aspect of the Dragonhawk by 8%.",20,0,0,40,0,0,0,0
Hunter,BeastMastery,Talent,"Serpent's Swiftness",34466,"Increases ranged combat attack speed by 20% and your tamed beast's melee attack speed by 20%.",34,0,0,0,0,0,9,24
Hunter,BeastMastery,Talent,"Spirit Bond",19578,"While your pet is active, you and your pet will regenerate 2% of total health every 10 sec.    Increases healing done to you and your pet by 10%. This effect does not stack with other similar effects.",22,0,0,0,0,0,6,12
Hunter,BeastMastery,Talent,"The Beast Within",34692,"While your tamed beast or tamed dragonkin is under the effects of Bestial Wrath, you also go into a rage causing 15% additional damage and reducing mana costs of all spells and ranged abilities by 50% for 10 sec. While enraged, you do not feel pity or remorse or fear and you cannot be stopped unless killed.  Does not stack with other similar effects.",36,0,0,40,0,0,12,27
Hunter,BeastMastery,Talent,"Thick Hide",19609,"Increases the armor rating of your tamed beast by 20% and your armor contribution from items by 10%.",12,0,0,0,0,0,0,0
Hunter,BeastMastery,Talent,"Unleashed Fury",19616,"Increases the damage done by your Tamed Pet by 25%, and Tamed Beast special attacks by an additional 25%.    Tamed Pet includes Summoned Demon, Enslave Demon, Dominate Undead, Tame Dragonkin, Tether Elemental, Summoned Ghoul, and Tame Beast.",16,0,0,0,0,0,3,6
Hunter,Marksmanship,Ability,"Aimed Shot",19434,"An aimed shot that deals 150% weapon damage plus 5 and reduces healing done to that target by 50%. Lasts 10 sec.   Does not stack with other similar effects.",16,0,0,14,14,0,3,6
Hunter,Marksmanship,Ability,"Arcane Shot",3044,"An instant shot that causes 15 Arcane damage.",1,0,0,0,0,0,0,0
Hunter,Marksmanship,Ability,"Auto shot",965202,"Automatically shoots the target until cancelled. Increases your ranged Attack Speed by 33% and scales with Ranged Attack Power.",1,0,0,0,0,0,0,0
Hunter,Marksmanship,Ability,"Chimera Shot",53209,"Deals 230% ranged weapon damage, refreshing the current Stings on your target and triggering extra effects if the Stings are active:  Serpent Sting - Instantly deals 90% of the damage done by your Serpent Sting.  Viper Sting - Instantly restores mana to you equal to 60% of the total amount drained by your Viper Sting.   Scorpid Sting - Disarms the target for 10 sec. This effect cannot occur more than once per 1 minute.",40,0,0,0,38,0,15,30
Hunter,Marksmanship,Ability,"Concussive Shot",5116,"A shot that deals 90% weapon damage and dazes the target, slowing movement speed by 50% for 4 sec.",10,0,0,9,6,0,0,0
Hunter,Marksmanship,Ability,"Distracting Shot",20736,"Distracts the target to attack you, but has no effect if the target is already attacking you. Lasts 6 sec.",12,0,0,3,10,0,0,0
Hunter,Marksmanship,Ability,"Flare",1543,"Exposes all hidden and invisible enemies within 10 yards of the targeted area for 20 sec.",32,0,0,28,30,0,0,0
Hunter,Marksmanship,Ability,"Hunter's Mark",1130,"Places the Hunter's Mark on the target, increasing the ranged attack power of all attackers against that target by 20.    The marked target can always be seen by the hunter whether it stealths or turns invisible, and appears on the mini-map. Lasts for 5 min.",1,0,0,4,4,0,0,0
Hunter,Marksmanship,Ability,"Kill Shot",53351,"You attempt to finish the wounded target off, firing a ranged attack dealing 200% weapon damage plus 26. Kill Shot can only be used on enemies that have 20% or less health.",32,0,0,9,30,0,0,0
Hunter,Marksmanship,Ability,"Multi-Shot",2643,"Fires several missiles, hitting 3 targets for 100% weapon damage.",18,0,0,5,16,0,0,0
Hunter,Marksmanship,Ability,"Rapid Fire",3045,"Increases ranged attack speed by 40% for 15 sec.",26,0,0,38,24,0,0,0
Hunter,Marksmanship,Ability,"Readiness",23989,"When activated, this ability immediately resets the cooldown on your other Hunter abilities except Bestial Wrath.",22,0,0,32,20,0,6,12
Hunter,Marksmanship,Ability,"Scorpid Sting",3043,"Stings the target, reducing chance to hit with melee and ranged attacks by 3% for 20 sec. Only one Sting per Hunter can be active on any one target.    Does not stack with other similar effects.",22,0,0,19,20,0,0,0
Hunter,Marksmanship,Ability,"Serpent Sting",1978,"Stings the target, causing 25 Nature damage over 15 sec.",1,0,0,4,2,0,0,0
Hunter,Marksmanship,Ability,"Silencing Shot",34490,"A shot that deals 75% weapon damage and silences the target for 2 sec. Non-player victim spellcasting is also interrupted for 3 sec.     Silencing Shot cannot trigger any procs.    This ability shares a cooldown with other interrupts.",36,0,0,40,34,0,12,27
Hunter,Marksmanship,Ability,"Steady Shot",56641,"A steady shot that causes 75% weapon damage plus 9. Causes an additional 10 to slowed targets.",1,0,0,0,0,0,0,0
Hunter,Marksmanship,Ability,"Tranquilizing Shot",19801,"Attempts to remove 1 Enrage and 1 Magic effect from an enemy target.",44,0,0,40,42,0,0,0
Hunter,Marksmanship,Ability,"Trueshot Aura",19506,"Increases the attack power of all party and raid members by 10% within 100 yards.   Does not stack with other similar effects.",30,0,0,32,28,0,9,21
Hunter,Marksmanship,Ability,"Viper Sting",3034,"Stings the target, draining 4% mana over 8 sec (up to a maximum of 8% of the caster's maximum mana), and energizing you equal to the amount drained. Only one Sting per Hunter can be active on any one target.",36,0,0,32,34,0,0,0
Hunter,Marksmanship,Ability,"Volley",1510,"Continuously fires a volley of ammo at the target area, causing 55 Arcane damage to enemy targets within 8 yards every 1.00 second for 6 sec.",40,0,0,11,38,0,0,0
Hunter,Marksmanship,Talent,"Barrage",19461,"Increases the damage done by your Multi-Shot, Aimed Shot and Volley spells by 12%.",16,0,0,0,0,0,6,12
Hunter,Marksmanship,Talent,"Careful Aim",34482,"Requires  Primary Stat: Agility    Increases your hit chance by 3%.   Increases your ranged attack power by an amount equal to 60% of your total Intellect",12,0,0,0,0,0,0,0
Hunter,Marksmanship,Talent,"Combat Experience",34475,"Increases your total Agility by 4%.    Increases your melee and ranged critical strike chance by 4%.",24,0,0,0,0,0,6,15
Hunter,Marksmanship,Talent,"Concussive Barrage",35100,"Your successful Chimera Shot and Multi-Shot attacks have a 100% chance to Daze the target for 4 seconds.",22,0,0,0,0,0,6,12
Hunter,Marksmanship,Talent,"Efficiency",19416,"Increases your Ranged attack speed by 10%.    Reduces the mana cost of your Shots and Stings by 30%.",18,0,0,0,0,0,3,9
Hunter,Marksmanship,Talent,"Focused Aim",53620,"Increases your hit chance by 2%.    Reduces the pushback suffered from damaging attacks while casting Steady Shot by 70%.",10,0,0,0,0,0,0,0
Hunter,Marksmanship,Talent,"Go for the Throat",34950,"Your ranged and melee critical strikes cause your tamed beast to generate 50 Focus.    Dominate undead, enslaved demon or tamed dragonkin generate 50 Energy.     This effect cannot occur more than once every 2 seconds.",16,0,0,0,0,0,3,6
Hunter,Marksmanship,Talent,"Improved Arcane Shot",19454,"Increases the damage done by your Arcane Shot by 15%.",10,0,0,0,0,0,3,6
Hunter,Marksmanship,Talent,"Improved Barrage",35104,"Increases the critical strike chance of your Quick Shot, Multi-Shot and Aimed Shot abilities by 12%.    Reduces the pushback suffered from damaging attacks while channeling Volley by 100%.",30,0,0,0,0,0,9,21
Hunter,Marksmanship,Talent,"Improved Concussive Shot",19407,"Increases the duration of your Concussive Shot's daze effect by 2 sec.",10,0,0,0,0,0,0,0
Hunter,Marksmanship,Talent,"Improved Hunter's Mark",19421,"Increases the bonus attack power granted by your Hunter's Mark ability by 30%.    Reduces the mana cost of your Hunter's Mark ability by 100%.",12,0,0,0,0,0,0,0
Hunter,Marksmanship,Talent,"Improved Steady Shot",53221,"Your Steady Shot has a 50% chance to empower your next Aimed Shot, Arcane Shot, Chimera Shot, or Multi-Shots, increasing its damage by 20% and reducing its mana cost by 25%.",15,0,0,0,0,0,12,27
Hunter,Marksmanship,Talent,"Improved Stings",19464,"Increases the damage done by your Serpent Sting by 20%, and the effectiveness of Viper Sting by 30%.  Capstone Bonus: If your Serpent Sting is dispelled, the target is afflicted by Serpent's Kiss for 5 sec. Using Chimera Shot on a target afflicted by your Serpent's Kiss deals bonus Nature damage and applies Serpent Sting.",15,0,0,0,0,0,3,9
Hunter,Marksmanship,Talent,"Lethal Shots",19426,"Increases your critical strike chance with ranged weapons by 5%.",10,0,0,0,0,0,0,0
Hunter,Marksmanship,Talent,"Marked for Death",53241,"Increases the damage done by 6% on targets affected by Hunter's Mark.    Increases the critical strike damage bonus of your Hunter Abilities by 12%.",10,0,0,0,0,0,12,30
Hunter,Marksmanship,Talent,"Master Marksman",34485,"Increases your critical strike chance by 6%.     Reduces the mana cost of your Steady Shot, Aimed Shot, Chimera Shot and Kill Shot by 25%.",34,0,0,0,0,0,9,24
Hunter,Marksmanship,Talent,"Mortal Shots",19485,"Increases the critical strike damage bonus of your ranged abilities by 30%.",12,0,0,0,0,0,0,0
Hunter,Marksmanship,Talent,"Perforating Shots",853236,"Requires  Primary Stat: Strength Piercing Shots also causes your attacks to pierce 20% of the target's armor.",34,0,0,0,0,0,9,24
Hunter,Marksmanship,Talent,"Piercing Shots",53234,"Your critical Aimed Shot, Steady Shot, Arcane Shot, Chimera Shot, Multi-Shot and Kill Shot cause the target to take 40% of the damage dealt over 8 seconds.",30,0,0,0,0,0,9,21
Hunter,Marksmanship,Talent,"Ranged Weapon Specialization",19507,"Increases the damage dealt by your Auto Shot and Hunter Shots by 6%.",24,0,0,0,0,0,6,15
Hunter,Marksmanship,Talent,"Rapid Killing",34948,"Reduces the cooldown of your Rapid Fire ability by 180 seconds.     Killing an opponent that yields experience or honor makes your next two Aimed Shot, Arcane Shot or Chimera Shots cause 20% additional damage.",15,0,0,0,0,0,3,6
Hunter,Marksmanship,Talent,"Rapid Recuperation",53228,"Regenerate 6% of your base mana every 3 sec while under the effect of Rapid Fire.    Regenerate 2% of your base mana every 2 sec when you gain Rapid Killing.",34,0,0,0,0,0,9,24
Hunter,Marksmanship,Talent,"Wild Quiver",53215,"You have a 30% chance to shoot an additional shot when dealing damage with your Auto Shot or Steady Shot, dealing 60% weapon Nature damage.",20,0,0,0,0,0,12,27
Hunter,Survival,Ability,"Black Arrow",3674,"Fires a Black Arrow at the target, increasing all damage done by you to the target by 6% and dealing 94 Shadow damage every 3 over 15 sec.",36,0,0,0,34,0,12,27
Hunter,Survival,Ability,"Counterattack",19306,"A strike that becomes active after parrying an opponent's attack. This attack deals 48 damage and immobilizes the target for 5 sec.     Counterattack cannot be blocked, dodged, or parried.",22,0,0,0,20,0,6,12
Hunter,Survival,Ability,"Deterrence",19263,"When activated, increases parry chance by 100%, reduces the chance ranged attacks will hit you by 100% and grants a 100% chance to deflect spells.  While Deterrence is active, you cannot attack.  Lasts 5 sec.",36,0,0,40,34,0,0,0
Hunter,Survival,Ability,"Disengage",781,"You attempt to disengage from combat, leaping backwards.  This ability is usable while shapeshifted.",16,0,0,32,14,0,0,0
Hunter,Survival,Ability,"Explosive Shot",53301,"You fire an explosive charge into the enemy target, dealing 34 Fire damage to the target.    Nearby enemies are also hit, for 40% of damage dealt.     The charge will blast the target every second for an additional 2 sec.",40,0,0,0,38,0,15,30
Hunter,Survival,Ability,"Explosive Trap",13813,"Place a fire trap that explodes when an enemy approaches, causing 109 to 139 Fire damage and burning all enemies for 181 additional Fire damage over 20 sec to all within 10 yards. Trap will exist for 30 sec. Only one trap can be active at a time.",34,0,0,10,32,0,0,0
Hunter,Survival,Ability,"Feign Death",5384,"Feign death which may trick enemies into ignoring you. Raid Bosses will see through this trick, but staying feigned will deceive them. Lasts up to 6 min.  This ability is usable while shapeshifted.",30,0,0,40,28,0,0,0
Hunter,Survival,Ability,"Freezing Arrow",60192,"Fire a freezing arrow that places a Freezing Trap at the target location, freezing the first enemy that approaches, preventing all action for up to 20 sec.  Any damage caused will break the ice.  Trap will exist for 30 sec. Only one trap can be active at a time.",60,0,0,40,58,0,0,0
Hunter,Survival,Ability,"Freezing Trap",1499,"Place a frost trap that freezes the first enemy that approaches, preventing all action for up to 10 sec.(8 seconds against players).    Any damage caused will break the ice.   Trap will exist for 30 sec.   Only one trap can be active at a time.",20,0,0,29,18,0,0,0
Hunter,Survival,Ability,"Frost Trap",13809,"Place a frost trap that creates an ice slick around itself for 30 sec when the first enemy approaches it. All enemies within 10 yards will be slowed by 50% while in the area of effect. Trap will exist for 30 sec. Only one trap can be active at a time.",20,0,0,29,18,0,0,0
Hunter,Survival,Ability,"Glaive Toss",954821,"You hurl two glaives toward the target, each dealing 75% weapon damage.",12,0,0,3,10,0,0,0
Hunter,Survival,Ability,"Immolation Trap",13795,"Place a fire trap that will burn the first enemy to approach for 139 Fire damage over 15 sec. Trap will exist for 30 sec. Only one trap can be active at a time.",16,0,0,4,14,0,0,0
Hunter,Survival,Ability,"Misdirection",34477,"The current party or raid member targeted will receive the threat caused by your spells and attacks for 6 sec afterwards.",44,0,0,26,42,0,0,0
Hunter,Survival,Ability,"Mongoose Bite",1495,"Attack the enemy for 16 damage.",1,0,0,0,0,0,0,0
Hunter,Survival,Ability,"Raptor Strike",2973,"A strong attack that increases melee damage by 5.",1,0,0,0,0,0,0,0
Hunter,Survival,Ability,"Scatter Shot",19503,"A short-range shot that deals 50% weapon damage and disorients the target for 4 sec.  Any damage caused except for Piercing Shots and Serpent Sting will remove the effect. Turns off your attack when used.",16,0,0,23,14,0,3,6
Hunter,Survival,Ability,"Snake Trap",34600,"Place a trap that will release several venomous snakes to attack the first enemy to approach. The snakes will die after 15 sec. Trap will exist for 30 sec. Only one trap can be active at a time.",60,0,0,40,58,0,0,0
Hunter,Survival,Ability,"Track Beasts",1494,"Shows the location of all nearby beasts on the minimap and increases damage dealt to beasts by 1%.  Only one form of tracking can be active at a time.",1,0,0,0,0,0,0,0
Hunter,Survival,Ability,"Track Demons",19878,"Shows the location of all nearby demons on the minimap and increases damage dealt to demons by 1%. Only one form of tracking can be active at a time.",32,0,0,9,30,0,0,0
Hunter,Survival,Ability,"Track Dragonkin",19879,"Shows the location of all nearby dragonkin on the minimap and increases damage dealt to dragonkin by 1%. Only one form of tracking can be active at a time.",50,0,0,13,48,0,0,0
Hunter,Survival,Ability,"Track Elementals",19880,"Shows the location of all nearby elementals on the minimap and increases damage dealt to elementals by 1%. Only one form of tracking can be active at a time.",26,0,0,7,24,0,0,0
Hunter,Survival,Ability,"Track Giants",19882,"Shows the location of all nearby giants on the minimap and increases damage dealt to giants by 1%. Only one form of tracking can be active at a time.",40,0,0,11,38,0,0,0
Hunter,Survival,Ability,"Track Hidden",19885,"Greatly increases stealth detection and shows hidden units within detection range on the minimap.     Only one form of tracking can be active at a time.",24,0,0,21,22,0,0,0
Hunter,Survival,Ability,"Track Humanoids",19883,"Shows the location of all nearby humanoids on the minimap. Only one form of tracking can be active at a time.",10,0,0,8,8,0,0,0
Hunter,Survival,Ability,"Track Undead",19884,"Shows the location of all nearby undead on the minimap and increases damage dealts to undead by 1%. Only one form of tracking can be active at a time.",18,0,0,5,16,0,0,0
Hunter,Survival,Ability,"Tracking Mastery",801494,"You gain Tracking Mastery when learning any Tracking Ability.     This Mastery automatically unlocks additional Tracking Abilities when you reach their Class Point requirements at no additional ability essence cost.    Track Beasts Shows the location of all nearby beasts on the minimap and increases damage dealt to beasts by 1%.    Track Humanoids Shows the location of all nearby humanoids on the minimap.    Track Undead Shows the location of all nearby undead on the minimap and increases damage dealts to undead by 1%.    Track Elementals Shows the location of all nearby elementals on the minimap and increases damage dealt to elementals by 1%.    Track Demons Shows the location of all nearby demons on the minimap and increases damage dealt to demons by 1%.    Track Giants Shows the location of all nearby giants on the minimap and increases damage dealt to giants by 1%.    Track Dragonkin Shows the location of all nearby dragonkin on the minimap and increases damage dealt to dragonkin by 1%.    Track Hidden Greatly increases stealth detection and shows hidden units within detection range on the minimap.     Only one form of tracking can be active at a time.",10,0,0,3,14,0,0,0
Hunter,Survival,Ability,"Wing Clip",2974,"Maims the enemy, dealing 16 damage and reducing the target's movement speed by 50% for 10 sec.",12,0,0,10,10,0,0,0
Hunter,Survival,Ability,"Wyvern Sting",19386,"A stinging shot that puts the target to sleep for 30 sec. (6 seconds against players) Any damage will cancel the effect.  When the target wakes up, the Sting causes 300 Nature damage over 6 sec. Only one Sting per Hunter can be active on the target at a time.",30,0,0,40,28,0,9,21
Hunter,Survival,Talent,"Entrapment",19184,"When your Frost Trap or Snake Trap is triggered you entrap all afflicted targets, preventing them from moving for 4 sec.",22,0,0,0,0,0,6,12
Hunter,Survival,Talent,"Expose Weakness",34500,"Critical strikes have a 100% chance to grant you Expose Weakness. Expose Weakness increases your attack power by 25% of your Agility for 7 sec.",30,0,0,0,0,0,9,21
Hunter,Survival,Talent,"Hawk Eye",19498,"Increases the range of your ranged weapons by 6 yards.",10,0,0,0,0,0,0,0
Hunter,Survival,Talent,"Hunter vs. Wild",56339,"Increases your attack power and ranged attack power equal to 30% of your total Stamina.",22,0,0,0,0,0,6,12
Hunter,Survival,Talent,"Hunting for Sport",4227,"Increases damage done by 12% to targets under 35% health.    Increases Expertise by 6.",36,0,0,0,0,0,12,27
Hunter,Survival,Talent,"Hunting Party",53290,"Increases your Agility by 3%.  Your Arcane Shot, Explosive Shot and Steady Shot critical strikes have a 100% chance to grant Replenishment.    Replenishment Replenishes 1% of maximum mana per 5 sec on up to 10 party members for 15 sec.",40,0,0,0,0,0,12,30
Hunter,Survival,Talent,"Improved Glaive Toss",956031,"Increases the damage of your Glaive Toss by 15%.  Capstone Bonus: Your Glaive Toss jumps to 2 additional nearby targets, and if you are further than 15 yards away targets hit are slowed by 30% for 3 sec.",12,0,0,0,0,0,0,0
Hunter,Survival,Talent,"Killer Instinct",19370,"Increases your critical strike chance by 3%.     You have a 100% chance to allow the use of your Counterattack ability after using Mongoose Bite, Explosive Shot or Glaive Toss for 8 sec.     This effect can only occur once every 8 seconds.",22,0,0,0,0,0,6,12
Hunter,Survival,Talent,"Lightning Reflexes",19168,"Increases your Agility by 15%.",24,0,0,0,0,0,6,15
Hunter,Survival,Talent,"Lock and Load",56342,"Trapping a target with Freezing Trap, Freezing Arrow or Frost Trap has a 100% chance to cause your next 2 Arcane Shot or Explosive Shot spells to trigger no cooldown, and cost no mana.      Periodic damage from Immolation Trap, Explosive Trap and Black Arrow has a 30% to trigger this effect.     This effect has a 15 sec cooldown.",16,0,0,0,0,0,3,9
Hunter,Survival,Talent,"Lone Wolf",52783,"Increases the damage of your Auto Shot and Hunter abilities by 8% while you do not have a pet active.",10,0,0,0,0,0,0,0
Hunter,Survival,Talent,"Master Tactician",34506,"Your successful offensive ranged shots have a 15% chance to increase your critical strike chance by 9% for 8 sec.",34,0,0,0,0,0,9,24
Hunter,Survival,Talent,"Noxious Stings",53295,"You deal 3% more damage to targets afflicted by your Serpent Sting.     If Wyvern Sting is dispelled, the dispeller is also afflicted by Wyvern Sting lasting 50% of the duration remaining.",15,0,0,40,0,0,9,24
Hunter,Survival,Talent,"Point of No Escape",53298,"Increases the critical strike chance of all of your attacks on targets affected by your Frost Trap, Freezing Trap and Freezing Arrow by 6%.",36,0,0,0,0,0,12,27
Hunter,Survival,Talent,"Relentless",636,"Damage from Mongoose Bite, Raptor Strike and Counterattack pierce through 20% of the target's armor.",24,0,0,0,0,0,6,15
Hunter,Survival,Talent,"Resourcefulness",34491,"Reduces the mana cost of all traps, Hunter melee abilities and Black Arrow by 60%.     Reduces the cooldown of all traps and Black Arrow by 10 sec.  Capstone Bonus: Dealing damage with Immolation Trap, Explosive Trap or Black Arrow reduces the cooldown of your Mongoose Bite, Raptor Strike and Glaive Toss by 1 second.  This effect cannot occur more than once every second.",20,0,0,0,0,0,6,15
Hunter,Survival,Talent,"Savage Retaliation",19295,"Increases the damage dealt by your Counterattack by 15%.   Capstone Bonus: Your Mongoose Bite and Raptor Strike critical hits now lower the internal cooldown of Killer Instinct. This effect has a 4 seconds cooldown.",16,0,0,0,0,0,3,6
Hunter,Survival,Talent,"Savage Strikes",19159,"Increases the critical strike chance of Counterattack, Mongoose Bite, Raptor Strike and Wing Clip by 24%.",10,0,0,0,0,0,0,0
Hunter,Survival,Talent,"Shredding Strikes",888010,"Increases the damage of Counterattack, Mongoose Bite and Raptor Strike by 15%.",12,0,0,0,0,0,0,0
Hunter,Survival,Talent,"Sniper Training",53302,"Increases the critical strike chance of your Kill Shot ability by 15%.    While standing still for 6 sec, you gain Sniper Training increasing the damage of your Steady Shot, Aimed Shot, Black Arrow and Explosive Shot by 6% for 15 sec.",20,0,0,0,0,0,9,24
Hunter,Survival,Talent,"Surefooted",19290,"Reduces the duration of movement impairing effects by 30%.",30,0,0,0,0,0,9,21
Hunter,Survival,Talent,"Survival Instincts",34494,"Reduces all damage taken by 3%.    Increases the critical strike chance of your Arcane Shot, Steady Shot, Explosive Shot and Glaive Toss by 6%.",12,0,0,0,0,0,0,0
Hunter,Survival,Talent,"Survival Tactics",19286,"Reduces the chance your Feign Death ability and all trap spells will be resisted by 4%, and reduces the cooldown of your Disengage ability by 4 sec.",16,0,0,0,0,0,3,6
Hunter,Survival,Talent,"Survivalist",19255,"Increases your Agility and Stamina by 3%.     Reduces the duration of all Disarm effects used against you by 30%.    This does not stack with other Disarm duration reducing effects.",16,0,0,0,0,0,3,6
Hunter,Survival,Talent,"T.N.T.",56333,"Increases the damage done by your Explosive Shot,  Explosive Trap, Black Arrow and Immolation Trap by 6%.",16,0,0,0,0,0,3,9
Hunter,Survival,Talent,"Thrill of the Hunt",34497,"Direct damage Hunter Shots refund 40% of their mana cost when they critically hit.    Arcane Shot and Explosive Shot criticals refund 1 sec of their cooldown, and 2 sec of your Chimera Shot, Multi-Shot, and Aimed Shot. This effect cannot trigger multiple times from the same shot.",30,0,0,0,0,0,9,21
Hunter,Survival,Talent,"Trap Mastery",19376,"Frost Trap - Increases the duration by 30%.  Immolation Trap, Explosive Trap and Black Arrow - Increases the periodic damage done by 30%.  Snake Trap - Increases the number of snakes summoned by 6.",16,0,0,0,0,0,3,9
Mage,Arcane,Ability,"Alter Time",86397,"Alter the fabric of time, causing the caster to return to their current location, their health and mana, when cast a second time, or after 4 sec. Any self-applied, magic dispellable effects are also returned to their previous state.  Effect negated if the caster dies within the 4 sec or before the effect occurs, or moves too far away.",40,0,0,40,38,0,0,0
Mage,Arcane,Ability,"Amplify Magic",1008,"Amplifies magic used against the targeted party member, increasing magic damage taken by 5% and healing spells by 5%.  Lasts 10 min.  This ability is usable while shapeshifted.",18,0,0,18,16,0,0,0
Mage,Arcane,Ability,"Arcane Barrage",44425,"Launches several missiles at the enemy target, causing 251 to 306 Arcane damage.",40,0,0,0,38,0,15,30
Mage,Arcane,Ability,"Arcane Blast",30451,"Blasts the target with energy, dealing 155 to 179 Arcane damage.      Casting this increases all Arcane damage by 15% and its mana cost by 150%. Stacks up to 4 and lasts 6 sec, removed if you cast another Arcane ability that deals damage.",18,0,0,5,16,0,0,0
Mage,Arcane,Ability,"Arcane Explosion",1449,"Causes an explosion of arcane magic around the caster, causing 28 to 32 Arcane damage to all targets within 10 yards.",12,0,0,3,10,0,0,0
Mage,Arcane,Ability,"Arcane Intellect",1459,"Increases the target's Intellect by 2 and spell power by 2 for 30 min.   Does not stack with other similar effects.",1,0,0,4,0,0,0,0
Mage,Arcane,Ability,"Arcane Missiles",5143,"Launches Arcane Missiles at the enemy, causing 17 Arcane damage every 1 sec for 3 sec.",1,0,0,0,0,0,0,0
Mage,Arcane,Ability,"Arcane Orb",955032,"Launches an Arcane Orb forward from your position, traveling up to 35 yards, dealing 336 Arcane damage every 0.5 sec to enemies it passes through and increasing their Arcane damage taken from you by 10%.     Subsequent hits on the same target deals 50% less damage.",40,0,0,40,38,0,0,0
Mage,Arcane,Ability,"Arcane Power",12042,"When activated, your spells and abilities deal 20% more magic damage while costing 20% more mana to cast.  This effect lasts 15 sec.   Does not stack with other similar effects.  This ability can be used while in Cat, Bear, Moonkin or Tree of Life Shapeshifts.",30,0,0,40,28,0,9,21
Mage,Arcane,Ability,"Arcane Ward",92171,"Absorbs 165 Arcane damage. Lasts 30 sec.  This ability is usable while shapeshifted.",14,0,0,12,12,0,0,0
Mage,Arcane,Ability,"Blink",1953,"Teleports the caster 20 yards forward, unless something is in the way.  Also frees the caster from stuns and bonds.",16,0,0,32,14,0,0,0
Mage,Arcane,Ability,"Brilliance Aura",91234,"Restores 2% missing mana every 1 second to all party members within 35 yards for 15 sec.",16,0,0,24,14,0,0,0
Mage,Arcane,Ability,"Conjure Food",587,"Conjures 10 muffins, providing the mage and her allies with something to eat.  Conjured items disappear if logged out for more than 15 minutes.",1,0,0,4,2,0,0,0
Mage,Arcane,Ability,"Conjure Mana Gem",759,"Conjures a mana agate that can be used to instantly restore 314 to 337 mana. 3 charges.",28,0,0,24,26,0,0,0
Mage,Arcane,Ability,"Conjure Refreshment",42951,"Conjures 20 Mana Berries providing the mage and her allies with something to eat.  Conjured items disappear if logged out for more than 15 minutes.",50,0,0,11,48,0,0,0
Mage,Arcane,Ability,"Conjure Water",5504,"Conjures 10 bottles of water, providing the mage and her allies with something to drink.  Conjured items disappear if logged out for more than 15 minutes.",1,0,0,4,2,0,0,0
Mage,Arcane,Ability,"Counterspell",2139,"Counters the enemy's spell cast, preventing any spell from that school of magic from being cast for 8 sec. Generates a high amount of threat.     This ability shares a cooldown with other interrupts.",16,0,0,23,14,0,0,0
Mage,Arcane,Ability,"Dampen Magic",604,"Dampens magic used against the targeted party member, decreasing magic damage taken by 5% and healing spells by 5%.  Lasts 10 min.  This ability is usable while shapeshifted.",12,0,0,10,10,0,0,0
Mage,Arcane,Ability,"Dispel Curse",475,"Removes 1 Curse from a friendly target.",10,0,0,8,8,0,0,0
Mage,Arcane,Ability,"Evocation",12051,"While channeling this spell, you gain 60% of your total mana over 8 sec.",20,0,0,17,18,0,0,0
Mage,Arcane,Ability,"Focus Magic",54646,"Increases the target's chance to critically hit with spells by 3%.      When the target critically hits the caster's chance to critically hit with spells is increased by 3% for 10 sec.     Cannot be cast on self.",16,0,0,20,14,0,6,15
Mage,Arcane,Ability,"Invisibility",66,"Fades the caster to invisibility over 3 sec, reducing threat each second. While invisible, you can only see other invisible targets and those who can see invisible. Lasts 20 sec.",40,0,0,40,38,0,0,0
Mage,Arcane,Ability,"Invocation",986067,"Channel potent energies, reducing damage taken by 35% and periodically discharge projectiles of raw mana, dealing high-threat Magic damage to nearby enemies. Lasts 4 seconds.    While channeling you are immune to Stun effects.",14,0,0,12,12,0,0,0
Mage,Arcane,Ability,"Mage Armor",6117,"Increases your resistance to all magic by 5 and allows 50% of your mana regeneration to continue while casting. Lasts until cancelled.    Only one type of Mage Armor spell can be active at any time.",14,0,0,12,12,0,0,0
Mage,Arcane,Ability,"Mana Shield",1463,"Absorbs 120 damage, draining mana instead. Drains 1.5 mana per damage absorbed. Lasts 1 min.",20,0,0,29,18,0,0,0
Mage,Arcane,Ability,"Mana-forged Barrier",701463,"Your threat generated is significantly increased.    Teaches you Channeled Mana.      Channeled Mana 2 Mana Taunts the target to attack you, but has no effect if the target is already attacking you.    This spell is learned when you have a Tank Stance and cannot be unlearned.",1,0,0,14,8,0,0,0
Mage,Arcane,Ability,"Mass Invisibility",760052,"You and your allies within 40 yards instantly become invisible for 5 sec. The effect is cancelled if you perform any actions. While invisible, you can only see other invisible targets and those who can see invisible. Removes invulnerabilities when used.",50,0,0,40,48,0,0,0
Mage,Arcane,Ability,"Mirror Image",55342,"Creates 3 copies of the caster nearby, which cast spells and attack the mage's enemies.  Lasts 30 sec.",50,0,0,40,48,0,0,0
Mage,Arcane,Ability,"Polymorph",118,"Transforms the enemy into a sheep, forcing it to wander around for up to 20 sec. While wandering, the sheep cannot attack or cast spells but will regenerate very quickly.      Any damage will transform the target back into its normal form.     Only one target can be polymorphed at a time. Only works on Beasts, Humanoids and Critters.    8 second duration on players",10,0,0,9,6,0,0,0
Mage,Arcane,Ability,"Portal Mastery",818045,"Gives the ability to learn Portal and Teleport spells.  You can learn the various Teleports and Portals in many towns and cities!",20,0,0,17,42,0,0,0
Mage,Arcane,Ability,"Presence of Mind",12043,"When activated, your next damaging spell within 10 sec with a casting time less than 10 sec becomes instant.",22,0,0,32,20,0,6,12
Mage,Arcane,Ability,"Ritual of Refreshment",43601,"Begins a ritual to create a refreshment table. Raid members can click to receive Conjured Mana Berries.     Requires the caster and 2 others to complete. Participants must right-click the portal and remain still.    Lasts 3 min or 50 charges.",50,0,0,11,48,0,0,0
Mage,Arcane,Ability,"Slow Fall",130,"Slows friendly party or raid target's falling speed for 30 sec.  This ability is usable while shapeshifted.",12,0,0,3,10,0,0,0
Mage,Arcane,Ability,"Slow",31589,"Reduces target's movement speed by 60%, increases the time between ranged attacks by 60% and increases casting time by 30%.  Lasts 15 sec(10 versus players) Slow can only affect one target at a time.   Does not stack with other similar effects.",36,0,0,40,34,0,12,27
Mage,Arcane,Ability,"Spellsteal",30449,"Steals a beneficial magic effect from the target.  This effect lasts a maximum of 2 min.",50,0,0,40,48,0,0,0
Mage,Arcane,Talent,"Arcane Concentration",11213,"Gives you a 15% chance of entering a Clearcasting state after using a magic damaging spell or ability.    The Clearcasting state reduces the mana, energy or rage cost of your next spell by 100%.",10,0,0,0,0,0,0,0
Mage,Arcane,Talent,"Arcane Empowerment",31579,"Increases the damage of all party and raid members by 3%.   Does not stack with other similar effects.    Increases the spell damage scaling of your Arcane Missiles by 30%.    Increases the spell damage scaling of your Arcane Blast by 15%.",20,0,0,0,0,0,9,21
Mage,Arcane,Talent,"Arcane Flows",44378,"Reduces the cooldown of your Presence of Mind, Arcane Power, Arcane Orb, Alter Time and Invisibility spells by 30%.    Reduces the cooldown of Evocation by 30 seconds.",34,0,0,40,0,0,9,24
Mage,Arcane,Talent,"Arcane Focus",26806,"Increases your Spell penetration by 0, scaling with your level.    Reduces the mana cost of your Arcane spells and abilities by 3%.",10,0,0,0,0,0,0,0
Mage,Arcane,Talent,"Arcane Fortitude",28574,"Increases your armor by an amount equal to 150% of your Intellect.     This effect is doubled while Mana-forged Barrier is active.   Capstone Bonus: Your armor contribution from Cloth gear is increased by 30% while Mana-Forged Barrier is active.",12,0,0,0,0,0,0,0
Mage,Arcane,Talent,"Arcane Instability",15058,"Increases your spell damage done by 3%.     Increases your critical strike chance by 3%.",24,0,0,32,0,0,6,15
Mage,Arcane,Talent,"Arcane Meditation",18462,"Increases your haste by 3%.    Allows 25% of your mana regeneration to continue while casting.",18,0,0,0,0,0,3,9
Mage,Arcane,Talent,"Arcane Mind",11232,"Increases your total Intellect by 10% and your spell critical chance by 3%.     The duration of Alter Time is increased by 2 sec.  Capstone Bonus: Reduces the global cooldown of Alter Time by 100%.",22,0,0,0,0,0,6,12
Mage,Arcane,Talent,"Arcane Potency",31571,"Increases the critical strike chance of your next damaging spell by 30% after gaining Presence of Mind or Clearcasting from Arcane Concentration. This effect will be consumed by any spell cast, even spells which cannot critically strike.",20,0,0,32,0,0,6,15
Mage,Arcane,Talent,"Arcane Shielding",11252,"Increases the resistances granted by Mage Armor by 50%.    Decreases the mana lost per point of damage taken when Mana Shield is active by 33%.",18,0,0,0,0,0,3,9
Mage,Arcane,Talent,"Arcane Stability",11237,"Increases your hit chance by 2%.    Reduces spell pushback suffered from damaging attacks by 70%.     Reduces the mana cost of your Arcane Mage spells by 6%.",10,0,0,0,0,0,0,0
Mage,Arcane,Talent,"Arcane Subtlety",11210,"Reduces the chance your helpful Mage spells and damage over time effects will be dispelled by 30%.    Reduces the threat caused by your Arcane spells by 40%.",10,0,0,0,0,0,0,0
Mage,Arcane,Talent,"Armory of the Archmage",101458,"Resistances granted by Magic Absorption are now increased by 100%.",45,0,0,30,0,0,0,0
Mage,Arcane,Talent,"Empowered Mana Shield",102224,"Increases the shielding amount of Mana Shield by 100%.    Reduces the chance you'll be critically hit by melee and spells by 6%.    Capstone Bonus: The shielding amount of Mana Shield is further increased by 40% of your Defense Rating.",22,0,0,0,0,0,6,12
Mage,Arcane,Talent,"Improved Blink",31569,"Reduces the mana cost of Blink by 50% and for 4 sec after casting your chance to be hit by all attacks and spells is reduced by 30%.",22,0,0,0,0,0,6,12
Mage,Arcane,Talent,"Improved Counterspell",11255,"Your Counterspell also silences the target for 4 sec.",18,0,0,0,0,0,3,9
Mage,Arcane,Talent,"Incanter's Absorption",44394,"When your Mana Shield, Frost Ward, Fire Ward, Arcane Ward, Ice Barrier, or Arcane Barrier absorbs damage your spell damage is increased by 15% of the amount absorbed for 10 sec.",30,0,0,0,0,0,9,21
Mage,Arcane,Talent,"Magic Absorption",29441,"Increases all resistances by 0.5 per level.    All spells that damage you have a 10% chance to restore 2% of your total mana. 6 second cooldown.",12,0,0,0,0,0,0,0
Mage,Arcane,Talent,"Medivh's Reach",12219,"Increases the range of your damaging spells with a channeling or cast time by 6 yards.     Does not stack with similar effects.",16,0,0,0,0,0,3,6
Mage,Arcane,Talent,"Mind Mastery",31584,"Increases spell damage by 9% of your Intellect.     Reduces the mana cost of all spells by 6%.     Increases the duration of Brilliance Aura by 6 seconds.",40,0,0,0,0,0,12,30
Mage,Arcane,Talent,"Missile Barrage",44404,"Using Arcane direct damage spells and abilities has a 40% chance, and Fire and Frost have a 20% chance to empower your next Arcane Missiles, reducing its channel and fire time by 2 seconds, and removing its mana cost.    Arcane Missiles cannot trigger this effect.",20,0,0,0,0,0,12,27
Mage,Arcane,Talent,"Netherwind Presence",44400,"Increases spell haste by 9%.",40,0,0,0,0,0,12,30
Mage,Arcane,Talent,"Power Surge",828574,"Your direct damaging spells with a cast or channel time have a 100% chance to grant you a Power Surge, reducing all damage taken by 2% for 6 seconds, stacking up to 3 times.",10,0,0,0,0,0,0,0
Mage,Arcane,Talent,"Prismatic Cloak",31574,"Reduces all damage taken by 6%.     Reduces the fade time of your Invisibility spell by 3 sec.",24,0,0,0,0,0,6,15
Mage,Arcane,Talent,"Spell Impact",11242,"Increases the damage of your Arcane Explosion, Arcane Blast, Arcane Barrage, Arcane Orb, Blast Wave, Fire Blast, Scorch, Pyroblast, Ice Lance and Cone of Cold spells by 6%.",12,0,0,0,0,0,3,6
Mage,Arcane,Talent,"Spell Power",35578,"Your spell critical strikes now deal 200% damage.      This does not stack with other similar effects.  Capstone Bonus: Dealing direct critical damage with a spell while your mana is below 50% taps into raw power, restoring 1% of your total mana each second and increasing your magic damage by 4% and Arcane damage by another 2%. This effect lasts for 15 seconds and can only occur once every 30 seconds.",34,0,0,0,0,0,9,24
Mage,Arcane,Talent,"Spellblade",812575,"Your melee attacks have a 12% chance to restore 20% of your base mana.",10,0,0,0,0,0,0,0
Mage,Arcane,Talent,"Student of the Mind",44397,"Increases your total Spirit by 9%.  Capstone Bonus: Your spell damage is increased by 10% of your Spirit.",16,0,0,0,0,0,3,6
Mage,Arcane,Talent,"Torment the Weak",29447,"Your Frostbolt, Fireball, Frostfire Bolt, Pyroblast, Arcane Missiles, Arcane Blast, and Arcane Barrage abilities deal 12% more damage to targets affected by a movement or attack speed slow.",10,0,0,0,0,0,3,9
Mage,Fire,Ability,"Blast Wave",11113,"A wave of flame radiates outward from the caster, damaging all enemies caught within the blast for 76 to 88 Fire damage, knocking them back and dazing them for 6 sec.",22,0,0,32,20,0,6,12
Mage,Fire,Ability,"Combustion",11129,"When activated, this spell increases your critical strike damage bonus with Fire damage spells and abilities by 50%, and causes each of your damaging Fire hits to increase your critical strike chance with Fire damage by 10%.  This effect lasts until you have caused 3 non-periodic Fire critical strikes.",30,0,0,40,28,0,9,21
Mage,Fire,Ability,"Dragon's Breath",31661,"Targets in a cone in front of the caster take 170 to 207 Fire damage and are Disoriented for 5 sec.  Any direct damaging attack will revive targets.  Turns off your attack when used.",36,0,0,40,34,0,12,27
Mage,Fire,Ability,"Fire Blast",2136,"Blasts the enemy for 19 to 23 Fire damage.",1,0,0,0,0,0,0,0
Mage,Fire,Ability,"Fire Ward",543,"Absorbs 165 Fire damage.  Lasts 30 sec.  This ability is usable while shapeshifted.",14,0,0,12,12,0,0,0
Mage,Fire,Ability,"Fireball",133,"Hurls a fiery ball that causes 14 to 22 Fire damage and an additional 2 Fire damage over 4 sec.",1,0,0,0,0,0,0,0
Mage,Fire,Ability,"Flamestrike",2120,"Calls down a pillar of fire, burning all enemies within the area for 52 to 68 Fire damage and an additional 48 Fire damage over 8 sec.",16,0,0,4,14,0,0,0
Mage,Fire,Ability,"Living Bomb",44457,"The target becomes a Living Bomb, taking 256 Fire damage over 12 sec.  After 12 sec or when the spell is dispelled, the target explodes dealing 120 Fire damage to all enemies within 10 yards.",40,0,0,0,38,0,15,30
Mage,Fire,Ability,"Meteor",760040,"Calls down a meteor which lands at the target location after 3 seconds, dealing 142 Fire damage within 8 yards, and burns the ground for 154 Fire damage over 6 sec to all enemies in the area.",36,0,0,40,34,0,0,0
Mage,Fire,Ability,"Molten Armor",30482,"Causes 40 Fire damage when hit.    Increases your critical strike rating by 10% of your Spirit.    Reduces the chance you are critically hit by 5%.      Lasts until cancelled.    Only one type of Mage Armor spell can be active at any time.",44,0,0,40,42,0,0,0
Mage,Fire,Ability,"Pyroblast",11366,"Hurls an immense fiery boulder that causes 133 to 176 Fire damage and an additional 52 Fire damage over 12 sec.",16,0,0,0,14,0,3,6
Mage,Fire,Ability,"Scorch",2948,"Scorch the enemy for 53 to 65 Fire damage.",22,0,0,6,20,0,0,0
Mage,Fire,Ability,"Tame Dragonkin",91634,"Teaches you the necessary abilities to tame a Dragonkin companion.  Teaches you Tame Dragonkin, Call Dragonkin, Dismiss Dragonkin, Revive Dragonkin and Dragonkin Lore.      Tame Dragonkin Begins taming a dragonkin to be your companion.    Your armor is reduced by 10% while you focus for 20 sec.    If you lose the dragonkin's attention, the taming process will fail.",1,0,0,14,8,0,0,0
Mage,Fire,Talent,"Blazing Speed",31641,"Gives you a 10% chance when hit by a melee or ranged attack to increase your movement speed by 50% and dispel all movement impairing effects.  This effect lasts 8 sec.",24,0,0,0,0,0,6,15
Mage,Fire,Talent,"Burning Determination",54747,"When Interrupted or Silenced you have a 100% chance to become immune to the next Interrupt or Silence mechanic.  Lasts 20 sec.",18,0,0,0,0,0,3,9
Mage,Fire,Talent,"Burning Soul",11083,"Increases your critical strike chance by 2%.    Reduces spell pushback suffered from damaging attacks by 70%.",12,0,0,0,0,0,0,0
Mage,Fire,Talent,"Burnout",44449,"Your spell critical strikes now deal 200% damage.     This does not stack with other similar effects.  Capstone Bonus: Dealing direct Fire damage on targets afflicted by your Ignite increases your spell damage by 3% for 8 seconds. Dealing direct magic non-Fire damage to targets affected by your Ignite causes an explosion, dealing damage to all nearby enemies. Both effects require the final rank of Ignite.",24,0,0,0,0,0,6,15
Mage,Fire,Talent,"Critical Mass",11115,"Increases the critical strike chance of your Fire spells and abilities by 6%.",22,0,0,0,0,0,6,12
Mage,Fire,Talent,"Draconic Knowledge",435691,"Grants you an effect based on the aspect of your Dragonkin as long as it is active.  Bronze: Increases your Haste by an amount equal to 12% of your Tamed Dragon's Intellect  Blue: Increases your restored Mana Per 5 Seconds by 24% of your Tamed Dragon's Intellect  Red: Increases your Critical Strike Rating by 15% of your Tamed Dragon's Intellect  Green: Increases your Healing Power by 15% of your Tamed Dragon's Intellect  Black: Increases your Attack Power by 20% of your Tamed Dragon's Intellect  Other Dragonkin: Increases Spell Damage by 15% of your Tamed Dragon's Intellect",18,0,0,0,0,0,3,9
Mage,Fire,Talent,"Empowered Fire",31656,"Increases the spell damage scaling of your Fireball, Frostfire Bolt, Pyroblast, and Living Bomb spells by 15%.    Each time your Ignite deals damage, you have a 100% chance to regain 2% of your base mana.",20,0,0,0,0,0,9,24
Mage,Fire,Talent,"Fiery Payback",64353,"Melee and ranged attacks made against you have a 10% chance to disarm your attacker's main hand and ranged weapons for 6 sec.    When below 35% health all damage taken is reduced by 20% and your Pyroblast spell's cast time is reduced by 3.50 secs while the cooldown is increased by 5.0 secs.",34,0,0,0,0,0,9,24
Mage,Fire,Talent,"Fire Power",11124,"Increases all damage done by 3%.    Increases your Fire damage done by 6%.",40,0,0,0,0,0,12,30
Mage,Fire,Talent,"Firestarter",44442,"Casting direct damaging Fire spells or abilities that have a cooldown has a 100% chance to make your next Flamestrike instant, cost no mana, and deal 30% more direct damage.",16,0,0,40,0,0,12,27
Mage,Fire,Talent,"Flame Throwing",11100,"Increases the range of your damaging spells by 6 yards. This does not stack with other similar effects.",16,0,0,0,0,0,3,6
Mage,Fire,Talent,"Hot Streak",44445,"Any time you score 2 non-periodic fire spell or ability criticals in a row you have a 100% chance the next Pyroblast spell cast within 10 sec will be instant cast.    Pyroblast cannot trigger this by itself.",20,0,0,0,0,0,12,27
Mage,Fire,Talent,"Ignite",11119,"Your critical strikes from direct Fire damage spells and abilities cause the target to burn for an additional 40% of the triggering spell or abilityâ€™s damage over 4 seconds.",10,0,0,0,0,0,0,0
Mage,Fire,Talent,"Impact",11103,"Your direct damaging spells have a 10% chance and your Meteor has a 100% chance to cause the next Fire Blast you cast to stun the target for 3 sec",15,0,0,0,0,0,3,6
Mage,Fire,Talent,"Improved Fire Blast",11078,"Reduces the cooldown of your Fire Blast spell by 2 sec.",10,0,0,0,0,0,0,0
Mage,Fire,Talent,"Improved Fireball",11069,"Increases the critical strike chance of Fireball by 9%.",10,0,0,0,0,0,0,0
Mage,Fire,Talent,"Improved Molten Armor",30488,"Increases the critical strike rating given by Molten armor by an additional 25% of your Spirit.",45,0,0,40,0,0,0,0
Mage,Fire,Talent,"Improved Scorch",11095,"Increases your chance to critically hit with Scorch, Fireball and Frostfire Bolt by an additional 3%.    Your Scorch spell has a 100% chance to cause your target to be vulnerable to spell damage, increasing spell critical strike chance against that target by 5% and lasts 30 sec.   Does not stack with other similar effects.",10,0,0,0,0,0,3,9
Mage,Fire,Talent,"Incineration",18459,"Increases the critical strike chance of your Fire Blast, Scorch, Arcane Blast and Cone of Cold spells by 6%.",10,0,0,0,0,0,0,0
Mage,Fire,Talent,"Master of Elements",29074,"Your offensive spell criticals will refund 30% of their base mana cost.",18,0,0,0,0,0,3,9
Mage,Fire,Talent,"Molten Fury",31679,"Increases damage done by all Spells and Abilities by 12% to targets under 35% health.",30,0,0,0,0,0,9,21
Mage,Fire,Talent,"Molten Shields",11094,"Reduces the cooldown of Fire Ward, Frost Ward, Arcane Ward and Shadow Ward by 4 sec.    Your Fire Ward, Frost Ward, Arcane Ward and Shadow Ward spells to have a 100% chance to reflect spells from the school it wards against for 1 sec.",16,0,0,0,0,0,3,6
Mage,Fire,Talent,"Playing with Fire",31638,"Increases all damage done by 2% and all magic damage taken by 2%.   Dealing direct magic damage now has a 100% chance to reduce the cooldown of your Combustion and Dragon's Breath by 1 second, doubled when dealing critical strikes.  Dragon's Breath cannot reduce its own cooldown. Up to 15 seconds reduction. Max 5 seconds reduction for Explosive Shot.",22,0,0,0,0,0,6,12
Mage,Fire,Talent,"Pyromaniac",34293,"Increases your critical strike chance by 3%.    Allows 25% of your mana regeneration to continue while casting.   Capstone Bonus: All threat generated is reduced by 30%. This capstone effect does not stack with similar capstone effects.",30,0,0,0,0,0,9,21
Mage,Fire,Talent,"World in Flames",11108,"Increases the critical strike chance of your Flamestrike, Pyroblast, Blast Wave, Dragon's Breath, Living Bomb, Meteor, Blizzard and Arcane Explosion spells by 6%.",12,0,0,0,0,0,0,0
Mage,Frost,Ability,"Blizzard",10,"Ice shards pelt the target area doing 288 Frost damage over 8 sec.",18,0,0,5,16,0,0,0
Mage,Frost,Ability,"Cold Snap",11958,"When activated, this spell resets the cooldown on all Frost spells you recently cast.",22,0,0,32,20,0,6,12
Mage,Frost,Ability,"Cone of Cold",120,"Targets in a cone in front of the caster take 56 to 60 Frost damage and are slowed by 50% for 8 sec.",16,0,0,14,14,0,0,0
Mage,Frost,Ability,"Deep Freeze",44572,"Stuns the target for 5 sec. Only usable on Frozen targets.  Deals 1004 to 1222 damage to monsters permanently immune to stuns.",40,0,0,40,38,0,15,30
Mage,Frost,Ability,"Frost Armor",168,"Increases Armor by 36.    If an enemy strikes the caster, they may have their movement slowed by 15% and the time between their attacks increased by 20% for 5 sec.   Lasts until cancelled.    Does not stack with other similar effects. Only one type of Mage armor spell can be active at any time.",1,0,0,0,0,0,0,0
Mage,Frost,Ability,"Frost Nova",122,"Blasts enemies near the caster for 19 to 21 Frost damage and freezes them in place for up to 8 sec.      Damage caused may interrupt the effect.",10,0,0,14,8,0,0,0
Mage,Frost,Ability,"Frost Ward",6143,"Absorbs 165 Frost damage.  Lasts 30 sec.  This ability is usable while shapeshifted.",14,0,0,12,12,0,0,0
Mage,Frost,Ability,"Frostbolt",116,"Launches a bolt of frost at the enemy, causing 12 to 15 Frost damage and slowing movement speed by 40% for 5 sec.",1,0,0,0,0,0,0,0
Mage,Frost,Ability,"Frostfire Bolt",44614,"Launches a bolt of frostfire at the enemy, causing 177 to 205 Frostfire damage, slowing movement speed by 40% and causing an additional 18 Frostfire damage over 9 sec. This spell will be checked against the lower of the target's Frost and Fire resists.",32,0,0,9,30,0,0,0
Mage,Frost,Ability,"Frozen Orb",760014,"Launches a Frozen Orb forward from the caster's position, that deals 32 Frost damage to all nearby enemy targets every 1 sec for 8 sec.     Targets damaged by the Frost Orb are slowed by 40% for 2 sec.",30,0,0,40,28,0,0,0
Mage,Frost,Ability,"Ice Barrier",11426,"Instantly shields you, absorbing 369 damage.  Lasts 1 min.  While the shield holds, spellcasting will not be delayed by damage.",30,0,0,40,28,0,9,21
Mage,Frost,Ability,"Ice Block",45438,"You become encased in a block of ice, protecting you from all attacks for 10 sec, but during that time you cannot attack, move or cast spells.      Causes Hypothermia, preventing you from recasting Ice Block for 30 sec.",30,0,0,40,28,0,0,0
Mage,Frost,Ability,"Ice Lance",30455,"Deals 30 to 33 Frost damage to an enemy target.  Causes triple damage against Frozen targets.",22,0,0,6,20,0,0,0
Mage,Frost,Ability,"Icy Veins",12472,"Hastens your spellcasting, increasing spell casting speed by 20% and reducing the pushback suffered from damaging attacks while casting by 100%. Lasts 20 sec.    Does not stack with other similar cast speed increasing effects.",16,0,0,23,14,0,3,6
Mage,Frost,Ability,"Ring of Frost",954854,"Summons a Ring of Frost at the target location. Enemies entering the ring will become frozen for 6 sec. Lasts 8 sec and has an 8 yard radius.",36,0,0,40,34,0,0,0
Mage,Frost,Ability,"Summon Water Elemental",31687,"Summon a Water Elemental to fight for the caster for 45 sec.",36,0,0,40,34,0,12,27
Mage,Frost,Talent,"Arctic Reach",16757,"Increases the range of your damaging spells by 6 yards and the radius of your Frost Nova and Cone of Cold spells by 20%.    This does not stack with other similar effects.",18,0,0,0,0,0,3,9
Mage,Frost,Talent,"Arctic Winds",31674,"Increases all damage done by 3%    Increases Frost damage done by 3%.    Increases the duration of Deep Freeze by 1 sec.  Capstone Bonus: Your Deep Freeze casts apply up to 5 frozen enemies within 8 yards of your target. If used with Fingers of Frost, it will consume only one charge.",30,0,0,0,0,0,9,21
Mage,Frost,Talent,"Brain Freeze",44546,"Dealing direct frost damage has a 15% chance to cause your next Fireball or Frostfire Bolt spell to be instant cast, cost no mana.    Damage dealt by your Arcane Missiles and Frostbolt is increased by 6% on targets affected by your Fireball effect.",15,0,0,0,0,0,12,27
Mage,Frost,Talent,"Chilled to the Bone",44566,"Increases all damage done by 3%.    Reduces the movement speed of targets affected by Frostbolt, Cone of Cold and Frozen Orb by an additional 10%.  Capstone Bonus: Your Frostbolt and Ice Lance casts versus monsters reduce the cooldown of your Deep Freeze by 2 sec and Frozen Orb by 1 sec.",40,0,0,0,0,0,12,30
Mage,Frost,Talent,"Cold as Ice",55091,"Reduces the cooldown of your Cold Snap, Ice Barrier and Summon Water Elemental spells by 20%.",24,0,0,32,0,0,6,15
Mage,Frost,Talent,"Empowering Frostbolt",31682,"Reduces the cast time of your Frostbolt by 0.3 sec.    After casting Frostbolt the critical strike damage bonus of your spells is increased by 20% and your total Frost damage is increased by 7% for 8 sec.",15,0,0,0,0,0,9,24
Mage,Frost,Talent,"Enduring Winter",44557,"Increases the duration of your Summon Water Elemental spell by 15 sec.    Your Frostbolt spell has a 100% chance to grant Replenishment. This effect can only occur once every 6 sec.      Replenishment Replenishes 1% of maximum mana per 5 sec on up to 10 party members for 15 sec.",36,0,0,40,0,0,12,27
Mage,Frost,Talent,"Fingers of Frost",44543,"When you deal direct Frost damage with a spell, you have a 15% chance to gain Fingers of Frost.    Fingers of Frost Your spells and abilities treat the target as if it were Frozen. Holds 2 charges. Lasts for 15 seconds.  Ice Lance cannot trigger this effect.",20,0,0,0,0,0,9,24
Mage,Frost,Talent,"Frost Channeling",11160,"Reduces the mana cost of your Frost spells and abilities by 12% and reduces their threat caused by 15%.  Capstone Bonus: Killing an enemy that yields experience or honor with Frost damage will restore 12% of your mana.",16,0,0,0,0,0,3,6
Mage,Frost,Talent,"Frost Warding",11189,"Increases the armor and resistances given by your Frost Armor and Ice Armor spells by 50%.     Frost Ward, Fire Ward, Shadow Ward and Arcane Ward have a 30% chance to negate the damage taken from the spell and restore mana equal to the damage reduced.",12,0,0,0,0,0,0,0
Mage,Frost,Talent,"Frostbite",11071,"Dealing direct frost damage has 15% chance to freeze the target for 5 sec.",10,0,0,0,0,0,0,0
Mage,Frost,Talent,"Frozen Core",31667,"Reduces all magic damage taken by 6%.",22,0,0,0,0,0,6,12
Mage,Frost,Talent,"Ice Floes",31670,"Reduces the cooldown of your Frost Nova, Cone of Cold, Ice Block and Icy Veins spells by 33%.",10,0,0,0,0,0,0,0
Mage,Frost,Talent,"Ice Shards",11207,"Your spell critical strikes now deal 200% damage.      This does not stack with other similar effects.  Capstone Bonus: Increases damage against frozen targets by 6%.",22,0,0,0,0,0,6,12
Mage,Frost,Talent,"Improved Blizzard",11185,"Adds a chill effect to your Blizzard.  This effect lowers the target's movement speed by 40%. Lasts 1.50 sec.     Reduces the mana cost of Blizzard by 30% and its periodic interval by 28%.",18,0,0,0,0,0,3,9
Mage,Frost,Talent,"Improved Cone of Cold",11190,"Increases the damage dealt by your Cone of Cold spell by 45%.",16,0,0,0,0,0,6,15
Mage,Frost,Talent,"Improved Frostbolt",11070,"Increases the damage of Frostbolt and Ice Lance by 9%.",10,0,0,0,0,0,0,0
Mage,Frost,Talent,"Improved Ice Armor",11191,"Increases the armor given by your Frost Armor and Ice Armor spells by 60%.",45,0,0,24,0,0,0,0
Mage,Frost,Talent,"Permafrost",11175,"Increases the duration of your Cone of Cold, Frostbolt, Ice Armor and Frost Shock slow effects by 3 sec, reduces the target's speed by an additional 10% and reduces the target's healing received by 20%.",10,0,0,0,0,0,0,0
Mage,Frost,Talent,"Piercing Ice",11151,"Increases all Frost damage you deal by 6%.",16,0,0,0,0,0,3,6
Mage,Frost,Talent,"Precision",29438,"Increases your hit chance by 3%.    Reduces the mana cost of spells by 3%.",12,0,0,0,0,0,0,0
Mage,Frost,Talent,"Shatter",11170,"Increases the critical strike chance of your direct spells and abilities against frozen targets by 50%.",15,0,0,0,0,0,3,9
Mage,Frost,Talent,"Shattered Barrier",44745,"While Ice Barrier is active your damage is increased by 6%.  Capstone Bonus: Your Ice Barrier will shatter when destroyed, slowing all enemies within 10 yards by 70% for 4 sec and grants you 8% haste for 8 seconds.",30,0,0,40,0,0,9,21
Mage,Frost,Talent,"Winter's Chill",11180,"Increases your critical strike chance by 3%.     Direct Frost damage has a 100% chance to apply the Winter's Chill effect: Increasing the chance spells will critically strike the target by 1% for 15 sec. Stacks up to 5 times.    Does not stack with other similar effects. Frozen Orb cannot trigger this effect",20,0,0,0,0,0,6,15
Paladin,Holy,Ability,"Aura Mastery",31821,"Causes your Concentration Aura to make all affected targets immune to Silence and Interrupt effects and improve the effect of all other auras by 100%.  Lasts 6 sec.",16,0,0,23,14,0,3,6
Paladin,Holy,Ability,"Beacon of Light",53563,"The target becomes a Beacon of Light to all members of your party or raid within a 60 yard radius. Any direct heals you cast on party or raid members will also heal the Beacon for 25% of the amount healed. Lasts 15 sec.     Only one target can be the Beacon of Light at a time.",40,0,0,34,38,0,15,30
Paladin,Holy,Ability,"Blessing of Wisdom",19742,"Places a Blessing on the friendly target, restoring 10 mana every 5 seconds for 30 min.   Does not stack with other similar effects.",1,0,0,4,4,0,0,0
Paladin,Holy,Ability,"Cleanse",4987,"Cleanses a friendly target, removing 1 poison effect, 1 disease effect and 1 magic effect.",30,0,0,40,28,0,0,0
Paladin,Holy,Ability,"Concentration Aura",19746,"All party or raid members within 40 yards lose 35% less casting or channeling time when damaged.    Players may only have one Aura on them per Paladin at any one time.",1,0,0,8,6,0,0,0
Paladin,Holy,Ability,"Consecration",26573,"Consecrates the land beneath the Paladin, doing 34 Holy damage over 8 sec to enemies who enter the area.",1,0,0,1,6,0,0,0
Paladin,Holy,Ability,"Divine Favor",20216,"When activated, gives your next Holy spell a 100% critical effect chance and 50% increased healing.",22,0,0,32,20,0,6,12
Paladin,Holy,Ability,"Divine Illumination",31842,"Reduces resource cost of all magic spells and abilities by 60% and increases the critical effect chance of Holy healing spells by 20% for 15 sec.",36,0,0,32,34,0,12,27
Paladin,Holy,Ability,"Divine Plea",54428,"You gain 25% of your total mana over 15 sec, but reduces your healing by 50%.",50,0,0,40,48,0,0,0
Paladin,Holy,Ability,"Exorcism",879,"Causes 99 to 113 Holy damage to an enemy target. Exorcism always critically strikes Undead and Demon targets. It also stuns them for 3 sec.",20,0,0,5,18,0,0,0
Paladin,Holy,Ability,"Flash of Light",19750,"Heals a friendly target for 84 to 97.",20,0,0,20,18,0,0,0
Paladin,Holy,Ability,"Holy Light",635,"Heals a friendly target for 28 to 35.",1,0,0,0,0,0,0,0
Paladin,Holy,Ability,"Holy Shock",20473,"Blasts the target with Holy energy, causing 191 to 216 Holy damage to an enemy, or 301 to 327 healing to an ally.",30,0,0,32,28,0,9,21
Paladin,Holy,Ability,"Holy Wrath",2812,"Sends bolts of holy power in all directions, causing 78 to 90 Holy damage and stunning all Undead and Demon targets within 10 yards for 3 sec.",26,0,0,7,24,0,0,0
Paladin,Holy,Ability,"Lay on Hands",633,"Heals a friendly target for an amount equal of 100% of your maximum health. The target cannot be targeted by Divine Shield, Hand of Protection, Divine Protection or Lay on Hands again for 2 min.    Cannot be used within 30 sec of using Avenging Wrath.",10,0,0,20,8,0,0,0
Paladin,Holy,Ability,"Light of Dawn",760106,"Unleashes a wave of Holy energy, healing up to 5 injured allies within a 30 yd frontal cone for 80 to 93.",30,0,0,40,28,0,0,0
Paladin,Holy,Ability,"Light's Hammer",954801,"Hurl a Light-infused hammer into the ground, where it will blast a 10 yard area with Arcing Light for 10 sec.  Deals Holy damage to enemies and reduces their movement speed by 50% for 3 sec. Also heals up to 5 allies every 2 sec.",36,0,0,40,34,0,0,0
Paladin,Holy,Ability,"Purify",1152,"Purifies the friendly target, removing 1 disease effect and 1 poison effect.",10,0,0,9,6,0,0,0
Paladin,Holy,Ability,"Redemption",7328,"Brings a dead player back to life with 65 health and 120 mana.  Cannot be cast when in combat.",12,0,0,3,10,0,0,0
Paladin,Holy,Ability,"Sacred Shield",53601,"Each time the target takes damage they gain a Sacred Shield, absorbing 110 damage and increasing the paladin's chance to critically hit with Flash of Light by 50% for up to 6 sec. They cannot gain this effect more than once every 6 sec. Lasts 30 sec.      This spell cannot be on more than one target at any one time.",50,0,0,40,48,0,0,0
Paladin,Holy,Ability,"Seal of Light",20165,"Fills you with divine light for until cancelled, giving each melee auto attack a chance to heal you for 0. This effect can only occur once every 2 seconds. Only one Seal can be active at any one time.    Unleashing this Seal's energy will deal 3 Holy damage to an enemy.",30,0,0,26,28,0,0,0
Paladin,Holy,Ability,"Seal of Righteousness",21084,"Fills you with holy spirit for until cancelled, granting each main hand auto attack and Paladin melee ability 1 additional Holy damage. Only one Seal can be active at any one time.  Unleashing this Seal's energy will cause 3 Holy damage to an enemy.",1,0,0,0,0,0,0,0
Paladin,Holy,Ability,"Seal of Wisdom",20166,"Fills you with divine wisdom for until cancelled, giving each melee auto attack a chance to restore 4% of your total mana. Only one Seal can be active at any one time.    Unleashing this Seal's energy will deal 3 Holy damage to an enemy.",10,0,0,8,8,0,0,0
Paladin,Holy,Ability,"Turn Evil",10326,"The targeted undead or demon enemy will be compelled to flee for up to 20 sec.      Damage caused may interrupt the effect. Only one target can be turned at a time.",24,0,0,21,22,0,0,0
Paladin,Holy,Talent,"A New Dawn",760189,"Increases your critical strike chance by 3%.   Increases the amount healed by your Light of Dawn spell by 30%.  Capstone Bonus: Targets healed by your Light of Dawn receive 20% increased healing from your next Flash of Light, Holy Light, or Holy Shock.",36,0,0,0,0,0,12,27
Paladin,Holy,Talent,"Blessed Hands",53660,"Increases the effectiveness of Hand of Sacrifice by 15% and Hand of Salvation by 150%.  Capstone Bonus: Your Hand spells also increase your healing done to the target by 15% while active.",18,0,0,0,0,0,3,9
Paladin,Holy,Talent,"Blessed Life",31828,"All attacks against you have a 10% chance to cause half damage.",30,0,0,0,0,0,9,21
Paladin,Holy,Talent,"Divine Intellect",20257,"Increases your total Intellect by 10%.",12,0,0,0,0,0,0,0
Paladin,Holy,Talent,"Enlightened Judgements",53556,"Increases your hit chance by 4%.    Increases the range of your Judgement of Light and Judgement of Wisdom spells by 30 yards.",40,0,0,0,0,0,12,30
Paladin,Holy,Talent,"Healing Light",20237,"Increases the effectiveness by your Holy Light, Flash of Light, Light of Dawn, Holy Shock and Light's Hammer spells by 12%.",10,0,0,0,0,0,0,0
Paladin,Holy,Talent,"Holy Guidance",31837,"Increases your spell power by 12% of your Intellect.  Capstone Bonus: Your Holy Shocks now also makes your target susceptible to spell criticals, increasing enemies' chance to be critically struck by spells or allies' chance to be critically healed by 5% for 20 seconds. Does not stack with other similar effects.",34,0,0,0,0,0,9,24
Paladin,Holy,Talent,"Holy Power",5923,"Increases the critical strike chance of your Holy spells and abilities by 5%.",24,0,0,0,0,0,6,15
Paladin,Holy,Talent,"Illumination",20210,"Critical heals with Flash of Light, Holy Light or Holy Shock now have a 100% chance to gain mana equal to 30% of the base cost of the spell.",16,0,0,0,0,0,3,6
Paladin,Holy,Talent,"Improved Blessing of Wisdom",20244,"Increases the effect of your Blessing of Wisdom spell by 30%.",18,0,0,0,0,0,3,9
Paladin,Holy,Talent,"Improved Concentration Aura",20254,"Increases the effect of your Concentration Aura by an additional 15%.    While any Aura is active reduces the duration of any Silence or Interrupt effect used against an affected group member by 30%.      The duration reduction does not stack with any other effects.",18,0,0,0,0,0,3,9
Paladin,Holy,Talent,"Improved Lay on Hands",20234,"Grants the target of your Lay on Hands spell 20% reduced Physical damage taken for 15 sec.     Reduces the cooldown of Lay on Hands by 4 min.",16,0,0,0,0,0,3,6
Paladin,Holy,Talent,"Infusion of Light",53569,"Your Holy Shock critical effects reduce the cast time of your next Flash of Light by 1.5 sec, or increases the critical chance and critical heal effect of your next Holy Light by 20%.    In addition, causes your Flash of Light to heal targets with Sacred Shield for an additional 100% over 12 sec.",30,0,0,32,0,0,12,30
Paladin,Holy,Talent,"Judgements of the Pure",53671,"Increases the damage done by your Seals, Judgements and Execution Sentence by 25%.    Your Judgement spells increase your haste by 15% for 1 min.",20,0,0,0,0,0,12,27
Paladin,Holy,Talent,"Light's Grace",31833,"Gives your Holy Light spell a 100% chance to reduce the cast time of your next Holy Light spell by 0.5 sec. This effect lasts 15 sec.",15,0,0,0,0,0,9,21
Paladin,Holy,Talent,"Pure of Heart",31822,"Reduces the duration of Curse, Disease and Poison effects by 30%.",22,0,0,0,0,0,6,12
Paladin,Holy,Talent,"Purifying Power",31825,"Reduces the cooldown of your Holy Wrath and Exorcism by 34%.    Reduces the mana cost of your Cleanse, Holy Wrath, and Consecration spells by 10%.",24,0,0,0,0,0,6,15
Paladin,Holy,Talent,"Sacred Cleansing",53551,"Your Cleanse spell has a 30% chance to increase the target's resistance to Disease, Magic and Poison by 30% for 10 sec.",34,0,0,0,0,0,9,24
Paladin,Holy,Talent,"Sanctified Light",20359,"Increases the critical effect chance of your Holy Light, Flash of Light, Holy Shock, and Light of Dawn spells by 6%.     Increases the amount healed by your Holy critical heals by 15%.    Capstone Bonus: After using Blinding Light your next Holy Light, Flash of Light, Holy Shock or Light of Dawn has a 100% increased critical effect chance.",22,0,0,0,0,0,6,12
Paladin,Holy,Talent,"Seals of the Pure",20224,"Increases the damage done by your Seal of Righteousness, Seal of Vengeance, Seal of Command and Execution Sentence by 30%.",10,0,0,0,0,0,0,0
Paladin,Holy,Talent,"Shining Beacon",102214,"Increases Beacon of Light's healing to 100% of initial heal and increases its duration to 60 sec.",40,0,0,40,0,0,0,0
Paladin,Holy,Talent,"Spiritual Focus",20205,"Increases your critical strike chance by 2%.    Reduces spell pushback suffered from damaging attacks by 70%.",12,0,0,0,0,0,0,0
Paladin,Holy,Talent,"Unyielding Faith",9453,"Reduces the duration of all Fear and Disorient effects by 30%.  This does not stack with other Fear reduction effects.",12,0,0,0,0,0,0,0
Paladin,Protection,Ability,"Avenger's Shield",31935,"Hurls a holy shield at the enemy, dealing 441 to 537 Holy damage, Dazing them and then jumping to additional nearby enemies.  Affects 3 total targets. Lasts 10 sec.",36,0,0,40,34,0,12,27
Paladin,Protection,Ability,"Blessing of Kings",20217,"Places a Blessing on the friendly target, increasing total stats by 10% for 30 min.    Does not stack with other similar effects.",20,0,0,17,18,0,0,0
Paladin,Protection,Ability,"Blessing of Sanctuary",20911,"Places a Blessing on the friendly target, reducing damage taken by 3% and increasing Strength and Stamina by 10% for 30 min.     In addition, when the target blocks, parries, or dodges a melee attack the target will gain 6% of base mana.    Does not stack with similar effects.",22,0,0,19,20,0,6,12
Paladin,Protection,Ability,"Blinding Light",954500,"Emits dazzling light in all directions, blinding enemies within 10 yards, causing them to wander disoriented for 6 sec.",34,0,0,40,32,0,0,0
Paladin,Protection,Ability,"Devotion Aura",465,"Gives 40 additional armor to party and raid members within 40 yards.      Players may only have one Aura on them per Paladin at any one time.",1,0,0,0,0,0,0,0
Paladin,Protection,Ability,"Divine Intervention",19752,"You sacrifice yourself to remove the targeted party member from harm's way. Enemies will stop attacking the protected party member, who will be immune to all harmful attacks but will not be able to take any action for 3 min.",30,0,0,8,28,0,0,0
Paladin,Protection,Ability,"Divine Protection",498,"Reduces all damage taken by 50% for 12 sec.    Cannot be used within 30 sec of using Avenging Wrath.    Once protected, the target cannot be targeted by Divine Protection, Divine Shield, Hand of Protection or Lay on Hands for 2 min.   This ability is usable while shapeshifted.",10,0,0,11,4,0,0,0
Paladin,Protection,Ability,"Divine Sacrifice",64205,"30% of all damage taken by party members within 30 yards is redirected to the caster (up to a maximum of 40% of the caster's health times the number of party members).  Damage which reduces the caster below 20% health will break the effect.  Lasts 10 sec.",16,0,0,23,14,0,3,6
Paladin,Protection,Ability,"Divine Shield",642,"Protects you from all damage and spells for 12 sec, but reduces your damage by 50%.    Once protected, the target cannot be targeted by Divine Shield, Hand of Protection, Divine Protection or Lay on Hands again for 2 min.",34,0,0,40,32,0,0,0
Paladin,Protection,Ability,"Fire Resistance Aura",19891,"Gives 30 additional Fire resistance to all party and raid members within 40 yards.      Players may only have one Aura on them per Paladin at any one time.",36,0,0,32,34,0,0,0
Paladin,Protection,Ability,"Frost Resistance Aura",19888,"Gives 30 additional Frost resistance to all party and raid members within 40 yards.      Players may only have one Aura on them per Paladin at any one time.",32,0,0,28,30,0,0,0
Paladin,Protection,Ability,"Hammer of Justice",853,"Stuns the target for 3 sec and interrupts non-player spellcasting for 3 sec.",10,0,0,9,6,0,0,0
Paladin,Protection,Ability,"Hammer of the Righteous",53595,"Hammer the current target and up to 2 additional nearby targets, causing 4 times your main hand damage per second as Holy damage.",40,0,0,0,38,0,15,30
Paladin,Protection,Ability,"Hand of Freedom",1044,"Places a Hand on the friendly target, granting immunity to movement impairing effects for 6 sec.",18,0,0,37,16,0,0,0
Paladin,Protection,Ability,"Hand of Protection",1022,"A targeted party or raid member is protected from all physical attacks, Interrupt and Silence mechanics for 6 sec, but during that time they cannot attack or use physical abilities. This also removes any Stun effects on use.  Once protected, the target cannot be targeted by Divine Shield, Hand of Protection, Divine Protection or Lay on Hands again for 2 min.    Cannot be used within 30 sec of using Avenging Wrath.",10,0,0,20,8,0,0,0
Paladin,Protection,Ability,"Hand of Sacrifice",6940,"Places a Hand on the party or raid member, transferring 30% damage taken to the caster.  Lasts 12 sec or until the caster has transferred 100% of their maximum health.",36,0,0,40,34,0,0,0
Paladin,Protection,Ability,"Hand of Salvation",1038,"Places a Hand on the party or raid member, reducing their total threat by 2% every 1 sec. for 10 sec.  Players may only have one Hand on them per Paladin at any one time.",26,0,0,38,24,0,0,0
Paladin,Protection,Ability,"Holy Shield",20925,"Increases chance to block by 30% for 10 sec. Each block expends a charge and deals 50 holy damage to the attacker. 8 charges.",30,0,0,26,28,0,9,21
Paladin,Protection,Ability,"Righteous Defense",31789,"Transfers the next melee or ranged attack made against an ally. In addition, while active 20% of the threat they generate is transferred to you instead.  Casting this spell with an enemy target will redirect it to whatever they are targeting.    This cannot be used in Battlegrounds or Arenas",12,0,0,3,10,0,0,0
Paladin,Protection,Ability,"Righteous Fury",25780,"Your threat generated is significantly increased.    Teaches you Hand of Reckoning.   Also increases your chance to block Fierce Blows.",1,0,0,8,8,0,0,0
Paladin,Protection,Ability,"Seal of Justice",20164,"Fills the Paladin with the spirit of justice for until cancelled, giving each melee attack a chance to stun for 2 sec. This effect has a 10 second cooldown. Only one Seal can be active at any one time.  Unleashing this Seal's energy will deal 3 Holy damage to an enemy.",22,0,0,19,20,0,0,0
Paladin,Protection,Ability,"Shadow Resistance Aura",19876,"Gives 30 additional Shadow resistance to all party and raid members within 40 yards.      Players may only have one Aura on them per Paladin at any one time.",28,0,0,24,26,0,0,0
Paladin,Protection,Ability,"Shield of Righteousness",53600,"Slam the target with your shield, causing Holy damage based on your block value plus an additional 5. This ability will also heal you based on your spell damage.",1,0,0,0,0,0,0,0
Paladin,Protection,Talent,"Anticipation",20096,"Increases your Dodge chance by 5%.",12,0,0,0,0,0,0,0
Paladin,Protection,Talent,"Ardent Defender",31850,"When below 35% health all damage taken is reduced by 6%.    You have a 100% chance to fully absorb an attack which would otherwise kill you, up to a maximum of 15% of your total health and heal you by up to 20% of your maximum health (amount healed based on defense). You also take 20% increased healing for the next 3 sec.     This effect shares a 2 minute cooldown with Cheat Death and Spirit of Redemption.",30,0,0,0,0,0,9,21
Paladin,Protection,Talent,"Blessed Weapons",20196,"Increases all damage you deal when a one-handed melee weapon is equipped by 10%.    The all-damage increase does not stack with Enhanced Weapon Mastery, Unending Fury, Answered Prayers, Blood Gorged or Blood Presence. Only the highest increase applies.",24,0,0,0,0,0,6,15
Paladin,Protection,Talent,"Combat Expertise",31858,"Increases your Stamina by 6%.    Increases your critical strike chance by 6%.    Increases your Expertise by 6.",34,0,0,0,0,0,9,24
Paladin,Protection,Talent,"Divine Guardian",53527,"When Divine Sacrifice is activated, your party and raid members within 30 yards take 20% reduced damage for 6 sec.      Increases the duration of your Sacred Shield by 100% and the amount absorbed by 20%.",18,0,0,23,0,0,3,9
Paladin,Protection,Talent,"Divine Strength",20262,"Increases your total Strength by 15%.",10,0,0,0,0,0,0,0
Paladin,Protection,Talent,"Divinity",63646,"Requires  Path of Strength  Increases all healing effects on you by 12%.    Increases your healing power by 60% of your Stamina.    The healing effect does not stack with other similar effects.",30,0,0,0,0,0,9,21
Paladin,Protection,Talent,"Exceptional Devotion Aura",20163,"Increases the armor bonus of your Devotion Aura by 45%.",15,0,0,20,0,0,0,0
Paladin,Protection,Talent,"Guarded by the Light",53583,"Reduces spell damage taken by 6%.    You have a 100% chance to refresh the duration of your Divine Plea when you hit an enemy with melee attack.     Your Divine Plea spell is 100% less likely to be dispelled.",36,0,0,0,0,0,12,27
Paladin,Protection,Talent,"Guardian's Favor",20174,"Reduces the cooldown of your Hand of Protection by 120 sec.    Increases the duration of your Hand of Freedom by 4 sec.",12,0,0,0,0,0,0,0
Paladin,Protection,Talent,"Improved Consecration",410000,"Consecration now deals instant Holy damage to nearby enemies, causing extra threat and slowing their melee attack speed by 20% for 15 sec.  Does not stack with other similar effects.",10,0,0,0,0,0,0,0
Paladin,Protection,Talent,"Improved Devotion Aura",20138,"Increases the armor bonus of your Devotion Aura by 50%.    Increases the amount healed on any target affected by your any of your Auras by 6%.",18,0,0,0,0,0,3,9
Paladin,Protection,Talent,"Improved Hammer of Justice",20487,"Reduces the cooldown of your Hammer of Justice by 20 sec.",18,0,0,0,0,0,3,9
Paladin,Protection,Talent,"Improved Righteous Fury",20468,"While Righteous Fury is active all damage you take is reduced by 6%.",16,0,0,0,0,0,3,6
Paladin,Protection,Talent,"Inner Light",410010,"Increases the damage of Shield of Righteousness by 15% and its healing done by 30%.",10,0,0,0,0,0,0,0
Paladin,Protection,Talent,"Judgements of the Just",53695,"Reduces the cooldown of your Hammer of Justice by 10 sec.     Increases the duration of your Seal of Justice effect by 1 sec.    Your Judgement spells also reduce the melee attack speed of the target by 20%.",40,0,0,0,0,0,12,30
Paladin,Protection,Talent,"Reckoning",20177,"You have a 10% chance after being hit by or avoiding a melee attack to gain 4 stacks of Reckoning, causing your next melee attack within 8 sec to generate an additional attack.",20,0,0,0,0,0,6,12
Paladin,Protection,Talent,"Redoubt",20127,"Increases your chance to block attacks with a shield by 10%.     Blocking an attack has a 10% chance to increase your Strength by 10% and reduce your damage taken by 6%.  Lasts 10 sec.",34,0,0,0,0,0,9,24
Paladin,Protection,Talent,"Righteous Verdict",20490,"Increases the duration of Hammer of Justice by 2 sec.",15,0,0,30,0,0,0,0
Paladin,Protection,Talent,"Sacred Duty",31848,"Increases your total Stamina by 6%.    Reduces the chance you'll be critically hit by melee attacks by 6%.    Reduces the cooldown of your Divine Shield and Divine Protection spells by 60 sec.",24,0,0,0,0,0,6,15
Paladin,Protection,Talent,"Shield of the Templar",53709,"Reduces all damage taken by 3%.    Your Avenger's Shield has a 100% chance to silence your targets for 3 sec.    Capstone Bonus: Being healed by others reduces the cooldown of your Divine Protection by 1 second and Holy Shield by 1 second. This effect can only occur once every second.",40,0,0,40,0,0,12,30
Paladin,Protection,Talent,"Spiritual Attunement",31785,"Being healed by allies also restores mana equal to 10% of the effective amount healed.",30,0,0,0,0,0,9,21
Paladin,Protection,Talent,"Stoicism",31844,"Reduces the duration of all Stun effects by 30%.    Reduces the chance your Paladin helpful spells and damage over time effects will be dispelled by an additional 30%.   This does not stack with other Stun reduction effects.",12,0,0,0,0,0,0,0
Paladin,Protection,Talent,"Tenacity",20143,"Increases your armor value from items by 6%.    Increases threat generated from all skills by 15%.  Capstone Bonus: Your Armor is increased by an amount equal to your Strength.",16,0,0,0,0,0,3,6
Paladin,Protection,Talent,"Touched by the Light",53590,"When you receive effective healing from another player, you have an 33% chance to gain Touched by the Light, increasing your next direct heal on yourself by 30%.  While Touched by the Light is active, directly healing yourself grants Shroud of Light, causing the next direct damage taken to heal you for 30% of the damage taken plus 0.  This can only occur once every 8 seconds.  Does not work with Tactical Mastery.",36,0,0,0,0,0,12,27
Paladin,Retribution,Ability,"Avenging Wrath",31884,"Increases all damage and healing caused by 20% for 20 sec.   Cannot be used within 30 sec of being the target of Divine Shield, Divine Protection, or Hand of Protection, or of using Lay on Hands on oneself.    Does not stack with other similar effects.",50,0,0,40,48,0,0,0
Paladin,Retribution,Ability,"Blessing of Might",19740,"Places a Blessing on the friendly target, increasing their Strength and Agility by 2 for 30 min.   Does not stack with other similar effects.",1,0,0,4,2,0,0,0
Paladin,Retribution,Ability,"Crusader Aura",32223,"Increases the mounted speed by 20% for all party and raid members within 40 yards.  Players may only have one Aura on them per Paladin at any one time.     This does not stack with other movement speed increasing effects.",60,0,0,32,58,0,0,0
Paladin,Retribution,Ability,"Crusader Strike",35395,"An instant strike that causes 75% weapon damage.",1,0,0,0,0,0,0,0
Paladin,Retribution,Ability,"Divine Storm",53385,"An instant weapon attack that causes 110% of weapon damage to up to 4 enemies within 8 yards. The Divine Storm heals up to 3 party or raid members for 25% of the damage caused.",40,0,0,0,38,0,15,30
Paladin,Retribution,Ability,"Execution Sentence",954817,"A hammer slowly falls from the sky, causing Holy damage if the target is an enemy and healing if the target is an ally, over 10 sec.     This culminates in a final burst of damage or healing. Dispelling the effect triggers the final burst.",40,0,0,40,38,0,0,0
Paladin,Retribution,Ability,"Hammer of Wrath",24275,"Hurls a hammer that strikes an enemy for 354 to 390 Holy damage. Only usable on enemies that have 20% or less health.",44,0,0,12,42,0,0,0
Paladin,Retribution,Ability,"Judgement of Justice",53407,"Unleashes the energy of a Seal spell to judge an enemy for 20 sec, preventing them from fleeing and limiting their movement speed.      Refer to individual Seals for additional Judgement effect.    Only one Judgement per Paladin can be active at any one time.",28,0,0,24,26,0,0,0
Paladin,Retribution,Ability,"Judgement of Light",20271,"Unleashes the energy of a Seal spell to judge an enemy for 20 sec, granting auto attacks and auto shots made against the judged enemy a chance of healing the attacker for 2% of their base health.      Refer to individual Seals for additional Judgement effect.    Only one Judgement per Paladin can be active at any one time.",1,0,0,4,2,0,0,0
Paladin,Retribution,Ability,"Judgement of Wisdom",53408,"Unleashes the energy of a Seal spell to judge an enemy for 20 sec, giving each attack a chance to restore 2% of the attacker's base mana.     Refer to individual Seals for additional Judgement effect.    Only one Judgement per Paladin can be active at any one time.",1,0,0,4,6,0,0,0
Paladin,Retribution,Ability,"Repentance",20066,"Puts the enemy target in a state of meditation, incapacitating them for up to 1 min (6 seconds on players), and removing the effect of Righteous Vengeance.  Any damage caused will awaken the target. Usable against Demons, Dragonkin, Giants, Humanoids and Undead.",30,0,0,40,28,0,9,21
Paladin,Retribution,Ability,"Retribution Aura",7294,"Causes 11 Holy damage to any enemy that strikes a party or raid member within 40 yards.      Players may only have one Aura on them per Paladin at any one time.",16,0,0,14,14,0,0,0
Paladin,Retribution,Ability,"Seal of Command",20375,"All main hand auto attacks and Paladin melee abilities deal 0 to 1 additional Holy damage to the target and up to 2 additional targets. Lasts until cancelled.  Unleashing this Seal's energy will judge an enemy, instantly causing 1 to 2 Holy damage.",16,0,0,14,14,0,3,6
Paladin,Retribution,Ability,"Seal of Vengeance",31801,"Fills you with holy power, causing main hand auto and Paladin melee abilities to apply Holy Vengeance, which deals 1 additional Holy damage over 15 sec.    Holy Vengeance can stack up to 5 times. Once stacked to 5 times, each of your main hand auto attacks and Paladin melee abilities deals damage as additional Holy damage. Only one Seal can be active on the caster at any one time. Lasts until cancelled.  Unleashing this Seal's energy will deal 3 Holy damage to an enemy, increased by 10% for each application of Holy Vengeance on the target.",44,0,0,36,42,0,0,0
Paladin,Retribution,Talent,"Benediction",20101,"Restores 30% base mana when you kill a target that gives experience or honor. This effect cannot occur more than once every 5 seconds.  Capstone Bonus: Benediction now also restores mana to party members below 50% of their total mana.",10,0,0,0,0,0,0,0
Paladin,Retribution,Talent,"Conviction",20117,"Increases your chance to get a critical strike with all spells and attacks by 5%.  Capstone Bonus: Your non-periodic damaging spell casts have a chance to increases your Strength by 1 (based on your level) for 12 seconds. This effect can only trigger once every 6 seconds.",16,0,0,0,0,0,3,6
Paladin,Retribution,Talent,"Crusade",31866,"Increases all damage caused by 3% and all damage caused against Humanoids, Demons, Undead and Elementals by an additional 3%.",18,0,0,0,0,0,3,9
Paladin,Retribution,Talent,"Deflection",20060,"Increases your Parry chance by 3%.    Gives you a 100% when you Parry to deal Holy damage to your attacker.",10,0,0,0,0,0,0,0
Paladin,Retribution,Talent,"Divine Purpose",31871,"Reduces your chance to be hit by spells and ranged attacks by 4% and gives your Hand of Freedom spell a 100% chance to remove any Stun effects on the target.",24,0,0,0,0,0,6,15
Paladin,Retribution,Talent,"Eye for an Eye",9799,"All criticals against you cause 15% of the damage taken to the attacker as well. The damage caused by Eye for an Eye will not exceed 50% of your total health.",18,0,0,0,0,0,3,9
Paladin,Retribution,Talent,"Fanaticism",31879,"Increases the critical strike chance of all Judgements by 30%.     Increases the damage of your Crusader Strike, Seals and Judgements on targets affected by your Execution Sentence by 20%.",20,0,0,0,0,0,9,24
Paladin,Retribution,Talent,"Heart of the Crusader",20335,"Your Judgement spells now also increases the critical strike chance of all spells and attacks made against that target by 3%.   Does not stack with other similar effects.",10,0,0,0,0,0,0,0
Paladin,Retribution,Talent,"Improved Blessing of Might",20042,"Casting Blessing of Might on an ally increases their and your attack power by 1 for 1 hour. Can only be active on one ally at a time.",12,0,0,0,0,0,0,0
Paladin,Retribution,Talent,"Improved Judgements",25956,"Reduces the cooldown of your Judgement spells by 3 sec.    Capstone Bonus: For 10 seconds after using Judgement, your non-instant damaging Holy spells and ranged abilities can trigger your active seal.",10,0,0,0,0,0,0,0
Paladin,Retribution,Talent,"Judgements of the Wise",31876,"Your damaging Judgement spells grant Replenishment and immediately grant you 15% of your base mana.    Replenishment Replenishes 1% of maximum mana per 5 sec on up to 10 party members for 15 sec.",15,0,0,0,0,0,9,21
Paladin,Retribution,Talent,"Power of Light",853510,"Requires  Primary Stat: Might or Finesse Increases your bonus spell healing by an amount equal to 20% of your melee attack power and your melee critical chance by 3%.  Capstone Bonus: Healing yourself with a cast time heal restores 8% of your base mana.",36,0,0,0,0,0,12,27
Paladin,Retribution,Talent,"Pursuit of Justice",26022,"Reduces the duration of all Disarm effects by 50% and increases your movement speed by 15%. This does not stack with other movement speed increasing effects.",16,0,0,0,0,0,3,6
Paladin,Retribution,Talent,"Righteous Vengeance",53380,"Direct critical strikes with spells and abilities make your target take 30% additional damage over 8 seconds as Holy damage.",40,0,0,0,0,0,12,30
Paladin,Retribution,Talent,"Sanctified Retribution",31869,"Increases the damage of all party and raid members by 3%.   Does not stack with other similar effects.    Increases the damage caused by Retribution Aura by 50%.",22,0,0,0,0,0,6,12
Paladin,Retribution,Talent,"Sanctified Wrath",53375,"Increases the critical strike chance of Hammer of Wrath by 50%.    Reduces the cooldown of Avenging Wrath by 60 secs and while affected by Avenging Wrath 50% of all damage caused bypasses damage reduction effects.",34,0,0,0,0,0,9,24
Paladin,Retribution,Talent,"Sanctity of Battle",32043,"Increases your chance to get a critical strike with all spells and attacks by 3%.    Increases the damage caused by Exorcism, Crusader Strike and Execution Sentence by 15%.",18,0,0,0,0,0,3,9
Paladin,Retribution,Talent,"Sheath of Light",53501,"Your critical healing spells heal for an additional 30% of the healed amount over 12 seconds.    Sheath of Light is doubled for Single Target heals.",36,0,0,0,0,0,12,27
Paladin,Retribution,Talent,"Swift Retribution",53379,"Increases the haste of all party and raid members by 3%.",36,0,0,0,0,0,12,27
Paladin,Retribution,Talent,"The Art of War",53486,"Increases the damage of your Judgement, Crusader Strike, Execution Sentence and Divine Storm abilities by 9%.    Dealing direct damage with Holy and Physical abilities or spells has a 50% chance to reduce the cast time of your next Flash of Light or Exorcism by 100%.      This effect has a 6 second cooldown.",20,0,0,0,0,0,9,21
Paladin,Retribution,Talent,"Two-Handed Weapon Specialization",20111,"Increases the physical damage you deal with two-handed melee weapons by 6%.",22,0,0,0,0,0,6,12
Paladin,Retribution,Talent,"Vengeance",20049,"Gives you a 3% bonus to Physical and Holy damage you deal after dealing a direct critical strike.     Stacks up to 3 times. Lasts 30 seconds.",24,0,0,0,0,0,6,15
Paladin,Retribution,Talent,"Vindication",9452,"Gives your Holy spells and Paladin melee abilities a 65% chance to reduce the targets attack power by 2 (scaling with level).    Does not stack with other similar effects.",15,0,0,0,0,0,3,6
Priest,Discipline,Ability,"Angelic Feather",760053,"Place a feather at the target location, lasting for 15 sec. If allies walk through it, they gain 50% increased movement speed for 4 sec.  Max 3 charges. 20 second recharge timer.",28,0,0,40,26,0,0,0
Priest,Discipline,Ability,"Dispel Magic",527,"Dispels magic on the target, removing 1 harmful spell from a friend or 1 beneficial spell from an enemy.",18,0,0,26,16,0,0,0
Priest,Discipline,Ability,"Divine Spirit",14752,"Holy power infuses the target, increasing their Spirit by 17 for 30 min.   Does not stack with other similar effects.",30,0,0,26,28,0,0,0
Priest,Discipline,Ability,"Fear Ward",6346,"Wards the friendly target against Fear and Horror effects. The next Fear effect used against the target will fail, using up the ward.  Lasts 3 min.",20,0,0,29,18,0,0,0
Priest,Discipline,Ability,"Inner Fire",588,"A burst of holy energy fills the caster, increasing armor by 175. Taking melee or ranged damage will remove one stack. Lasts until cancelled or until 20 stacks are used.",12,0,0,10,10,0,0,0
Priest,Discipline,Ability,"Inner Focus",14751,"When activated, reduces the mana cost of your next spell or magic ability by 100% and increases its critical effect chance by 25% if it is capable of a critical effect.",16,0,0,23,14,0,3,6
Priest,Discipline,Ability,"Levitate",1706,"Allows the friendly party or raid target to levitate, floating a few feet above the ground.  While levitating, the target will fall at a reduced speed and travel over water.  Any damage will cancel the effect.  Lasts 2 min.  This ability is usable while shapeshifted.",34,0,0,5,32,0,0,0
Priest,Discipline,Ability,"Mana Burn",8129,"Destroy 10% of the target's mana (up to a maximum of 20% of your own maximum mana). For each mana destroyed in this way, the target takes 0.5 Shadow damage.",16,0,0,14,14,0,0,0
Priest,Discipline,Ability,"Mass Dispel",32374,"Dispels magic in a 15 yard radius, removing 1 harmful spell from each friendly target and 1 beneficial spell from each enemy target.  Affects a maximum of 10 friendly targets and 10 enemy targets.  This dispel is potent enough to remove Magic effects that are normally undispellable, including Divine Shield, Ice Block and Cyclone.    Mass Dispel can remove Stealth from targets within the spell.",40,0,0,40,38,0,0,0
Priest,Discipline,Ability,"Pain Suppression",33206,"Instantly reduces a friendly target's threat by 5%, reduces all damage taken by 40% for 8 sec. Pain Suppression has a 60% chance to resist Dispel mechanics.",36,0,0,40,34,0,12,27
Priest,Discipline,Ability,"Penance",47540,"Launches a volley of holy light at the target, causing 241 Holy damage to an enemy, or 125 to 141 healing to an ally instantly and every 1 sec for 2 sec.",40,0,0,0,38,0,15,30
Priest,Discipline,Ability,"Power Infusion",10060,"Infuses the target with power, increasing spell casting speed by 20% and reducing the cost of all magic spells and abilities by 20%. Lasts 15 sec.",30,0,0,40,28,0,9,21
Priest,Discipline,Ability,"Power Word: Fortitude",1243,"Power infuses the target, increasing their Stamina by 3 for 30 min.   Does not stack with other similar effects.",1,0,0,4,0,0,0,0
Priest,Discipline,Ability,"Power Word: Shield",17,"Draws on the soul of the friendly target to shield them, absorbing 44 damage. Lasts 30 sec. While the shield holds, spellcasting will not be interrupted by damage. Once shielded, the target cannot be shielded again for 15 sec.",10,0,0,8,4,0,0,0
Priest,Discipline,Ability,"Shackle Undead",9484,"Shackles the target undead enemy for up to 30 sec. The shackled unit is unable to move, attack or cast spells.  Any damage caused will release the target.      Only one target can be shackled at a time.",20,0,0,5,18,0,0,0
Priest,Discipline,Talent,"Absolution",33167,"Reduces the mana cost of your Dispel Magic, Cure Disease, Abolish Disease and Mass Dispel spells by 15%.",18,0,0,0,0,0,3,9
Priest,Discipline,Talent,"Aspiration",47507,"Reduces the cooldown of your Inner Focus, Power Infusion, Pain Suppression, Leap of Faith and Penance spells by 20%.     Increases the duration of Pain Suppression by 2 sec.",34,0,0,0,0,0,9,24
Priest,Discipline,Talent,"Borrowed Time",52795,"Grants 20% spell haste for 6 sec after casting Power Word: Shield. This effect is consumed by your next non-instant spell.     Increases the healing power scaling of your Power Word: Shield by 40%.",20,0,0,0,0,0,12,30
Priest,Discipline,Talent,"Divine Aegis",47509,"Your effective critical healing creates a protective barrier absorbing damage up to 15% of the healed amount for 6 sec.    Divine Aegis is doubled for single target heals.    The absorb from Divine Aegis is limited to 10% of the target's maximum health.",36,0,0,0,0,0,12,27
Priest,Discipline,Talent,"Enlightenment",34908,"Increases your total Spirit, Intellect and haste by 3%.",24,0,0,0,0,0,6,15
Priest,Discipline,Talent,"Focused Power",33186,"Increases all damage and healing done by 4%.     The cast time of Mass dispel is reduced 1 sec.",24,0,0,0,0,0,6,15
Priest,Discipline,Talent,"Focused Will",45234,"Increases your spell critical effect chance by 3%,  Capstone Bonus: Gain the Focused Will effect whenever you take a critical hit, increasing healing taken by 5% and decreasing damage taken by 4%. This effect stacks up to 3 times and lasts 10 seconds.",30,0,0,0,0,0,9,21
Priest,Discipline,Talent,"Grace",47516,"Your Direct Heals and Power Word: Shield grant Grace, increasing the target's healing received from you by 3% for 12 sec. Stacks up to 3 times and can only affect one target.",20,0,0,0,0,0,12,27
Priest,Discipline,Talent,"Improved Flash Heal",63504,"Reduces the mana cost of your Flash Heal by 10%, and increases the critical effect chance of your Flash Heal by 15% on friendly targets at or below 50% health.  Capstone Bonus: Flash Heal casts reduce the cooldown of Inner Focus by 2 seconds.",30,0,0,0,0,0,9,21
Priest,Discipline,Talent,"Improved Inner Fire",14747,"Increases the effect of your Inner Fire spell by 45%, and increases the total number of charges by 12.",12,0,0,0,0,0,0,0
Priest,Discipline,Talent,"Improved Mana Burn",14750,"Reduces the casting time of your Mana Burn spell by 1 sec.",18,0,0,0,0,0,3,9
Priest,Discipline,Talent,"Improved Power Word: Fortitude",14749,"Increases your total Stamina by 4%.    Increases the effect of your Power Word: Fortitude and Prayer of Fortitude spells by 30%.",12,0,0,0,0,0,0,0
Priest,Discipline,Talent,"Improved Power Word: Shield",14748,"Increases the damage absorbed by your Power Word: Shield by 15%.",16,0,0,0,0,0,3,6
Priest,Discipline,Talent,"Martyrdom",14531,"You gain Focused Casting after being hit by a melee or ranged critical strike.     Focused Casting reduces the pushback suffered from damaging attacks while casting Priest spells by 100% and decreases the duration of Interrupt effects by 20%. Lasts 6 sec.",12,0,0,0,0,0,0,0
Priest,Discipline,Talent,"Meditation",14521,"Allows 25% of your mana regeneration to continue while casting.  Capstone Bonus: Your spell critical strike rating is increased by 10% of your Spirit.",16,0,0,0,0,0,3,6
Priest,Discipline,Talent,"Mental Agility",14520,"Reduces the mana cost of your instant cast spells by 10%.",18,0,0,0,0,0,3,9
Priest,Discipline,Talent,"Mental Strength",18551,"Increases your total Intellect by 10%.    Reduces all magic damage taken by 3%.",22,0,0,0,0,0,6,12
Priest,Discipline,Talent,"Rapture",47535,"When your Power Word: Shield is completely absorbed or dispelled you are instantly energized with 2.5% of your total mana.    You have a 100% chance to energize your shielded target with 2% total mana, 8 rage and 16 energy. This effect can only occur once every 12 sec.",30,0,0,0,0,0,9,24
Priest,Discipline,Talent,"Reflective Shield",33201,"Causes 44% of the damage you absorb with Power Word: Shield to reflect back at the attacker.  This damage causes no threat.",10,0,0,0,0,0,6,12
Priest,Discipline,Talent,"Renewed Hope",57470,"Increases the critical effect chance of your Holy spells by 6% on targets afflicted by the Weakened Soul effect.    You have a 100% chance to reduce all damage taken by 3% for 1 min to all friendly party and raid targets when you cast Power Word: Shield. This effect has a 15 sec cooldown.",20,0,0,0,0,0,9,24
Priest,Discipline,Talent,"Silent Resolve",14523,"Reduces the threat generated by your Holy and Discipline spells by 20% and reduces the chance your helpful spells and damage over time effects will be dispelled by 30%.",12,0,0,0,0,0,0,0
Priest,Discipline,Talent,"Soul Warding",63574,"Reduces the cooldown of your Power Word: Shield ability by 4 sec, and reduces the mana cost of your Power Word: Shield by 15%.",10,0,0,0,0,0,6,12
Priest,Discipline,Talent,"Twin Disciplines",47586,"Increases the damage and healing done by your Holy spells and abilities by 5%, and their critical strike chance by 5%.",10,0,0,0,0,0,0,0
Priest,Discipline,Talent,"Unbreakable Will",14522,"Reduces the duration of Stun, Fear, and Silence effects done to you by an additional 30%.  This does not stack with other Stun or Fear reduction effects.",10,0,0,0,0,0,0,0
Priest,Holy,Ability,"Abolish Disease",552,"Attempts to cure 1 disease effect on the target, and 1 more disease effect every 3 seconds for 12 sec.",32,0,0,32,30,0,0,0
Priest,Holy,Ability,"Binding Heal",32546,"Heals a friendly target and the caster for 359 to 418. Low threat.",40,0,0,10,38,0,0,0
Priest,Holy,Ability,"Circle of Healing",34861,"Heals up to 5 friendly party or raid members within 15 yards of the target for 151 to 173.",36,0,0,0,34,0,12,27
Priest,Holy,Ability,"Cure Disease",528,"Removes 1 disease from the friendly target.",14,0,0,12,12,0,0,0
Priest,Holy,Ability,"Desperate Prayer",19236,"Heals you for 110 to 150. If used while below 50% health, it guarantees a critical heal.",16,0,0,23,14,0,3,6
Priest,Holy,Ability,"Divine Hymn",64843,"Heals 3 nearby lowest health friendly party or raid targets within 40 yards for 896 to 984 every 2 sec for 8 sec, and increases healing done to them by 10% for 8 sec. Maximum of 12 heals. The Priest must channel to maintain the spell.",50,0,0,40,48,0,0,0
Priest,Holy,Ability,"Divine Star",760060,"Fires a Divine Star in front of you, traveling 30 yards, healing all allies within 5 yards of its path for 23.  After reaching its destination it will return to its original position, also healing all allies in its path.",30,0,0,40,28,0,0,0
Priest,Holy,Ability,"Flash Heal",2061,"Heals a friendly target for 121 to 146.",20,0,0,20,18,0,0,0
Priest,Holy,Ability,"Greater Heal",2050,"A slow casting spell that heals a single target for 28 to 34.",1,0,0,0,0,0,0,0
Priest,Holy,Ability,"Guardian Spirit",47788,"Calls upon a guardian spirit to watch over the friendly target. The spirit increases the healing received by the target by 40%, and also prevents the target from dying by sacrificing itself, only up to a maximum of 15% of target's total health. This sacrifice terminates the effect but heals the target of 50% of their maximum health. Lasts 10 sec.",40,0,0,40,38,0,15,30
Priest,Holy,Ability,"Halo",954803,"Creates a ring of Holy energy around you that quickly expands and grows in power, healing raid and party members up to 30 yds away. Heals with greater effect the further away the ally is. Also increases the Holy healing taken from the caster by 8%.",36,0,0,40,34,0,0,0
Priest,Holy,Ability,"Holy Fire",14914,"Consumes the enemy in holy flames that cause 81 to 97 Holy damage and an additional 21 Holy damage over 7 sec.",16,0,0,4,14,0,0,0
Priest,Holy,Ability,"Holy Nova",15237,"Causes an explosion of holy light around the caster, causing 21 to 23 Holy damage to all enemy targets within 10 yards and healing all party members within 10 yards for 52 to 60. These effects cause no threat.",14,0,0,4,12,0,0,0
Priest,Holy,Ability,"Hymn of Hope",64901,"Restores 3% mana to 3 nearby low mana friendly party or raid targets every 2 sec for 8 sec, and increases their total maximum mana by 20% for 8 sec. Maximum of 12 mana restores. The Priest must channel to maintain the spell.",50,0,0,40,48,0,0,0
Priest,Holy,Ability,"Leap of Faith",86381,"Pulls the spirit of a party or raid member, moving them to you. The same target can only be affected by this once every 30 seconds.",40,0,0,40,38,0,0,0
Priest,Holy,Ability,"Lightwell",724,"Creates a Holy Lightwell.    Lightwell will attempt to heal a nearby party or raid member within 20 yards every second if they have less than 50% health for 11.    Lightwell lasts for 30 seconds or until it heals 10 times.",30,0,0,40,28,0,9,21
Priest,Holy,Ability,"Prayer of Healing",596,"A powerful prayer heals the friendly target's party members within 30 yards for 118 to 130.",20,0,0,5,18,0,0,0
Priest,Holy,Ability,"Prayer of Mending",33076,"Places a spell on the target that heals them for 101 the next time they take damage.  When the heal occurs, Prayer of Mending jumps to a party or raid member within 20 yards. Jumps up to 5 times and lasts 30 sec after each jump.      This spell can only be placed on one target at a time.",40,0,0,34,38,0,0,0
Priest,Holy,Ability,"Renew",139,"Heals the target for 35 over 15 sec.",1,0,0,0,2,0,0,0
Priest,Holy,Ability,"Resurrection",2006,"Brings a dead player back to life with 70 health and 135 mana.  Cannot be cast when in combat.",10,0,0,2,8,0,0,0
Priest,Holy,Ability,"Smite",585,"Smite an enemy for 13 to 17 Holy damage.",1,0,0,0,0,0,0,0
Priest,Holy,Talent,"Answered Prayers",18160,"Increases all damage done by 10% and all healing done by 10%.    Increases Holy damage by an additional 5%.    The all-damage increase does not stack with Enhanced Weapon Mastery, Unending Fury, Blessed Weapons, Blood Gorged or Blood Presence. Only the highest increase applies.    The healing increase does not stack with Spiritual Healing, Purification or Gift of Nature. Only the highest increase applies.",40,0,0,0,0,0,12,30
Priest,Holy,Talent,"Blessed Recovery",27811,"After being struck by a critical strike, you heal for 15% of the damage taken over 6 sec, additional critical strikes taken during the effect increase the healing received.  Capstone Bonus: When Blessed Recovery is active, your Desperate Prayer will come off cooldown three times as fast.",16,0,0,0,0,0,3,6
Priest,Holy,Talent,"Blessed Resilience",33142,"Increases the effectiveness of your healing spells by 3%, and critical hits made against you have a 60% chance to prevent you from being critically hit again for 6 sec.    This can not occur more than once every 18 sec.",30,0,0,0,0,0,9,21
Priest,Holy,Talent,"Body and Soul",64127,"When you cast Power Word: Shield or Leap of Faith, you increase the target's movement speed by 60% for 4 sec,    You have a 100% chance when you cast Abolish Disease on yourself to also cleanse 1 poison effect in addition to diseases.",34,0,0,0,0,0,9,24
Priest,Holy,Talent,"Divine Fury",18530,"Increases the critical strike chance of Holy Fire by 6%.     You deal 6% increased damage against targets afflicted by your Holy Fire.",16,0,0,0,0,0,3,9
Priest,Holy,Talent,"Divine Providence",47562,"Increases the amount healed Holy Spells by 10%.     Reduces the cooldown of your Halo and Prayer of Mending by 30%.",40,0,0,0,0,0,12,30
Priest,Holy,Talent,"Empowered Healing",33158,"Your Greater Heal, Flash Heal, Binding Heal, and Divine Star spells gain an additional 25% of your bonus healing effects.",20,0,0,0,0,0,9,24
Priest,Holy,Talent,"Empowered Renew",63534,"Your Renew spell gains another 15% of your bonus healing effects.  Your Renew instantly heals the target for 15% of the total periodic effect.",25,0,0,0,0,0,12,27
Priest,Holy,Talent,"Healing Focus",14913,"Increases your haste by 2%.    Reduces the pushback suffered from damaging attacks while casting by 70%.",10,0,0,0,0,0,0,0
Priest,Holy,Talent,"Healing Prayers",14911,"Reduces the mana cost of your Prayer of Healing, Prayer of Mending and Halo spell by 20% .    Increases the critical strike chance of your Prayer of Healing and Halo spell by 10%.",22,0,0,0,0,0,6,12
Priest,Holy,Talent,"Holy Concentration",34753,"Your Spirit is increased by 30% for 12 sec after you critically heal with Flash Heal, Greater Heal, or Binding Heal, or critically hit with Holy Fire or Smite.     Greater Heal, Flash Heal, Binding Heal, and Circle of Healing have a 100% chance to extend the duration of your Renew on all nearby party and raid members by 3 sec, up to an additional 6 sec.     This does not stack with similar effects.",30,0,0,0,0,0,9,21
Priest,Holy,Talent,"Holy Focus",14889,"Your spell critical strikes now deal 200% damage.     This does not stack with other similar effects.   Capstone Bonus: Your Holy damaging spell critical strikes have a 50% chance to increase magic damage done by 5% for 6 seconds.     This effect can only occur once every 8 seconds.",18,0,0,0,0,0,3,9
Priest,Holy,Talent,"Holy Reach",27789,"Increases the range of your damaging spells with a channeling or cast time by 6 yards.     This does not stack with other similar effects.    Increases the radius of your Prayer of Healing, Holy Nova, Divine Hymn, and Circle of Healing spells by 20%.   Capstone Bonus: Directly healing or directly damaging a target further than 20 yards away from you has a 20% chance to restore 2% of your missing mana over 4 sec. This effect can only occur once every 15 sec.",18,0,0,0,0,0,3,9
Priest,Holy,Talent,"Holy Specialization",16010,"Increases your chance to get a critical strike with all Holy spells and abilities by 5%.",10,0,0,0,0,0,0,0
Priest,Holy,Talent,"Improved Divine Star",760194,"Increases your critical strike chance by 3%.    Increases the amount healed by your Divine Star spell by 30%.",30,0,0,0,0,0,9,21
Priest,Holy,Talent,"Improved Healing",14912,"Reduces the mana cost of your Greater Heal, Divine Hymn and Penance spells by 15%.",22,0,0,0,0,0,6,12
Priest,Holy,Talent,"Improved Renew",14908,"Increases the amount healed by your Renew spell by 15%.",10,0,0,0,0,0,0,0
Priest,Holy,Talent,"Inspiration",14892,"Reduces your target's Physical damage taken by 10% for 15 sec after getting a critical effect from one of your healing spells.   Does not stack with other similar effects.",16,0,0,0,0,0,3,6
Priest,Holy,Talent,"Radiant Fury",4222,"Your Smite, Holy Fire and the damage of Holy Nova gains an additional 20% of your bonus spell damage effects.    Duration of Holy Fire is increased by 2.5 sec.",16,0,0,0,0,0,6,15
Priest,Holy,Talent,"Searing Light",14909,"Increases the damage of your Smite, Holy Fire, Penance, Holy Nova, Holy Shock and Exorcism spells by 15%.    Reduces the mana cost of your Holy Nova by 25%.",10,0,0,0,0,0,0,0
Priest,Holy,Talent,"Serendipity",63730,"When you heal with Binding Heal or Flash Heal, cast Renew, or deal damage with Smite, the cast time and mana cost of your next Greater Heal or Prayer of Healing spell is reduced by 15%. Stacks up to 3 times. Lasts 20 sec.",15,0,0,0,0,0,9,24
Priest,Holy,Talent,"Spell Warding",27900,"Reduces all magic damage taken by 10%.",12,0,0,0,0,0,0,0
Priest,Holy,Talent,"Spirit of Redemption",20711,"Increases total Spirit by 5% and upon death, you becomes the Spirit of Redemption for 15 sec.      The Spirit of Redemption cannot move, attack, be attacked or targeted by any spells or effects.  While in this form you can cast any healing spell free of cost.  When the effect ends, you die.",24,0,0,0,0,0,6,15
Priest,Holy,Talent,"Spiritual Guidance",14901,"Increases spell power by 25% of your total Spirit.",22,0,0,0,0,0,6,12
Priest,Holy,Talent,"Spiritual Healing",14898,"Increases the amount healed by your spells by 10%.    The healing increase does not stack with Purification, Gift of Nature or Answered Prayers. Only the highest increase applies.",24,0,0,0,0,0,6,15
Priest,Holy,Talent,"Surge of Light",33150,"Your direct damage and healing spell and ability criticals have a 50% chance to cause your next Smite or Flash Heal spell to be instant cast and cost no mana but are incapable of a critical hit. This effect lasts 10 sec.",20,0,0,0,0,0,6,15
Priest,Holy,Talent,"Test of Faith",47558,"Increases healing and damage done to targets below 50% health by 12%.",36,0,0,0,0,0,12,27
Priest,Shadow,Ability,"Devouring Plague",2944,"Afflicts the target with a disease that causes 152 Shadow damage over 24 sec. 15% of damage caused by the Devouring Plague heals the caster. This spell can only affect one target at a time.",20,0,0,5,18,0,0,0
Priest,Shadow,Ability,"Dispersion",47585,"You disperse into pure Shadow energy, reducing all damage taken by 90%.  You are unable to attack or cast spells, but you regenerate 6% mana every 1 sec for 6 sec. Dispersion can be cast while stunned, feared or silenced and clears all snare and movement impairing effects when cast.",40,0,0,40,38,0,15,30
Priest,Shadow,Ability,"Fade",586,"Fade out, temporarily reducing all your threat for 10 sec.  This ability is usable while shapeshifted.",10,0,0,9,6,0,0,0
Priest,Shadow,Ability,"Mind Blast",8092,"Blasts the target for 39 to 43 Shadow damage.",10,0,0,0,8,0,0,0
Priest,Shadow,Ability,"Mind Flay",15407,"Assault the target's mind with Shadow energy, causing 45 Shadow damage over 3 sec and slowing their movement speed by 50%.",16,0,0,0,14,0,3,6
Priest,Shadow,Ability,"Mind Sear",48045,"Causes an explosion of shadow magic around the enemy target, causing 50 to 57 Shadow damage every 1 sec for 5 sec to all enemies within 10 yards around the target.",36,0,0,10,34,0,0,0
Priest,Shadow,Ability,"Mind Soothe",453,"Soothes the target, reducing the range at which it will attack you by 10 yards. Only affects Humanoid targets. Lasts 15 sec.",20,0,0,5,18,0,0,0
Priest,Shadow,Ability,"Mind Vision",2096,"Allows the caster to see through the target's eyes for 1 min.  This ability is usable while shapeshifted.",22,0,0,6,20,0,0,0
Priest,Shadow,Ability,"Psychic Horror",64044,"You terrify the target, causing them to tremble in horror for 3 sec, and disarming their main hand and ranged weapons for 10 sec.  This spell cannot miss.",36,0,0,40,34,0,12,27
Priest,Shadow,Ability,"Psychic Scream",8122,"The caster lets out a psychic scream, causing 2 enemies within 8 yards to flee for 6 sec.  Damage caused may interrupt the effect.",10,0,0,14,8,0,0,0
Priest,Shadow,Ability,"Shadow Protection",976,"Increases the target's resistance to Shadow spells by 30 for 30 min.",30,0,0,26,28,0,0,0
Priest,Shadow,Ability,"Shadow Word: Death",32379,"A word of dark binding that inflicts 192 to 222 Shadow damage to the target.  If the target is not killed by Shadow Word: Death, the caster takes damage equal to the damage inflicted upon the target after a short delay.",40,0,0,34,38,0,0,0
Priest,Shadow,Ability,"Shadow Word: Pain",589,"A word of darkness that causes 30 Shadow damage over 18 sec.",1,0,0,0,0,0,0,0
Priest,Shadow,Ability,"Shadowfiend",34433,"Creates a shadowy fiend to attack the target.  Caster receives 5% mana when the Shadowfiend attacks. Damage taken by area of effect attacks is reduced. Lasts 15 sec.",50,0,0,34,48,0,0,0
Priest,Shadow,Ability,"Shadowform",15473,"Assume a Shadowform, increasing your Shadow damage by 15%.    You may not cast Healing or Priest Holy spells while in this form except for Cure Disease and Abolish Disease.    Grants the periodic damage from your Shadow Word: Pain, Devouring Plague, and Vampiric Touch spells the ability to critically hit and benefit from haste.",22,0,0,26,28,0,9,21
Priest,Shadow,Ability,"Silence",15487,"Silences the target, preventing them from casting spells for 5 sec. Non-player victim spellcasting is also interrupted for 3 sec.",22,0,0,32,20,0,6,12
Priest,Shadow,Ability,"Vampiric Embrace",15286,"Fills you with the embrace of Shadow energy, causing you to be healed for 15% and other party members to be healed for 3% of any single-target Priest Shadow spell damage you deal.     Either heal cannot exceed 5% of the maximum health of the caster.   This ability is usable while shapeshifted.",20,0,0,26,20,0,6,12
Priest,Shadow,Ability,"Vampiric Touch",34914,"Causes 340 Shadow damage over 15 sec to your target.     When you deal damage with Mind Blast to a target afflicted by your Vampiric Touch, you gain Replenishment.    If Vampiric Touch is dispelled it will cause 544 damage to the afflicted target.     Replenishment Replenishes 1% of maximum mana per 5 sec on up to 10 party members for 15 sec.",36,0,0,26,34,0,12,27
Priest,Shadow,Ability,"Void Eruption",760122,"Releases an explosive blast of pure void energy, causing Shadow damage to up to 10 enemies within 10 yards of your target. The power drawn from the Void increases your periodic Shadow Priest damage by 20% for 5 sec, increased by 0.5 sec for each enemy hit.  While in Shadowform this spell also applies Shadow Word: Pain (if known) to all enemies hit.",28,0,0,40,26,0,0,0
Priest,Shadow,Ability,"Void Shift",954522,"You and the currently targeted party or raid member swap health percentages. Increases the health percentage of you and your ally to 25% if below that amount.  After casting or being targeted by Void Shift you cannot cast or be targeted by it for 1 min.",30,0,0,40,28,0,0,0
Priest,Shadow,Talent,"Darkness",15259,"Increases all damage done by 3%.    Increases your Shadow damage done by 3%.",10,0,0,0,0,0,0,0
Priest,Shadow,Talent,"Improved Devouring Plague",63625,"Increases the periodic damage done by your Devouring Plague by 15%.    Devouring Plague now instantly deals 30% of its total periodic effect when cast.  You deal 3% increased damage against targets afflicted by your Devouring Plague.",20,0,0,0,0,0,6,15
Priest,Shadow,Talent,"Improved Mind Blast",15273,"Reduces the cooldown of your Mind Blast spell by 2.5 sec.    Mind Blast also has a 100% chance to reduce all healing done to the target by 20% for 10 sec.",10,0,0,0,0,0,3,6
Priest,Shadow,Talent,"Improved Psychic Scream",15392,"Reduces the cooldown of your Psychic Scream spell by 4 sec.",16,0,0,0,0,0,3,6
Priest,Shadow,Talent,"Improved Shadow Word: Pain",15275,"Increases the damage of your Shadow Word: Pain spell by 6%.",10,0,0,0,0,0,0,0
Priest,Shadow,Talent,"Improved Shadowform",47569,"Your Fade has a 100% chance to clear all movement impairing effects when used in Shadowform.  While in Shadowform, you also take 15% less damage and lose 70% less casting or channeling time when hit while casting Shadow spells",34,0,0,26,0,0,9,24
Priest,Shadow,Talent,"Improved Spirit Tap",15337,"Your Spirit Tap now also triggers from your critical strikes with direct damage Shadow spells and Mind Flay and now also increases critical strike rating by 10% of your Spirit.",10,0,0,0,0,0,0,0
Priest,Shadow,Talent,"Improved Vampiric Embrace",27839,"Increases the healing received from Vampiric Embrace by 67%.",22,0,0,26,0,0,6,12
Priest,Shadow,Talent,"Mind Melt",14910,"Increases the critical strike chance of your Mind Blast, Shadow Word: Death, Mind Flay and Mind Sear spells by 4%.    Increases the periodic critical strike chance of your damaging periodic spells by 6%.",24,0,0,0,0,0,6,15
Priest,Shadow,Talent,"Misery",33191,"Your Mind Blast, Mind Flay and Mind Sear gain an additional 15% of your bonus spell damage effects.    Your Shadow Word: Pain, Mind Flay and Vampiric Touch spells increase the chance for harmful spells to hit by 3% lasting 24 sec.",25,0,0,0,0,0,9,24
Priest,Shadow,Talent,"Pain and Suffering",47580,"Shadow channeled spells and Mind Blast casts have a 100% chance to refresh the duration of your Shadow Word: Pain on the target.    Reduces the damage you take from your own Shadow Word: Death by 30%.",30,0,0,0,0,0,12,27
Priest,Shadow,Talent,"Shadow Affinity",15318,"Reduces the mana cost of your Shadow spells by 6%.    You receive 15% of your base mana when your Shadow Word: Pain or Vampiric Touch spells are dispelled.  Capstone Bonus: All threat generated is reduced by 30%. This capstone effect does not stack with similar capstone effects.",12,0,0,0,0,0,0,0
Priest,Shadow,Talent,"Shadow Focus",15260,"Reduces the mana cost of your spells by 6%.    Reduces spell pushback suffered from damaging attacks by 70%.",12,0,0,0,0,0,0,0
Priest,Shadow,Talent,"Shadow Power",33221,"Your spell critical strikes now deal 200% damage.     This does not stack with other similar effects.   Capstone Bonus: Your Shadow and Holy periodic damage effects have a 30% chance to make the target vulnerable to your power, increasing their Magic damage taken from you by 4% for 4 seconds.",30,0,0,0,0,0,9,21
Priest,Shadow,Talent,"Shadow Reach",17322,"Increases the range of your damaging spells with a channeling or cast time by 6 yards.     This does not stack with other similar effects.  Dealing direct magic damage to a target further than 20 yards away from you has a 33% chance to corrupt their soul, dealing Shadow damage over 3 seconds. This effect can only occur once every 15 sec.",18,0,0,0,0,0,3,9
Priest,Shadow,Talent,"Shadow Weaving",15257,"Your damaging Priest Shadow spells have a 100% chance to increase the Shadow damage you deal by 2% for 15 sec.  Stacks up to 5 times.",10,0,0,0,0,0,3,9
Priest,Shadow,Talent,"Spirit Tap",15270,"You have a 100% chance to gain Spirit Tap after killing a target that yields experience or honor.     Your Spirit is increased by 30% and your mana will regenerate at 75% rate while casting.   Lasts 15 sec.  This does not stack with similar effects.",10,0,0,0,0,0,0,0
Priest,Shadow,Talent,"Twisted Faith",47573,"Increases your spell power by 20% of your total Spirit.    Increases the damage done by your Mind Flay and Mind Blast is increased by 10% if your target is afflicted by your Shadow Word: Pain.",20,0,0,0,0,0,12,30
Priest,Shadow,Talent,"Veiled Shadows",15274,"Reduces the cooldown of your Shadowfiend ability by 120 sec and of your Fade ability by 6 sec.",18,0,0,0,0,0,3,9
Priest,Shadow,Talent,"Void-touched Mind",33213,"Mind Blast, Mind Flay and Mind Sear spells cost 15% less mana.  Capstone Bonus: Your Mind Blast extends the duration of Void Eruption by up to 3 seconds and your Mind Flay ticks increase the periodic damage increase of Void Eruption by an additional 3%, stacks up to 10 times.",22,0,0,0,0,0,6,12
Rogue,Assassination,Ability,"Ambush",8676,"Ambush the target, causing 275% weapon damage plus 77 to the target. Must be stealthed and behind the target. Requires a dagger in the main hand. Awards 2 combo points.",16,0,0,10,14,0,0,0
Rogue,Assassination,Ability,"Cheap Shot",1833,"Stuns the target for 4 sec. Must be stealthed. Awards 2 combo points.",26,0,0,38,24,0,0,0
Rogue,Assassination,Ability,"Cold Blood",14177,"When activated, your next direct damage Rogue ability has 100% increased critical strike chance, 20% increased damage (10% versus players) and is usable from 10 yards.     When consumed you will gain 4% melee and ranged critical strike chance for 15 sec.",22,0,0,32,20,0,6,12
Rogue,Assassination,Ability,"Combat Readiness",86378,"Enter a state of heightened defensive awareness. Each time you're hit by a spell or ability, your overall damage taken is reduced by 5%(3% versus players) for 10 sec. Stacks up to 5 times. Lasts 20 sec or until you have not been attacked for 10 sec.  This ability is usable while shapeshifted.",36,0,0,40,34,0,0,0
Rogue,Assassination,Ability,"Crimson Tempest",954809,"Finishing move that slashes at the flesh of all enemies within 8 yards, dealing Physical damage and causing them to bleed per combo point:     1 point: 9 damage and 17 damage over 8 sec     2 points: 16 damage and 25 damage over 8 sec     3 points: 23 damage and 33 damage over 8 sec     4 points: 30 damage and 42 damage over 8 sec     5 points: 38 damage and 51 damage over 8 sec",14,0,0,0,12,0,0,0
Rogue,Assassination,Ability,"Deadly Throw",26679,"Finishing move that reduces the movement of the target by 50% for 6 sec and causes increased thrown weapon damage:     1 point  : 28-44 damage     2 points: 47-63 damage     3 points: 66-82 damage     4 points: 85-101 damage     5 points: 104-120 damage",24,0,0,20,22,0,0,0
Rogue,Assassination,Ability,"Dismantle",51722,"Disarm the enemy, removing their weapons, shields, or other equipment carried for 6 sec.",20,0,0,29,18,0,0,0
Rogue,Assassination,Ability,"Envenom",32645,"Finishing move that consumes your Deadly Poison doses on the target and deals instant poison damage.     After the Envenom attack you have an additional 15% chance to apply Deadly Poison and a 75% increased frequency of applying Instant Poison for 1 sec plus an additional 1 sec per combo point.  One dose is consumed for each combo point:    1 dose:  38 damage    2 doses: 77 damage    3 doses: 116 damage    4 doses: 156 damage    5 doses: 196 damage",36,0,0,24,34,0,0,0
Rogue,Assassination,Ability,"Eviscerate",2098,"Finishing move that causes damage per combo point:     1 point  : 7-11 damage     2 points: 13-17 damage     3 points: 19-23 damage     4 points: 26-30 damage     5 points: 33-37 damage",1,0,0,0,0,0,0,0
Rogue,Assassination,Ability,"Expose Armor",8647,"Finishing move that exposes the target, reducing armor by 20% and lasting longer per combo point:    1 point  : 6 sec.    2 points: 12 sec.    3 points: 18 sec.    4 points: 24 sec.    5 points: 30 sec.   Does not stack with other similar effects.",14,0,0,12,12,0,0,0
Rogue,Assassination,Ability,"Garrote",703,"When attacking from stealth, inflicts 18 damage to an enemy every 3 sec. for 18 sec and silences the enemy for 2 sec. Awards 1 combo point.",12,0,0,10,10,0,0,0
Rogue,Assassination,Ability,"Hunger For Blood",51662,"Enrages you, increasing all Physical and Nature damage caused by 10%, lasting for 15 seconds. Also gives you a movement boost of 30% for 5 seconds. Requires any bleed to be active on the target to be used.   This ability is usable while shapeshifted.",40,0,0,40,38,0,15,30
Rogue,Assassination,Ability,"Kidney Shot",408,"Finishing move that stuns the target.  Lasts longer per combo point:    1 point  : 1 second    2 points: 2 seconds    3 points: 3 seconds    4 points: 4 seconds    5 points: 5 seconds",20,0,0,29,18,0,0,0
Rogue,Assassination,Ability,"Meditate",965426,"Finishing move that consumes combo points on any nearby target to restore 6% of your base mana every 2 sec. Lasts longer per combo point:    1 point  : 18% base mana over 6  secs    2 points: 36% base mana over 12  secs     3 points: 54% base mana over 18  secs    4 points: 72% base mana over 24  secs    5 points: 90% base mana over 30 secs",10,0,0,8,4,0,0,0
Rogue,Assassination,Ability,"Mutilate",1329,"Instantly attacks with both weapons for 100% weapon damage plus an additional 36 with each weapon. Awards 2 combo points.    Damage is increased by 20% against Poisoned targets.",36,0,0,36,34,0,12,27
Rogue,Assassination,Ability,"Poison Mastery",2842,"You gain Poison Mastery when learning any Rogue Poison.     This Mastery automatically unlocks additional Essential Rogue Poisons when you reach their Class Point requirements at no additional ability essence cost.   Instant Poison Coats a melee or ranged weapon with a poison that deals nature damage.    Crippling Poison Coats a weapon with crippling poison that slows the target.   Mind-numbing Poison Coats a weapon with mind-numbing poison that reduces their casting speed.   Deadly Poison Coats your weapon with a deadly poison that causes your targets to take Nature damage over times and stacks up.    Wound Poison Coats your weapon with a poison that deals Nature damage and reduces the target's healing received.    Anesthetic Poison Coats your weapon with poison that deals Nature damage and dispels Enrage effects on your target.",16,0,0,14,34,0,0,0
Rogue,Assassination,Ability,"Rupture",1943,"Finishing move that causes damage over time.  Lasts longer per combo point:     1 point  : 40 damage over 8 sec     2 points: 61 damage over 10 sec     3 points: 87 damage over 12 sec     4 points: 117 damage over 14 sec     5 points: 153 damage over 16 sec",20,0,0,16,18,0,0,0
Rogue,Assassination,Ability,"Slice and Dice",5171,"Finishing move that increases melee attack speed by 20%. Lasts longer per combo point:     1 point  : 9 seconds     2 points: 12 seconds     3 points: 15 seconds     4 points: 18 seconds     5 points: 21 seconds    This ability is usable while shapeshifted.",1,0,0,0,2,0,0,0
Rogue,Assassination,Ability,"Smoke Bomb",954501,"Creates a cloud of thick smoke in an 8 yard radius around you for 5 sec. Enemies are unable to target into or out of the smoke cloud.   This ability is usable while shapeshifted.",36,0,0,40,34,0,0,0
Rogue,Assassination,Talent,"Blood Spatter",51632,"Increases the damage caused by your Garrote, Rupture and Crimson Tempest abilities by 30%.    Increases the damage of your Hemorrhage ability by 10%.",12,0,0,0,0,0,0,0
Rogue,Assassination,Talent,"Cut to the Chase",51664,"Your Eviscerate and Envenom abilities have a 100% chance to refresh your Slice and Dice duration to its 5 combo point maximum.",20,0,0,0,0,0,12,30
Rogue,Assassination,Talent,"Deadened Nerves",31380,"Reduces all damage taken by 6%.",30,0,0,0,0,0,9,21
Rogue,Assassination,Talent,"Deadly Brew",51625,"When you apply Instant, Deadly or Mind-Numbing poison to a target, you have a 100% chance to apply Crippling poison.     This effect can only occur once every 1 seconds.",16,0,0,0,0,0,9,21
Rogue,Assassination,Talent,"Find Weakness",31234,"Increases your critical strike chance by 6%.    Capstone Bonus: The periodic damage of your Garrote is able to critically hit.",34,0,0,0,0,0,9,24
Rogue,Assassination,Talent,"Fleet Footed",31208,"Reduces the duration of all movement impairing effects by 30% and increases your movement speed by 15%.  This does not stack with other movement speed increasing effects.",22,0,0,0,0,0,6,12
Rogue,Assassination,Talent,"Focused Attacks",51634,"Critical strikes with melee auto attacks, offensive spells and abilities have a 100% chance to give you 2 energy.",34,0,0,0,0,0,9,24
Rogue,Assassination,Talent,"Improved Eviscerate",14162,"Increases the damage of your Eviscerate ability by 20%.",10,0,0,0,0,0,0,0
Rogue,Assassination,Talent,"Improved Expose Armor",14168,"Reduces the energy cost of your Expose Armor ability by 10, increases its duration by 50%, and your attacks ignore an additional 12% of your target's armor.",16,0,0,0,0,0,3,6
Rogue,Assassination,Talent,"Improved Kidney Shot",14174,"Kidney Shot increases damage taken by the target from all sources by 8%.",20,0,0,0,0,0,6,12
Rogue,Assassination,Talent,"Improved Poisons",14113,"Increases the chance to apply Deadly Poison to your target by 20% and the frequency of applying Instant Poison to your target by 50%.",16,0,0,0,0,0,3,9
Rogue,Assassination,Talent,"Insatiable Blood",102220,"Reduces the cooldown of Hunger For Blood by 30 seconds.",22,0,0,40,0,0,0,0
Rogue,Assassination,Talent,"Lethality",14128,"Increases the critical strike damage bonus of all non-periodic combo point-generating Rogue abilities and Rogue poisons by 30%.",16,0,0,0,0,0,3,6
Rogue,Assassination,Talent,"Malice",14138,"Increases your chance to get a critical strike with all spells and attacks by 5%.  Capstone Bonus: You gain 5 Energy when your Garrote, Rupture or Crimson Tempest deal damage.",10,0,0,0,0,0,0,0
Rogue,Assassination,Talent,"Master Poisoner",31226,"Increases the critical strike chance of all spells and attacks against any target you have poisoned by 3%.    Reduces the duration of all Poison effects applied to you by 50%.    Envenom has a 100% chance not to consume Deadly Poison.   Does not stack with other similar effects.",30,0,0,0,0,0,12,27
Rogue,Assassination,Talent,"Murder",14158,"Increases all damage done by 2%     Increases the duration of the Silence effect from Garrote by 0.5 sec.",24,0,0,0,0,0,6,15
Rogue,Assassination,Talent,"Overkill",58426,"While stealthed, and for 20 sec seconds after breaking stealth, you regenerate 30% additional energy.",15,0,0,0,0,0,9,21
Rogue,Assassination,Talent,"Puncturing Wounds",13733,"Increases the critical strike chance of your Backstab ability by 30%.    Increases the critical strike chance of your Mutilate ability by 15%.",12,0,0,0,0,0,0,0
Rogue,Assassination,Talent,"Quick Recovery",31244,"Increases healing done to you by 20%.   This effect does not stack with other similar effects.   Your Rogue finishing moves refund 80% of their Energy cost when they fail to hit.",22,0,0,0,0,0,6,12
Rogue,Assassination,Talent,"Remorseless Attacks",14144,"After killing an opponent that yields experience or honor, gives you a 40% increased critical strike chance on your next Sinister Strike, Hemorrhage, Backstab, Mutilate, Ambush, or Ghostly Strike.  Lasts 20 sec.  Capstone Bonus: Triggering Remorseless Attacks also refreshes your Slice and Dice duration to its 5 combo point maximum.",10,0,0,0,0,0,0,0
Rogue,Assassination,Talent,"Ruthlessness",14156,"Increases the damage of your Rogue finishing moves by 3%.     Your Rogue melee finishing moves a 60% chance to add a combo point.    This effect cannot occur more than once every 2 seconds.",10,0,0,0,0,0,0,0
Rogue,Assassination,Talent,"Seal Fate",14186,"Your critical strikes from Rogue abilities that add combo points have a 100% chance to add an additional combo point.     Increases the damage done by Eviscerate, Rupture, Deadly Throw and Crimson Tempest by 10%.  Capstone Bonus: Consuming Cold Blood with a finishing move has a 20% chance per combo point to increase your movement speed by 70% for 4 sec.",10,0,0,0,0,0,6,15
Rogue,Assassination,Talent,"Turn the Tables",51627,"Whenever anyone in your party or raid blocks, dodges, or parries an attack your chance to critically hit with combo point generators and haste is increased by 6% for 8 sec.",36,0,0,0,0,0,12,27
Rogue,Assassination,Talent,"Vigor",14983,"Increases your maximum Energy by 20.",16,0,0,0,0,0,3,6
Rogue,Assassination,Talent,"Vile Poisons",16513,"Increases the damage dealt by your poisons and Envenom ability by 20%.    Gives your damage over time poisons an additional 30% chance to resist dispel effects.",16,0,0,0,0,0,3,9
Rogue,Combat,Ability,"Adrenaline Rush",13750,"Increases your Energy regeneration rate by 100% for 15 sec.  This ability is usable while shapeshifted.",30,0,0,40,28,0,9,21
Rogue,Combat,Ability,"Backstab",53,"Backstab the target, causing 150% weapon damage plus 10 to the target. Must be behind the target.  Requires a dagger in the main hand. Awards 1 combo point.",1,0,0,0,0,0,0,0
Rogue,Combat,Ability,"Blade Flurry",13877,"Increases your melee attack speed by 20%. In addition, attacks strike an additional nearby opponent. Lasts 20 sec.    Can't be active at the same time as Sweeping Strikes.     This ability is usable while shapeshifted.",22,0,0,32,20,0,6,12
Rogue,Combat,Ability,"Evasion",5277,"Increases your dodge chance by 50% and reduces the chance ranged attacks hit you by 50%. Lasts 15 sec.     This ability is usable while shapeshifted.",10,0,0,9,6,0,0,0
Rogue,Combat,Ability,"Fan of Knives",51723,"Instantly throw both weapons at all targets within 8 yards, causing 105% weapon damage with daggers, and 70% weapon damage with all other weapons.",50,0,0,8,48,0,0,0
Rogue,Combat,Ability,"Feint",1966,"Performs a feint, causing no damage but lowering your threat by a large amount, making the enemy less likely to attack you.  In addition, reduces the damage you take from area of effect attacks by 20% for 6 sec.",12,0,0,10,10,0,0,0
Rogue,Combat,Ability,"Gouge",1776,"Causes 4 damage, incapacitating the opponent for 4 sec, and turns off your attack.  Target must be facing you.  Any damage caused will revive the target. Awards 1 combo point.",10,0,0,8,4,0,0,0
Rogue,Combat,Ability,"Grappling Hook",760056,"Launch a grappling hook and pull yourself to the target location. For 3 sec after using it you can recast it, pulling yourself to an enemy and rooting them for 1 sec. Does not break stealth.",28,0,0,40,26,0,0,0
Rogue,Combat,Ability,"Kick",1766,"A quick kick that interrupts spellcasting and prevents any spell in that school from being cast for 4 sec.     This ability shares a cooldown with other interrupts.",12,0,0,17,10,0,0,0
Rogue,Combat,Ability,"Killing Spree",51690,"Step through the shadows from enemy to enemy within 10 yards, attacking an enemy for 130% weapon damage (195% with Daggers) every 0.5 sec with both weapons until 5 assaults are made.  Can hit the same target multiple times.  Cannot hit invisible or stealthed targets.",40,0,0,40,38,0,15,30
Rogue,Combat,Ability,"Recuperate",965425,"Finishing move that consumes combo points on your target to restore 3% of your maximum health every 3 sec. Lasts longer per combo point:    1 point : 3 seconds    2 points: 6 seconds    3 points: 9 seconds    4 points: 12 seconds    5 points: 15 seconds",1,0,0,4,0,0,0,0
Rogue,Combat,Ability,"Riposte",14251,"A strike that becomes active after parrying an opponent's attack.  This attack deals 150% weapon damage and slows their melee attack speed by 20% for 30 sec. Awards 1 combo point. Does not stack with other similar effects.",16,0,0,0,14,0,3,6
Rogue,Combat,Ability,"Roll the Bones",760080,"Roll the dice of fate, providing a random lesser or great combat enhancement for 10 sec. Only one enhancement can be active at the same time.    This ability is usable while shapeshifted.",26,0,0,38,24,0,0,0
Rogue,Combat,Ability,"Shiv",5938,"Performs an instant off-hand weapon attack that automatically applies the poison from your off-hand weapon to the target.  Slower weapons require more Energy. Awards 1 combo point.",40,0,0,5,38,0,0,0
Rogue,Combat,Ability,"Shuriken Toss",954835,"A ranged attack that deals 30 to 29 Physical damage to an enemy target. Awards 1 combo point.",14,0,0,4,12,0,0,0
Rogue,Combat,Ability,"Sinister Strike",1752,"An instant strike that causes 3 damage in addition to 100% of your normal weapon damage (85% if a Two-Handed weapon is equipped). Awards 1 combo point.",1,0,0,0,0,0,0,0
Rogue,Combat,Ability,"Sprint",2983,"Increases your movement speed by 50% for 15 sec.  Does not break stealth.",10,0,0,20,8,0,0,0
Rogue,Combat,Talent,"Accuracy",13705,"Increases your chance to hit with all spells and attacks by 5%.",12,0,0,0,0,0,0,0
Rogue,Combat,Talent,"Aggression",18427,"Increases the critical strike chance of your Sinister Strike, Shuriken Toss, Deadly Throw and Eviscerate by 15%.     Increases the duration of effects gained from Roll the Bones by 15 sec.    Capstone Bonus: Your finishing moves reduces the cooldown of Roll the Bones by 2 sec per combo point used.",18,0,0,0,0,0,3,9
Rogue,Combat,Talent,"Blade Twisting",31124,"Increases the damage dealt by Sinister Strike, Backstab and Shiv by 10%, and your Shiv and Grappling Hook Follow-Up has a 100% chance to Daze the target for 4 sec.",10,0,0,0,0,0,6,15
Rogue,Combat,Talent,"Close Quarters Combat",13706,"Increases your chance to get a critical strike with Daggers and Fist Weapons by 10%.",16,0,0,0,0,0,3,6
Rogue,Combat,Talent,"Combat Potency",35541,"Gives your successful off-hand melee attacks a 100% chance to generate 5 Energy.",15,0,0,0,0,0,9,24
Rogue,Combat,Talent,"Deflection",13713,"Increases your Parry chance by 3%.     Increases the damage of your Ghostly Strike and Riposte by 15%.    You have a 100% chance to reduce the cooldown of your Ghostly Strike ability by 3 seconds after using Riposte.",12,0,0,0,0,0,0,0
Rogue,Combat,Talent,"Dual Wield Specialization",13715,"Increases your critical strike chance by 5%.    Increases the damage done by your off-hand weapon by 33%.  Does not stack with Dual Wield Mastery",10,0,0,0,0,0,0,0
Rogue,Combat,Talent,"Endurance",13742,"Increases your total Stamina by 4%.    Reduces the cooldown of your Evasion and Sprint by 60 sec.",16,0,0,0,0,0,3,6
Rogue,Combat,Talent,"Hack and Slash",13960,"Gives you a 6% chance to get an extra attack with both weapons dealing 100% weapon damage after hitting your target with your One-Handed Sword or One-handed Axe.",22,0,0,0,0,0,6,12
Rogue,Combat,Talent,"Improved Gouge",13741,"Increases the effect duration of your Gouge ability by 1.5 sec.",10,0,0,0,0,0,0,0
Rogue,Combat,Talent,"Improved Kick",13754,"Gives your Kick ability a 100% chance to silence the target for 2 sec.  Your successful interrupts with Kick grant you 40 energy.",18,0,0,0,0,0,3,9
Rogue,Combat,Talent,"Improved Sinister Strike",13732,"Reduces the Energy cost of your Sinister Strike ability by 5.",10,0,0,0,0,0,0,0
Rogue,Combat,Talent,"Improved Slice and Dice",14165,"Increases the duration of your Slice and Dice ability by 50% and increases the attack speed it grants by 6%.",10,0,0,0,0,0,0,0
Rogue,Combat,Talent,"Improved Sprint",13743,"Gives a 100% chance to remove all Movement Impairing effects when you activate your Sprint ability.",18,0,0,0,0,0,3,9
Rogue,Combat,Talent,"Mace Specialization",13709,"Increases your melee attack speed by 10% and armor penetration by 15% while a mace is equipped.",22,0,0,0,0,0,6,12
Rogue,Combat,Talent,"Nerves of Steel",31130,"Reduces damage taken while affected by Stun and Fear effects by 20%.",30,0,0,0,0,0,9,21
Rogue,Combat,Talent,"Prey on the Weak",51685,"Melee attacks against the target that has less health than you (as a percentage of total health) increase your critical strike damage bonus by 20%.",40,0,0,0,0,0,12,30
Rogue,Combat,Talent,"Quick Reflexes",13712,"Increases your haste by 9% and your Dodge chance by 6%.  Capstone Bonus: All threat generated is reduced by 30%. This capstone effect does not stack with similar capstone effects.",18,0,0,0,0,0,3,9
Rogue,Combat,Talent,"Savage Combat",51682,"Increases your total attack power by 4%.    All Physical damage on enemies you have poisoned is increased by 4%.   Does not stack with other similar effects.",25,0,0,0,0,0,12,27
Rogue,Combat,Talent,"Surprise Attacks",32601,"Your Rogue finishing moves can no longer be dodged.    Increases damage dealt by your Sinister Strike, Shuriken Toss, Backstab, Ambush, Shiv, Hemorrhage and Gouge abilities by 10%.",20,0,0,40,0,0,12,27
Rogue,Combat,Talent,"Throwing Specialization",5952,"Reduces the energy cost of Shuriken Toss by 10.     Increases the range of Shuriken Toss, Throw and Deadly Throw by 6 yards.     Your Deadly Throw has a 100% chance to interrupt the target for 3 sec.",34,0,0,0,0,0,9,24
Rogue,Combat,Talent,"Unfair Advantage",51672,"Whenever you dodge or parry an attack you gain an Unfair Advantage, striking back for 100% of your main hand weapon's damage.      This cannot occur more than once per 1 seconds.",36,0,0,0,0,0,12,27
Rogue,Combat,Talent,"Vitality",31122,"Increases your Energy regeneration rate by 40%.",30,0,0,0,0,0,9,21
Rogue,Combat,Talent,"Weapon Expertise",30919,"Increases your Expertise by 10.",24,0,0,0,0,0,6,15
Rogue,Subtlety,Ability,"Blind",2094,"Blinds the target, causing it to wander disoriented for up to 10 sec.  Any damage caused will remove the effect.",34,0,0,40,32,0,0,0
Rogue,Subtlety,Ability,"Cloak of Shadows",31224,"Instantly removes all existing harmful spell effects, Increases your chance to resist all spells by 90% for 5 sec.     Does not remove effects that prevent you from using Cloak of Shadows.",50,0,0,40,48,0,0,0
Rogue,Subtlety,Ability,"Detect Traps",2836,"Greatly increased chance to detect traps.",24,0,0,21,22,0,0,0
Rogue,Subtlety,Ability,"Disarm Trap",1842,"Disarm a hostile trap.",30,0,0,17,28,0,0,0
Rogue,Subtlety,Ability,"Distract",1725,"Throws a distraction, attracting the attention of all nearby monsters for 10 seconds.  Does not break stealth.",10,0,0,9,6,0,0,0
Rogue,Subtlety,Ability,"Ghostly Strike",14278,"A strike that deals 125% weapon damage (180% if a dagger is equipped, 100% if a Two-Handed weapon is equipped).     Increases your chance to dodge (or parry if a single Two-Handed weapon is equipped) by 10% for 8 sec. Awards 1 combo point.",16,0,0,14,14,0,3,6
Rogue,Subtlety,Ability,"Gloomblade",760050,"Punctures the target with your shadow-infused blade, causing 90% weapon damage as Shadow and inflicting Gloomblade for 6 sec, causing your melee abilities on the target to trigger additional 17 Shadow damage. Awards 1 combo point.",26,0,0,5,24,0,0,0
Rogue,Subtlety,Ability,"Hemorrhage",16511,"An instant strike that deals 100% weapon damage and applies Hemorrhage, increasing Physical damage taken by up to 9. Lasts 10 charges or 15 sec. Awards 1 combo point.    Deals 175% weapon damage if a dagger is equipped and 85% if a two-hander is equipped.",22,0,0,22,20,0,6,12
Rogue,Subtlety,Ability,"Pick Lock",1804,"Allows opening of locked chests and doors.",12,0,0,8,10,0,0,0
Rogue,Subtlety,Ability,"Pick Pocket",921,"Pick the target's pocket, taking loot from them!",10,0,0,8,6,0,0,0
Rogue,Subtlety,Ability,"Premeditation",14183,"When used, adds 2 combo points to your target. Must be stealthed. You must add to or use those combo points within 20 sec or the combo points are lost.  This ability is usable while shapeshifted.",30,0,0,26,28,0,9,21
Rogue,Subtlety,Ability,"Preparation",14185,"When activated, this ability immediately resets the cooldown on your Evasion, Sprint, Vanish, Cold Blood and Shadowstep abilities.  This ability is usable while shapeshifted.",22,0,0,32,20,0,6,12
Rogue,Subtlety,Ability,"Safe Fall",1860,"Reduces damage from falling.",40,0,0,8,38,0,0,0
Rogue,Subtlety,Ability,"Sap",6770,"Incapacitates the target for up to 25 sec (10 seconds on players).  Must be stealthed. Only works on Humanoids that are not in combat.  Any damage caused will revive the target. Only 1 target may be sapped at a time.",10,0,0,14,8,0,0,0
Rogue,Subtlety,Ability,"Shadow Dance",51713,"Enter the Shadow Dance for 8 sec, allowing the use of Sap, Garrote, Ambush, Cheap Shot, Premeditation, Pickpocket, Disarm Trap, Ravage and Pounce regardless of being stealthed or prowled.",40,0,0,40,38,0,15,30
Rogue,Subtlety,Ability,"Shadowstep",36554,"Attempts to step through the shadows and reappear behind your enemy and increases movement speed by 70% for 3 sec.    Using it while not in combat reduces its cooldown by 5 sec.  This ability is usable while shapeshifted.",36,0,0,40,34,0,12,27
Rogue,Subtlety,Ability,"Stealth",1784,"Allows you to sneak around, but reduces your speed by 30%. Removes invulnerabilities when used. Lasts until cancelled.",1,0,0,9,2,0,0,0
Rogue,Subtlety,Ability,"Tricks of the Trade",57934,"The party or raid member you have targeted receives the threat caused by your next damaging attack and all threat you cause for 6 sec. Their damage is increased by 15%.",50,0,0,40,48,0,0,0
Rogue,Subtlety,Ability,"Vanish",1856,"Allows you to vanish from sight, entering an improved stealth mode for 10 sec.  Also breaks movement impairing effects.",22,0,0,32,20,0,0,0
Rogue,Subtlety,Talent,"Camouflage",13975,"Increases your speed while in Stealth or Prowl by 15%.    Reduces the cooldown of your Stealth and Prowl ability by 6 sec.",12,0,0,0,0,0,0,0
Rogue,Subtlety,Talent,"Cheat Death",31228,"You have a 100% chance to fully absorb an attack which would otherwise kill you, up to a maximum of 15% of your total health. In addition, all damage taken will be reduced by 50% for 3 sec.     This effect shares a 2 minute cooldown with Ardent Defender and Spirit of Redemption.  Capstone Bonus: With the final rank of this talent, cheating death also resets your Vanish.",30,0,0,0,0,0,9,21
Rogue,Subtlety,Talent,"Deadliness",30902,"Increases your attack power by 10%.",24,0,0,0,0,0,6,15
Rogue,Subtlety,Talent,"Dirty Deeds",14082,"Reduces the Energy cost of your Cheap Shot and Garrote abilities by 20.     Your Rogue abilities cause 20% more damage against targets below 35% health.",22,0,0,0,0,0,6,12
Rogue,Subtlety,Talent,"Dirty Tricks",14076,"Increases the range of your Blind and Sap abilities by 5 yards.    Reduces the energy cost of your Blind and Sap abilities by 50%.",12,0,0,0,0,0,0,0
Rogue,Subtlety,Talent,"Elusiveness",13981,"Reduces the cooldown of Vanish and Smoke Bomb by 60 sec.     Reduces the cooldown of Cloak of Shadows by 30 sec.",22,0,0,0,0,0,6,12
Rogue,Subtlety,Talent,"Enveloping Shadows",31211,"Reduces the damage taken from area of effect attacks by 30%.    This does not stack with other similar effects.",30,0,0,0,0,0,9,21
Rogue,Subtlety,Talent,"Filthy Tricks",58414,"Reduces the cooldown by 10 sec and energy cost by 10 of your Tricks of the Trade, Distract and Shadowstep.    Reduces the cooldown of Preparation by 3 min.    Increases the damage of Gloomblade by 20%.",36,0,0,0,0,0,12,27
Rogue,Subtlety,Talent,"Heightened Senses",30894,"Increases your Stealth detection and reduces all damage you take by 4%. More effective than Heightened Senses (Rank 1).",16,0,0,0,0,0,3,6
Rogue,Subtlety,Talent,"Honor Among Thieves",51698,"When anyone in your group critically hits with a damage or healing spell or ability, you have a 100% chance to gain a combo point.    This effect cannot occur more than once every 2 sec.",36,0,0,0,0,0,12,27
Rogue,Subtlety,Talent,"Initiative",13976,"Gives you a 100% chance to add an additional combo point to your target when using your Ambush, Garrote, or Cheap Shot ability.",12,0,0,0,0,0,3,9
Rogue,Subtlety,Talent,"Master of Deception",13958,"Greatly reduces the chance enemies have to detect you while using Stealth or Prowl.  More effective than Master of Deception (Rank 2).",10,0,0,0,0,0,0,0
Rogue,Subtlety,Talent,"Master of Subtlety",31221,"Physical attacks made while stealthed and for 6 seconds after breaking stealth cause an additional 12% damage.    Master of Subtlety doesn't stack with other similar effects.",24,0,0,0,0,0,6,15
Rogue,Subtlety,Talent,"Opportunity",14057,"Increases the damage dealt with your Backstab, Mutilate, Garrote, Ambush and Gloomblade abilities by 20%.",10,0,0,0,0,0,0,0
Rogue,Subtlety,Talent,"Out of Nowhere",14079,"Increases the critical strike chance of your Ambush ability by 50%.",18,0,0,0,0,0,3,9
Rogue,Subtlety,Talent,"Relentless Strikes",14179,"Your finishing moves have a 20% chance per combo point to restore 25 energy.",10,0,0,0,0,0,0,0
Rogue,Subtlety,Talent,"Serrated Blades",14171,"Your attacks to ignore up to 18% of your target's Armor.    Increases the damage dealt by your Rupture ability by 30%.",15,0,0,0,0,0,3,6
Rogue,Subtlety,Talent,"Setup",13983,"Gives you a 100% chance to add a combo point to your target after dodging or parrying their attack.  This cannot happen more than once per second.   Increases the duration of your Ghostly Strike effect by 6 seconds.",18,0,0,0,0,0,3,9
Rogue,Subtlety,Talent,"Sinister Calling",31216,"Increases your total Agility by 6%.    Increases the damage done by Hemorrhage by an additional 9%.    Increases the duration of Gloomblade by 3 seconds.  Capstone Bonus: Hemorrhage applies an additional combo point if the target has a bleed effect active.",34,0,0,0,0,0,9,24
Rogue,Subtlety,Talent,"Slaughter from the Shadows",51708,"Reduces the energy cost of your Backstab and Ambush abilities by 10 and the energy cost of your Hemorrhage by 6.    Damaging spells and abilities have a 100% chance to reduce the cooldown of your Shadow Dance by 1 seconds.",25,0,0,0,0,0,12,30
Rogue,Subtlety,Talent,"Sleight of Hand",30892,"Reduces the chance you are critically hit by melee and ranged attacks by 2%.    Increases the threat reduction of your Feint ability by 20%.",12,0,0,0,0,0,0,0
Rogue,Subtlety,Talent,"Waylay",51692,"Your Ambush and Backstab hits have a 100% chance to unbalance a target, increasing the time between their melee and ranged attacks by 20%, and reducing movement speed by 50% for 8 sec.",20,0,0,0,0,0,9,24
Shaman,Elemental,Ability,"Air Elemental Totem",2897,"Summons an elemental totem that calls forth a greater air elemental to rain destruction on the caster's enemies. Lasts 2 min.    This ability is usable while shapeshifted.  This uses Fire Elemental Totem modifiers.",40,0,0,40,38,0,0,0
Shaman,Elemental,Ability,"Call of the Ancestors",66843,"Simultaneously places up to 4 totems specified in the Totem Bar. Can call different totems than Call of the Elements.",22,0,0,18,20,0,0,0
Shaman,Elemental,Ability,"Call of the Elements",66842,"Simultaneously places up to 4 totems specified in the Totem Bar.",14,0,0,8,12,0,0,0
Shaman,Elemental,Ability,"Call of the Spirits",66844,"Simultaneously places up to 4 totems specified in the Totem Bar. Can call different totems than Call of the Elements or Call of the Ancestors.",28,0,0,24,26,0,0,0
Shaman,Elemental,Ability,"Capacitor Totem",954518,"Summons an Air totem with 5 health within 20 yards that gathers electrical energy from the surrounding air and then explodes after 2 sec to deal Nature damage and stun all enemies within 8 yards for 4 sec.  Deals 300% increased damage versus targets permanently immune to stuns.  This ability is usable while shapeshifted.",36,0,0,40,34,0,0,0
Shaman,Elemental,Ability,"Chain Lightning",421,"Hurls a lightning bolt at the enemy, dealing 85 to 96 Nature damage and then jumping to additional nearby enemies.  Each jump reduces the damage by 30%. Affects 3 total targets.",22,0,0,6,20,0,0,0
Shaman,Elemental,Ability,"Earth Shock",8042,"Instantly shocks the target with concussive force, causing 13 to 15 Nature damage and reducing melee attack speed by 10% for 8 sec.   Does not stack with other similar effects.  This ability shares a cooldown with Shaman Shock spells.",1,0,0,0,0,0,0,0
Shaman,Elemental,Ability,"Earthbind Totem",2484,"Summons an Earthbind Totem with 5 health at the feet of the caster for 45 sec that slows the movement speed of enemies within 10 yards.  This ability is usable while shapeshifted.",10,0,0,20,6,0,0,0
Shaman,Elemental,Ability,"Earthquake",954524,"You cause the earth to tremble at your target location, dealing Nature damage every 1 sec to enemies within an 8 yard radius and reducing their movement speed by 25%. Lasts 8 sec.  Enemies damaged by Earthquake are afflicted with Trembling. At 3 stacks, Trembling stuns the target for 3 sec. This effect can only occur once every 10 sec from any Earthquake effect.",20,0,0,29,18,0,0,0
Shaman,Elemental,Ability,"Elemental Blast",954807,"Harness and direct the raw power of the elements towards an enemy target, dealing Elemental damage and increasing the caster's critical strike chance or spell casting speed for 8 seconds.",40,0,0,11,38,0,0,0
Shaman,Elemental,Ability,"Elemental Mastery",16166,"When activated, your next Lightning Bolt, Chain Lightning or Lava Burst becomes instant and costs no mana. In addition, you gain 10% spell haste for 15 sec.   Does not stack with other similar cast speed increasing effects.",30,0,0,40,28,0,9,21
Shaman,Elemental,Ability,"Fire Elemental Totem",2894,"Summons an elemental totem that calls forth a greater fire elemental to rain destruction on the caster's enemies.  Lasts 2 min.  This ability is usable while shapeshifted.",40,0,0,40,38,0,0,0
Shaman,Elemental,Ability,"Fire Nova",1535,"Causes your active Fire Totem to emit a wave of flames, inflicting 48 to 56 Fire damage to enemies within 10 yards of the totem.    This ability is usable while shapeshifted.",10,0,0,2,8,0,0,0
Shaman,Elemental,Ability,"Flame Ascendance",760000,"Transform into a being of raw elemental energy for 15 sec, casting Flame Shock on up to 10 nearby enemies within 10 yards if known. Chain Lightning becomes Lava Beam. Lava Burst's cooldown is reduced by 50%.      Lava Beam Unleash a blast of superheated flame at the enemy, dealing 186 Firestorm damage and then jumping to additional nearby enemies. Affects 3 total targets.    Lava Beam cannot be cast unless you're affected by Flame Ascendance.",34,0,0,40,32,0,0,0
Shaman,Elemental,Ability,"Flame Shock",8050,"Instantly sears the target with fire, causing 21 Fire damage immediately and 42 Fire damage over 18 sec. This periodic damage may critically strike and will occur more rapidly based on the caster's spell haste.   This ability shares a cooldown with Shaman Shock spells.",10,0,0,8,8,0,0,0
Shaman,Elemental,Ability,"Frost Shock",8056,"Instantly shocks the target with frost, causing 89 to 95 Frost damage and slowing movement speed by 50%. Lasts 8 sec. Causes a high amount of threat.  This ability shares a cooldown with other Shaman Shock spells.",20,0,0,29,18,0,0,0
Shaman,Elemental,Ability,"Hex",51514,"Transforms the enemy into a frog. While hexed, the target cannot attack or cast spells. Damage caused may interrupt the effect. Lasts 30 sec. Only one target can be hexed at a time. Only works on Humanoids and Beasts.",50,0,0,40,48,0,0,0
Shaman,Elemental,Ability,"Lava Burst",51505,"You hurl molten lava at the target, dealing 174 to 221 Fire damage. If your Flame Shock is on the target, Lava Burst will deal a critical strike.",22,0,0,6,20,0,0,0
Shaman,Elemental,Ability,"Lightning Bolt",403,"Casts a bolt of lightning at the target for 13 to 15 Nature damage.",1,0,0,0,0,0,0,0
Shaman,Elemental,Ability,"Magma Totem",8190,"Summons a Magma Totem with 5 health at the feet of the caster for 20 sec that causes 38 Fire damage to creatures within 8 yards every 2 seconds.  This ability is usable while shapeshifted.",26,0,0,23,24,0,0,0
Shaman,Elemental,Ability,"Petrification Totem",956046,"Summons a Petrification Totem with 5 health at your feet for 5 sec, slowing enemies within 8 yards. After 3 seconds, it Petrifies enemies for 5 seconds.    Petrified Asleep. Damage taken reduced by 50%. Effect breaks on any damage taken. This ability is usable while shapeshifted.",40,0,0,40,38,0,0,0
Shaman,Elemental,Ability,"Purge",370,"Purges the enemy target, removing 1 beneficial magic effect.",12,0,0,17,10,0,0,0
Shaman,Elemental,Ability,"Searing Totem",3599,"Summons a Searing Totem with 5 health at your feet for 45 sec that repeatedly attacks an enemy within 20 yards for 11 to 14 Fire damage.  This ability is usable while shapeshifted.",1,0,0,0,0,0,0,0
Shaman,Elemental,Ability,"Stoneclaw Totem",5730,"Summons a Stoneclaw Totem with 50 health at the feet of the caster for 15 sec that taunts creatures within 8 yards to attack it.  Enemies attacking the Stoneclaw Totem have a 50% chance to be stunned for 3 sec. Stoneclaw totem also protects all your totems, causing them to absorb 21 damage.  This ability is usable while shapeshifted.",1,0,0,8,2,0,0,0
Shaman,Elemental,Ability,"Tether Elemental",91606,"Teaches you the necessary abilities to tether an Elemental companion.    Teaches you Tether Elemental, Raise Elemental, Dismiss Elemental, Revive Elemental and Elemental Lore.      Tether Elemental Begins tethering an elemental to be your companion.     Your armor is reduced by 100% while you focus on dominating the elemental for 20 sec.     If you lose the elemental's attention for any reason, the domination process will fail.     Each type of elemental has unique abilities that you will be able to make use of.",1,0,0,14,8,0,0,0
Shaman,Elemental,Ability,"Thunderstorm",51490,"You call down a bolt of lightning, energizing you and damaging nearby enemies within 10 yards. Restores 8% mana to you and deals 292 to 333 Nature damage to all nearby enemies, knocking them back 20 yards.    Usable while stunned.",40,0,0,40,38,0,15,30
Shaman,Elemental,Ability,"Totem of Wrath",30706,"Summons a Totem of Wrath with 5 health at the feet of the caster.     The totem increases Intellect by 22 and spell power by 23 for all party and raid members, and increases critical strike chance against all nearby targets by 3%. Lasts 5 min.   Does not stack with other similar effects.  This ability is usable while shapeshifted.",36,0,0,32,34,0,12,27
Shaman,Elemental,Ability,"Wind Shear",57994,"Instantly blasts the target with a gust of wind, causing no damage but interrupting spellcasting and preventing spells of that school of magic from being cast for 2 sec.   This ability shares a cooldown with other interrupts.",12,0,0,17,10,0,0,0
Shaman,Elemental,Talent,"Astral Shift",51474,"When stunned, feared or silenced you shift into the Astral Plane reducing all damage taken by 30% for the duration of the stun, fear or silence effect.",36,0,0,0,0,0,12,27
Shaman,Elemental,Talent,"Booming Echoes",63370,"Increases the damage done by your Earth Shock, Flame Shock, Frost Shock and Elemental Blast spells by 15%.  Capstone Bonus: Dealing damage with a Shaman Shock spell increases your damage with that magic school by 5% for 12 seconds.",20,0,0,0,0,0,9,24
Shaman,Elemental,Talent,"Call of Flame",16038,"Increases the damage done by your Fire Totems and Fire Nova by 15%.    Increases the damage done by your Lava Burst spell by 6%.",12,0,0,0,0,0,0,0
Shaman,Elemental,Talent,"Call of Thunder",16041,"Increases the critical strike chance of your Lightning Bolt, Chain Lightning and Thunderstorm spells by an additional 5%.",22,0,0,0,0,0,6,12
Shaman,Elemental,Talent,"Concussion",16035,"Increases your Frost, Fire, and Nature damage done by 5%.",10,0,0,0,0,0,0,0
Shaman,Elemental,Talent,"Convection",16039,"Reduces the mana cost of your Shock, Lightning Bolt, Chain Lightning, Lava Burst, Earthquake and Wind Shear spells by 15%.",10,0,0,0,0,0,0,0
Shaman,Elemental,Talent,"Elemental Devastation",30160,"Your direct offensive spell critical hits increase your critical strike chance with melee and ranged attacks by 9% for 10 sec.",12,0,0,0,0,0,0,0
Shaman,Elemental,Talent,"Elemental Focus",16164,"After landing a critical strike with a Fire, Frost, or Nature damaging spell or ability you have a 100% chance to enter a Clearcasting state.     The Clearcasting state reduces the resource cost of your next 2 Magic spells by 40%.",10,0,0,0,0,0,3,6
Shaman,Elemental,Talent,"Elemental Fury",16089,"Your spell critical strikes now deal 200% damage.     This does not stack with other similar effects.  Capstone Bonus: Your Nature damage is increased by 6% and other magic damage increased by 3% while Clearcasting from Elemental Focus is active.",22,0,0,0,0,0,6,12
Shaman,Elemental,Talent,"Elemental Oath",51466,"While Clearcasting from Elemental Focus is active, you deal 10% more spell damage. In addition, party and raid members within 100 yards receive a 5% bonus to their spell critical strike chance.   Does not stack with other similar effects.",15,0,0,40,0,0,9,24
Shaman,Elemental,Talent,"Elemental Precision",30672,"Increases your hit chance by 3%.  Capstone Bonus: All threat generated is reduced by 30%. This capstone effect does not stack with similar capstone effects.",24,0,0,0,0,0,6,15
Shaman,Elemental,Talent,"Elemental Reach",28999,"Increases the range of your damaging spells by 6 yards.   This does not stack with other similar effects.  Capstone Bonus: Your direct damage Fire, Nature and Frost spells on targets further than 20 yards away from you have a 33% chance to increase your magic damage by 6% for 10 sec. This effect can only occur once every 15 sec.",18,0,0,0,0,0,3,9
Shaman,Elemental,Talent,"Elemental Warding",28996,"Reduces all Fire, Frost and Nature damage taken by 6%.    Reduces all damage that your Tethered Elemental suffers by 15% and increases their threat by 150%.",16,0,0,0,0,0,3,6
Shaman,Elemental,Talent,"Eye of the Storm",29062,"Increases your haste by 2%.     Reduces spell pushback suffered from damaging attacks by 70%.",12,0,0,0,0,0,0,0
Shaman,Elemental,Talent,"Improved Lightning Bolt",16015,"Reduces the cast time of your Lightning Bolt by 0.3 sec and increases its damage by 6%.",10,0,0,0,0,0,0,0
Shaman,Elemental,Talent,"Lava Flows",51480,"Increases the critical strike damage bonus of your Lava Burst, Flame Shock, Sundering and Lava Lash by an additional 25%.    Casting Flame Shock or Lava Burst your spell and melee haste is increased by 6% for 12 sec.    If your Flame Shock is dispelled your haste is increased by 30% for 8 sec.",30,0,0,0,0,0,12,27
Shaman,Elemental,Talent,"Lightning Mastery",16578,"Your Lightning Bolt, Chain Lightning and Thunderstorm criticals have a 15% chance to increase your spell critical strike damage bonus by 50% for 6 seconds.",24,0,0,0,0,0,6,15
Shaman,Elemental,Talent,"Lightning Overload",30675,"Gives your Lightning Bolt and Chain Lightning spells a 20% chance to cast a second, similar spell on the same target at no additional cost that causes half damage. This chance is tripled for critical strikes.",20,0,0,0,0,0,9,24
Shaman,Elemental,Talent,"Power of the Elements",423785,"Grants you and your tethered elemental an effect based on its active element.  Fire: Increases critical strike chance and hit chance for you and your elemental by 5%.  Water: Increases healing done for you and your elemental and reduces the mana cost of all spells by 5%.  Air: Increases haste for you and your elemental and reduces magical damage taken by 5%.  Earth: Reduces damage taken by you and your elemental by 5% and increases stamina by 5%.  Other Elementals: Increases all damage done by 5% and decreases all damage taken by 5%.",24,0,0,0,0,0,6,15
Shaman,Elemental,Talent,"Raze",411000,"Increases your spell critical strike chance by 3%.",12,0,0,0,0,0,0,0
Shaman,Elemental,Talent,"Reverberation",16040,"Reduces the cooldown of your Shaman Shocks by 1.5 sec.     When you deal damage with a Shaman Shock spell you have a 100% to increase the direct damage of your next different Shaman Shock or Elemental Blast spell within 8 sec by 20%.",10,0,0,0,0,0,3,6
Shaman,Elemental,Talent,"Rising Flames",16086,"Increases the cast speed of your Searing Totem by 30% and the critical strike damage bonus of your Searing and Magma totems by 100%.     Reduces the cooldown of Fire Nova by 4 sec. and increases its damage by 20%.",16,0,0,0,0,0,3,9
Shaman,Elemental,Talent,"Shamanism",62097,"Increases the spell damage scaling of your Lightning Bolt and Chain Lightning by 20%.    You have a 100% chance when dealing Nature damage to reduce the cooldown of Elemental Mastery and Thunderstorm by 1 second.  Capstone Bonus: Increases the amount of haste granted by your Elemental Mastery by an additional 5%.",40,0,0,0,0,0,12,30
Shaman,Elemental,Talent,"Storm, Earth and Fire",51483,"Reduces the cooldown of your Chain Lightning spell by 2.5 sec.    Earthbind Totem has a 100% chance to root targets for 5 sec when cast.    The periodic damage done by your Flame Shock is increased by 60%.",20,0,0,0,0,0,9,21
Shaman,Elemental,Talent,"Unrelenting Storm",30664,"Your direct damaging Nature spells and abilities increase your haste by 3% for 8 sec. This effect stacks up to 3 times.  Capstone Bonus: At three stacks of  Unrelenting Storm, your Chain Lightning now causes the target to take 13% increased spell damage for 12 seconds. This does not stack with similar effects.",15,0,0,0,0,0,6,12
Shaman,Enhancement,Ability,"Air Ascendance",954831,"You surrender your physical form to the power of the elements, transforming into a being of raw elemental energy for 15 sec.     Your Stormstrike has a 30 yard range and deals extra Elemental damage.    The cooldown of Stormstrike is reset when using any Shaman Shock, Lightning Bolt or Chain Lightning.",40,0,0,40,38,0,0,0
Shaman,Enhancement,Ability,"Astral Recall",556,"Yanks the caster through the twisting nether back to Teldrassil.  Speak to an Innkeeper in a different place to change your home location.",30,0,0,8,28,0,0,0
Shaman,Enhancement,Ability,"Bloodlust",2825,"Increases melee and ranged attack speed by 30% and casting speed by 20% for all party and raid members.  Lasts 40 sec.  After the completion of this effect, those affected will become Sated and unable to benefit from Bloodlust again for 10 min.  This ability is usable while shapeshifted.",50,0,0,40,48,0,0,0
Shaman,Enhancement,Ability,"Earth Elemental Totem",2062,"Summon an elemental totem that calls forth a greater earth elemental to protect the caster and her allies.  Lasts 2 min.  This ability is usable while shapeshifted.",40,0,0,40,38,0,0,0
Shaman,Enhancement,Ability,"Feral Spirit",51533,"Summons two Spirit Wolves under the command of the Shaman, lasting 45 sec.  This ability is usable while shapeshifted.",40,0,0,40,38,0,15,30
Shaman,Enhancement,Ability,"Fire Resistance Totem",8184,"Summons a Fire Resistance Totem with 5 health at the feet of the caster for 5 min that increases the fire resistance of party and raid members within 50 yards by 30.  This ability is usable while shapeshifted.",28,0,0,26,26,0,0,0
Shaman,Enhancement,Ability,"Flametongue Totem",8227,"Summons a Flametongue Totem with 5 health at the feet of the caster.  Party and raid members within 50 yards of the totem have their Intellect increased by 2 and spell power increased by 2.  Lasts 5 min.   Does not stack with other similar effects.  This ability is usable while shapeshifted.",10,0,0,8,8,0,0,0
Shaman,Enhancement,Ability,"Flametongue Weapon",8024,"Imbue your weapon with fire, increasing total Spell power by 7. Each auto attack and melee ability causes 4.2 to 13.0 additional fire damage, based on the speed of the weapon. Slower weapons cause more fire damage per swing. This effect lasts for 2 hours.",10,0,0,12,6,0,0,0
Shaman,Enhancement,Ability,"Frost Resistance Totem",8181,"Summons a Frost Resistance Totem with 5 health at the feet of the caster for 5 min. The totem increases party and raid members' frost resistance by 30, if within 50 yards.  This ability is usable while shapeshifted.",24,0,0,21,22,0,0,0
Shaman,Enhancement,Ability,"Frostbrand Weapon",8033,"Imbue your weapon with frost increasing your Frost spell power by 16. Each hit has a chance of causing 31 additional Frost damage and slowing the target's movement speed by 50% for 8 sec. This effect lasts for 2 hours.",20,0,0,20,18,0,0,0
Shaman,Enhancement,Ability,"Ghost Wolf",2645,"Turns the caster into a Ghost Wolf, increasing speed by 30%. As a Ghost Wolf, effects that reduce movement speed may not bring you below your normal movement speed. Only usable outdoors.",12,0,0,24,10,0,0,0
Shaman,Enhancement,Ability,"Grounding Totem",8177,"Summons a Grounding Totem with 5 health at the feet of the caster that will redirect one harmful spell from the caster to itself, destroying the totem. Will not redirect area of effect spells. Lasts 45 sec.  This ability is usable while shapeshifted.",30,0,0,40,28,0,0,0
Shaman,Enhancement,Ability,"Lava Lash",60103,"You charge your off-hand weapon with lava, instantly dealing 100% off-hand Weapon damage as Firestrike damage.     The damage increased by 25% if your off-hand weapon is enchanted with Flametongue.",1,0,0,0,0,0,0,0
Shaman,Enhancement,Ability,"Lightning Shield",324,"The caster is surrounded by 3 balls of lightning.  When a spell, melee or ranged attack hits the caster, the attacker will be struck for 13 Nature damage. This expends one lightning ball. Only one ball will fire every 3 seconds. Lasts 10 min.     Only one Elemental Shield can be active on the Hero at any one time.",1,0,0,0,2,0,0,0
Shaman,Enhancement,Ability,"Nature Resistance Totem",10595,"Summons a Nature Resistance Totem with 5 health at the feet of the caster for 5 min that increases the nature resistance of party and raid members within 50 yards by 30.  This ability is usable while shapeshifted.",30,0,0,26,28,0,0,0
Shaman,Enhancement,Ability,"Rockbiter Weapon",8017,"Imbue your weapon, increasing attack power by 20. The attack power granted is doubled for two-handed weapons. You only gain 33% of the attack power while your Primary Stat is Intellect or Spirit. This effect lasts for 2 hours.",10,0,0,4,4,0,0,0
Shaman,Enhancement,Ability,"Shamanistic Rage",30823,"Reduces all damage taken by 30% and gives your successful melee and ranged attacks a chance to regenerate mana equal to 15% of your attack power. This spell is usable while stunned. Lasts 15 sec.    This ability is usable while Shapeshifted.",36,0,0,32,34,0,12,27
Shaman,Enhancement,Ability,"Stoneskin Totem",8071,"Summons a Stoneskin Totem with 5 health at the feet of the caster. The totem protects party and raid members within 50 yards, increasing armor by 95. Lasts 5 min.   This ability is usable while shapeshifted.",1,0,0,0,0,0,0,0
Shaman,Enhancement,Ability,"Stormstrike",17364,"Instantly attack with both weapons for 100% weapon damage.  In addition, the next 4 sources of Nature damage dealt to the target from the Shaman are increased by 20%. Lasts 12 sec.",30,0,0,0,28,0,9,21
Shaman,Enhancement,Ability,"Strength of Earth Totem",8075,"Summons a Strength of Earth Totem with 5 health at the feet of the caster. The totem increases the Strength and Agility of all party and raid members within 50 yards by 8. Lasts 5 min.   Does not stack with other similar effects.  This ability is usable while shapeshifted.",10,0,0,12,8,0,0,0
Shaman,Enhancement,Ability,"Sundering",760121,"Shatters a line of earth in front of you, causing 111 Firestrike damage and Incapacitating any enemy hit for 3 sec. This effect does not break from periodic Fire damage. Also, resets the cooldown of Lava Burst.",34,0,0,40,32,0,0,0
Shaman,Enhancement,Ability,"Water Breathing",131,"Allows the target to breathe underwater for 30 min and increases swim speed by 20%.  This ability is usable while shapeshifted.",22,0,0,6,20,0,0,0
Shaman,Enhancement,Ability,"Water Walking",546,"Allows the friendly target to walk across water for 10 min. Any damage will cancel the effect.  This ability is usable while shapeshifted.",28,0,0,5,26,0,0,0
Shaman,Enhancement,Ability,"Windfury Totem",8512,"Summons a Windfury Totem with 5 health at the feet of the caster. The totem provides 16% melee haste to all party and raid members within 50 yards.  Lasts 5 min.  This ability is usable while shapeshifted.",32,0,0,32,30,0,0,0
Shaman,Enhancement,Ability,"Windfury Weapon",8232,"Imbue your weapon with wind.  Each hit has a 20% chance of dealing additional damage equal to two extra attacks with 46 extra attack power.    This effect lasts for 2 hours.",30,0,0,26,28,0,0,0
Shaman,Enhancement,Ability,"Wrath of Air Totem",3738,"Summons a Wrath of Air Totem with 5 health at the feet of the caster. The totem provides 5% spell haste to all party and raid members within 50 yards. Lasts 5 min.   Does not stack with other similar effects.  This ability is usable while shapeshifted.",40,0,0,26,38,0,0,0
Shaman,Enhancement,Talent,"Ancestral Knowledge",17485,"Increases your Intellect by 6%.    Reduces the mana cost of your Shaman spells by 10%.",10,0,0,0,0,0,0,0
Shaman,Enhancement,Talent,"Anticipation",16254,"Increases your dodge chance by 3%.     Reduces the duration of all Disarm effects used against you by 50%. This does not stack with other Disarm duration reducing effects.",16,0,0,0,0,0,3,6
Shaman,Enhancement,Talent,"Dual Wield Specialization",30816,"Increases your hit chance while dual wielding by 3%.     Your off-hand auto attacks have a chance to increase your Fire, Frost, and Nature damage dealt by 6% for 8 sec.",30,0,0,0,0,0,9,21
Shaman,Enhancement,Talent,"Earth's Grasp",16043,"Increases the health of your Stoneclaw Totem by 50% and the radius of your Earthbind Totem by 20%, and reduces the cooldown of both totems by 30%.",10,0,0,0,0,0,0,0
Shaman,Enhancement,Talent,"Earthen Power",51523,"Using Earthbind Totem has a 100% chance to remove all slow effects from you and nearby friendly targets.    Your Earth Shock reduces enemy attack speed by an additional 10%.",36,0,0,0,0,0,12,27
Shaman,Enhancement,Talent,"Elemental Weapons",16266,"Increases the damage caused by your Windfury Weapon effect by 30%.    Increases the spell damage on your Flametongue Weapon by 60%.    Increases the Frost spell damage granted on your Frostbrand Weapon by 100%.    Increases the bonus healing on your Earthliving Weapon by 100%.",15,0,0,0,0,0,3,6
Shaman,Enhancement,Talent,"Empowered Stormstrike",30798,"Your Stormstrike will deal an additional 25% weapon damage as Fire when you have a weapon imbued with Flametongue and an additional 25% weapon damage as Frost when you have a weapon imbued with Frostbrand.     After casting Stormstrike your auto-attacks will deal an additional 0 Nature damage for 8 sec.",34,0,0,0,0,0,9,24
Shaman,Enhancement,Talent,"Enhanced Weapon Mastery",29082,"Increases all damage done by 10%.    The all-damage increase does not stack with Unending Fury, Answered Prayers, Blessed Weapons, Blood Gorged or Blood Presence. Only the highest increase applies.",24,0,0,0,0,0,6,15
Shaman,Enhancement,Talent,"Enhancing Totems",16259,"Placing a totem increases your attack power by 1 and spell power by 0 for 5 minutes. This effect scales with your level.",10,0,0,0,0,0,0,0
Shaman,Enhancement,Talent,"Flurry",16256,"Increases your melee attack speed by 30% for your next 3 swings after dealing a melee critical strike.",18,0,0,0,0,0,3,9
Shaman,Enhancement,Talent,"Frozen Power",63373,"Increase your Frost, Fire and Nature damage done by 4% on targets affected by your Frostbrand.    Your Frost damage has a 20% chance to freeze the target for 5 sec when used on targets at or further than 15 yards from you. This effect can only occur once every 10 sec.",20,0,0,0,0,0,6,15
Shaman,Enhancement,Talent,"Guardian Totems",16258,"Increases the amount of armor increased by your Stoneskin Totem by 20%.    Reduces the cooldown of your Grounding Totem by 4 sec.",12,0,0,0,0,0,0,0
Shaman,Enhancement,Talent,"Improved Ghost Wolf",16262,"Increases movement speed and reduces damage taken in Ghost Wolf by 10%.   Capstone Bonus: Using Ghost Wolf removes all movement impairing effects and increases your speed by 60% for 2 sec. This can only occur once every 20 seconds.",12,0,0,0,0,0,0,0
Shaman,Enhancement,Talent,"Improved Shields",16261,"Increases the damage done by your Lightning Shield orbs by 15%.    Increases the amount of mana gained from your Water Shield orbs by 15%.    Increases the amount of healing done by your Earth Shield orbs by 15%.",10,0,0,0,0,0,0,0
Shaman,Enhancement,Talent,"Improved Stormstrike",51521,"When you Stormstrike, you have a 100% chance to immediately grant you 20% of your base mana.",34,0,0,0,0,0,9,24
Shaman,Enhancement,Talent,"Improved Windfury Totems",29192,"Increases the melee haste granted by your Windfury totem by 4%.",22,0,0,0,0,0,6,12
Shaman,Enhancement,Talent,"Maelstrom Weapon",51528,"When you deal damage with a melee weapon, you have a chance (greater than previous rank) to reduce the cast time of your next damaging or healing Fire, Frost or Nature spell by 20%. Stacks up to 5.    Reduces the cast time of Pyroblast by 0.5 sec per stack.",20,0,0,0,0,0,12,30
Shaman,Enhancement,Talent,"Mental Dexterity",51883,"Requires  Primary Stat: Agility or Duality Increases your hit rating by 15% of your Intellect.  Capstone Bonus: You gain an additional 10% of your Intellect as melee critical strike rating and 10% of your Agility as spell critical strike rating.",22,0,0,0,0,0,6,12
Shaman,Enhancement,Talent,"Mental Quickness",30812,"Dealing direct physical damage increases your magic damage done by 10% for 6 sec.  Dealing direct magic damage increases your physical damage done by 10% for 6 sec.  Only one damage bonus can be active at a time.",15,0,0,0,0,0,12,27
Shaman,Enhancement,Talent,"Shamanistic Focus",43338,"Reduces the mana cost of your Shaman Shock spells by 45%.",16,0,0,0,0,0,3,6
Shaman,Enhancement,Talent,"Spirit Weapons",16268,"Reduces all threat generated by 30%.    Increases damage done by your Windfury and Flametongue Weapon Enhancements by 5%.",22,0,0,0,0,0,6,12
Shaman,Enhancement,Talent,"Static Shock",51525,"Your Lightning Shield gains 6 additional charges and you have a 15% chance to hit your target with a Lightning Shield orb charge when you deal damage with melee attacks and abilities.",34,0,0,0,0,0,9,24
Shaman,Enhancement,Talent,"Thundering Strikes",16255,"Increases your chance to get a critical strike with all spells and attacks by 5%.  Capstone Bonus: Dealing damage with spell have a chance to increases your Agility by 1 (based on your level) for 12 seconds. This effect can only trigger once every 6 seconds.",12,0,0,0,0,0,0,0
Shaman,Enhancement,Talent,"Toughness",16252,"Increases your Stamina by 10%, and reduces the duration of movement slowing effects on you by 30%.",18,0,0,0,0,0,3,9
Shaman,Enhancement,Talent,"Unleashed Rage",30802,"Increases your Expertise by 9.    Fire, Frost and Nature damage done increased by 9% while under the effects of Shamanistic Rage.     Increases all party and raid members' attack power by 10%.    Does not stack with other similar effects.",24,0,0,0,0,0,6,15
Shaman,Restoration,Ability,"Ancestral Spirit",2008,"Returns the spirit to the body, restoring a dead target to life with 65 health and 120 mana.  Cannot be cast when in combat.",10,0,0,2,8,0,0,0
Shaman,Restoration,Ability,"Bind Elemental",954520,"Binds the target hostile elemental for up to 50 sec. The bound unit is unable to move, attack or cast spells. Any damage caused will release the target. Only one target can be bound at a time.",20,0,0,17,18,0,0,0
Shaman,Restoration,Ability,"Chain Heal",1064,"Heals the friendly target for 192 to 214, then jumps to heal additional nearby targets. If cast on a party member, the heal will only jump to other party members. Each jump reduces the effectiveness of the heal by 40%. Heals 3 total targets.",40,0,0,11,38,0,0,0
Shaman,Restoration,Ability,"Cleanse Spirit",51886,"Cleanse the spirit of a friendly target, removing 1 poison effect, 1 disease effect, and 1 curse effect.",30,0,0,26,28,0,9,21
Shaman,Restoration,Ability,"Cleansing Totem",8170,"Summons a Cleansing Totem with 5 health at the feet of the caster that attempts to remove 1 disease and 1 poison effect from party members within 30 yards every 3 seconds.  Lasts 5 min.  This ability is usable while shapeshifted.",34,0,0,40,32,0,0,0
Shaman,Restoration,Ability,"Cloudburst Totem",760009,"Summons a totem with 5 health for 15 sec that stores 30% of your Nature healing. When it expires or is recalled, it heals injured allies within 40 yards, divided evenly. Recasting the spell recalls the totem and releases the healing.",28,0,0,40,26,0,0,0
Shaman,Restoration,Ability,"Cure Toxins",526,"Cures 1 poison effect and 1 disease effect on a friendly target.",16,0,0,14,14,0,0,0
Shaman,Restoration,Ability,"Earth Shield",974,"Protects the target with an earthen shield. Lasts 10 min or 6 charges.     Attacks heal the shielded target for 53 (increased by 25% against monsters) and reduce casting or channel time lost when damaged by 34%.     This effect can only occur once every 3 seconds.    Earth Shield can only be placed on one target at a time.",36,0,0,32,34,0,12,27
Shaman,Restoration,Ability,"Earthliving Weapon",51730,"Imbue your weapon with earthen life. Increases healing done by 26 and each direct heal has a 20% chance to proc Earthliving on the target, healing an additional 64 over 12 sec. This effect lasts for 2 hours.",30,0,0,26,28,0,0,0
Shaman,Restoration,Ability,"Healing Rain",954861,"Calls forth healing rains to blanket the area, restoring health over time up to 5 party or raid members in a 10 yard area every 2 sec for 8 sec. This periodic effect can critically strike.",24,0,0,7,22,0,0,0
Shaman,Restoration,Ability,"Healing Stream Totem",5394,"Summons a Healing Stream Totem with 5 health at the feet of the caster for 5 min that heals group members within 30 yards for 6 every 2 seconds.  This ability is usable while shapeshifted.",16,0,0,14,14,0,0,0
Shaman,Restoration,Ability,"Healing Wave",331,"Heals a friendly target for 27 to 33.",1,0,0,0,0,0,0,0
Shaman,Restoration,Ability,"Lesser Healing Wave",8004,"Heals a friendly target for 103 to 116.",20,0,0,20,18,0,0,0
Shaman,Restoration,Ability,"Mana Spring Totem",5675,"Summons a Mana Spring Totem with 5 health at the feet of the caster for 5 min that restores 16 mana every 5 seconds to all party and raid members within 30 yards.   Does not stack with other similar effects.  This ability is usable while shapeshifted.",26,0,0,22,24,0,0,0
Shaman,Restoration,Ability,"Mana Tide Totem",16190,"Summons a Mana Tide Totem with 10% of the caster's health at the feet of the caster for 12 sec that restores 5% of total mana every 3 seconds to group members within 30 yards.  This ability is usable while shapeshifted.",30,0,0,30,28,0,9,21
Shaman,Restoration,Ability,"Nature's Swiftness",16188,"When activated, your next Shaman Nature spell with a base casting time less than 10 sec. becomes instant and increases your cast speed by 10% for 20 sec. Does not stack with other similar cast speed increasing effects.",22,0,0,32,20,0,6,12
Shaman,Restoration,Ability,"Reincarnation",20608,"Allows you to resurrect yourself upon death with 20% health and mana.    This has a 30 minute cooldown.",10,0,0,8,8,0,0,0
Shaman,Restoration,Ability,"Riptide",61295,"Heals a friendly target for 117 to 126 and another 205 over 15 sec.  Your next Chain Heal cast on that primary target within 15 sec will consume the healing over time effect and increase the amount of the Chain Heal by 25%.",40,0,0,0,38,0,15,30
Shaman,Restoration,Ability,"Tidal Force",55198,"Call upon the power of the Tides to empower your heals for 10 sec.  Healing Wave: Heals the target again for 30% of the original amount healed after 1 second.  Lesser Healing Wave: Increases your healing on the target by 5% for 8 seconds, stacks up to 3 times.  Chain Heal: No longer diminishes in healing with each jump.  Healing Rain: Duration is increased by 50%.",16,0,0,23,14,0,3,6
Shaman,Restoration,Ability,"Totemic Recall",36936,"Returns your totems to the earth, giving you 50% of the mana required to cast each totem destroyed by Totemic Recall.  This ability is usable while shapeshifted.",30,0,0,8,28,0,0,0
Shaman,Restoration,Ability,"Tremor Totem",8143,"Summons a Tremor Totem with 5 health at the feet of the caster that shakes the ground around it, removing Fear, Charm and Sleep effects from party members within 30 yards.  Lasts 5 min.  This ability is usable while shapeshifted.",18,0,0,40,16,0,0,0
Shaman,Restoration,Ability,"Water Elemental Totem",2896,"Summons an elemental totem that calls forth a greater water elemental to rain destruction on the caster's enemies. Lasts 2 min.    This ability is usable while shapeshifted.  This uses Fire Elemental Totem modifiers.",40,0,0,40,38,0,0,0
Shaman,Restoration,Ability,"Water Shield",52127,"The caster is surrounded by 5 globes of water, granting 10 mana per 5 sec. When a spell, melee or ranged attack hits the caster, 40 mana is restored to the caster. This expends one water globe. Only one globe will activate every few seconds. Lasts 10 min.",20,0,0,17,18,0,0,0
Shaman,Restoration,Ability,"Windwalk Totem",954510,"Summons an Air Totem with 5 health at the feet of the caster for 6 sec, granting party members within 10 yards Windwalk. Their movement speed is increased by 20% and cannot go below 100% speed while affected.    This ability is usable while shapeshifted.",20,0,0,29,18,0,0,0
Shaman,Restoration,Talent,"Ancestral Awakening",51556,"When you critically heal with your Healing Wave, Lesser Healing Wave or Riptide you summon an Ancestral spirit to aid you, instantly healing the lowest percentage health friendly party or raid target within 40 yards for 30% of the amount healed.",36,0,0,0,0,0,12,27
Shaman,Restoration,Talent,"Ancestral Healing",16176,"Reduces your target's Physical damage taken by 10% for 15 sec after getting a critical effect from one of your direct healing spells.   Does not stack with other similar effects.",16,0,0,0,0,0,3,6
Shaman,Restoration,Talent,"Blessing of the Eternals",51554,"Increases your critical strike chance by 4%.    Increases the chance to apply the Earthliving heal over time effect on the target by 80% when they are at or under 50% total health.",34,0,0,0,0,0,9,24
Shaman,Restoration,Talent,"Focused Mind",30864,"Reduces the duration of any Silence or Interrupt effects used against you by 30%. This effect does not stack with other similar effects.",22,0,0,0,0,0,6,12
Shaman,Restoration,Talent,"Healing Grace",29187,"Increases your critical strike chance by 3%.    Reduces the chance your helpful Shaman spells and damage over time effects will be dispelled by 30%.    Capstone Bonus: All threat generated is reduced by 30%. This capstone effect does not stack with similar capstone effects.",16,0,0,0,0,0,3,6
Shaman,Restoration,Talent,"Healing Way",29206,"Increases the amount healed by your Chain Heal, Earth Shield, Healing Rain, Healing Wave and Riptide by 25%.",22,0,0,0,0,0,6,12
Shaman,Restoration,Talent,"Improved Chain Heal",30872,"Increases the amount healed by your Chain Heal spell by 20%.",34,0,0,0,0,0,9,24
Shaman,Restoration,Talent,"Improved Earth Shield",51560,"Increases the amount of charges for your Earth Shield by 3.    Increases the healing done by your Earth Shield by 15%.  Capstone Bonus: Healing with Earth Shield grants you one stack of Tidal Waves. This effect can occur once every 5 seconds. This requires the final rank of Tidal Waves.",36,0,0,32,0,0,12,27
Shaman,Restoration,Talent,"Improved Healing Wave",16182,"Increases the healing done by Healing Wave by 6% and critical strike chance by 3%.",10,0,0,0,0,0,0,0
Shaman,Restoration,Talent,"Improved Reincarnation",16184,"Reduces the cooldown of your Reincarnation spell by 15 min and increases the amount of health and mana recovered when reincarnating by an additional 20%.",12,0,0,0,0,0,0,0
Shaman,Restoration,Talent,"Improved Water Shield",16180,"Your Nature critical heals have a 30% and normal heals a 15% chance to restore mana as if you consumed a Water Shield Orb. This chance is doubled with Healing Wave.",16,0,0,0,0,0,3,6
Shaman,Restoration,Talent,"Natural Focus",16181,"Increases your critical strike chance by 2%.    Reduces the pushback suffered from damaging attacks while casting by 70%.",12,0,0,0,0,0,0,0
Shaman,Restoration,Talent,"Nature's Blessing",30867,"Increases your healing power by an amount equal to 12% of your Intellect.",24,0,0,0,0,0,6,15
Shaman,Restoration,Talent,"Nature's Guardian",30881,"Increases your haste by 3%.     Capstone Bonus: Whenever a damaging non-periodic attack brings you below 30% health you are healed for a small amount (increased by healing power) and your next Nature spell is guaranteed to critically strike. Has a 30 second cooldown.",30,0,0,0,0,0,9,21
Shaman,Restoration,Talent,"Purification",16178,"Increases the amount healed by your spells by 10%.    The healing increase does not stack with Spiritual Healing, Gift of Nature or Answered Prayers. Only the highest increase applies.",24,0,0,0,0,0,6,15
Shaman,Restoration,Talent,"Restorative Totems",16187,"Increases the effect of your Mana Spring Totem by 20%, and increases the amount healed by your Healing Stream Totem by 45%.",18,0,0,0,0,0,3,9
Shaman,Restoration,Talent,"Tidal Focus",16179,"Reduces the mana cost of your Shaman healing spells by 12%.",12,0,0,0,0,0,0,0
Shaman,Restoration,Talent,"Tidal Mastery",16194,"Increases the critical effect chance of your Shaman healing spells, Lightning Bolt and Chain Lightning by 3% and reduces the cooldown of your Tidal Force by 18 seconds.  Capstone Bonus: Healing Wave and Riptide direct criticals add 2 seconds, Lesser Healing Wave 1 second and Chain Heal criticals 0.5 sec to the duration of Tidal Force.",18,0,0,0,0,0,3,9
Shaman,Restoration,Talent,"Tidal Waves",51562,"Your Chain Heals and Riptides have a 100% chance to grant you Tidal Waves. reducing the cast time of your Healing Waves by 10% per charge and increases the critical effect chance of your Lesser Healing Waves by 10% per charge. Chain Heal grants three charges and Riptide grants two.   Your Healing Wave and Lesser Healing Wave spells gains an additional 12% of your bonus healing effects.",40,0,0,0,0,0,12,30
Shaman,Restoration,Talent,"Totemic Focus",16173,"Reduces the mana cost of your totems by 50% and for every totem active, you gain 1 Haste and Critical Strike Rating.  This effect can stack up to 4 times and is increased per totem active.",10,0,0,0,0,0,0,0
Warlock,Affliction,Ability,"Corruption",172,"Corrupts the target, causing 28 Shadow damage over 12 sec.",1,0,0,0,0,0,0,0
Warlock,Affliction,Ability,"Curse of Agony",980,"Curses the target with agony, causing 36 Shadow damage over 24 sec.  This damage is dealt slowly at first, and builds up as the Curse reaches its full duration. Only one Curse per Warlock can be active on any one target.",1,0,0,0,0,0,0,0
Warlock,Affliction,Ability,"Curse of Doom",603,"Curses the target with impending doom, causing 1518 Shadow damage after 1 min. If the target yields experience or honor when it dies from this damage, a Doomguard will be summoned.      Cannot be cast on players.",40,0,0,30,38,0,0,0
Warlock,Affliction,Ability,"Curse of Exhaustion",18223,"Reduces the target's movement speed by 30% for 12 sec.",22,0,0,32,20,0,6,12
Warlock,Affliction,Ability,"Curse of the Elements",1490,"Curses the target for 5 min, reducing Arcane, Fire, Frost, Nature, and Shadow resistances by 45 and increasing magic damage taken by 8%.   Does not stack with other similar effects.",32,0,0,40,30,0,0,0
Warlock,Affliction,Ability,"Curse of Tongues",1714,"Forces the target to speak in Demonic, increasing the casting time of all spells by 25%. Lasts 30 sec.    Lasts 12 seconds on players.   Does not stack with other similar effects.",26,0,0,23,24,0,0,0
Warlock,Affliction,Ability,"Curse of Weakness",702,"Target's attack power is reduced by 21 and armor is reduced by 5% for 2 min. Only one Curse per Warlock can be active on any one target.  Does not stack with other similar effects.",1,0,0,0,2,0,0,0
Warlock,Affliction,Ability,"Dark Pact",18220,"Drains 221 of your summoned demon's mana, returning 100% to you.",30,0,0,26,28,0,9,21
Warlock,Affliction,Ability,"Death Coil",6789,"Causes the enemy target to run in horror for 3 sec and causes 244 Shadow damage. The caster gains 300% of the damage caused in health.",40,0,0,40,38,0,0,0
Warlock,Affliction,Ability,"Drain Life",689,"Transfers 10 health every 1 sec from the target to the caster.  Lasts 5 sec.",14,0,0,4,12,0,0,0
Warlock,Affliction,Ability,"Drain Mana",5138,"Transfers 3% of target's maximum mana every 1 sec from the target to the caster (up to a maximum of 6% of the caster's maximum mana every 1 sec).  Lasts 5 sec.",24,0,0,21,22,0,0,0
Warlock,Affliction,Ability,"Drain Soul",1120,"Drains the soul of the target dealing 55 Shadow damage over 15 sec. Deals Four times damage to targets at or below 25% health.    If the target dies while being drained, and yields experience or honor, the caster gains a Soul Shard.  Each time the Drain Soul damages the target, it also has a chance to generate a Soul Shard.  Soul Shards are required for other spells.    Deals three times damage to players.",10,0,0,2,8,0,0,0
Warlock,Affliction,Ability,"Fear",5782,"Strikes fear in the enemy, causing it to run in fear for up to 10 sec. (6 seconds on players). Damage caused may interrupt the effect. Only 1 target can be feared at a time.",10,0,0,9,6,0,0,0
Warlock,Affliction,Ability,"Haunt",48181,"You send a ghostly soul into the target, dealing 212 to 250 Shadow damage and increasing all damage done by your Shadow damage-over-time effects on the target by 20% for 12 sec.    When the Haunt spell ends or is dispelled, the soul returns to you, healing you for 100% of the damage. (up to 20% of your Maximum Health).",40,0,0,0,38,0,15,30
Warlock,Affliction,Ability,"Howl of Terror",5484,"Howl, causing 5 enemies within 10 yds to flee in terror for 6 sec. Damage caused may interrupt the effect.",30,0,0,40,28,0,0,0
Warlock,Affliction,Ability,"Life Tap",1454,"Converts 15 health into 15 mana.  Spell power increases the amount of mana returned.",1,0,0,4,2,0,0,0
Warlock,Affliction,Ability,"Seed of Corruption",27243,"Imbeds a demon seed in the enemy target, causing 480 Shadow damage over 18 sec.  When the target takes 0 total damage or dies, the seed will inflict 571 to 655 Shadow damage to all enemies within 15 yards of the target.",40,0,0,11,38,0,0,0
Warlock,Affliction,Ability,"Soul Swap",954614,"You copy your damage-over-time effects from the target, preserving their power and duration.  For 5 sec afterwards, the next target you cast Soul Swap: Exhale on will be afflicted by the copied damage-over-time effects.  You cannot Soul Swap to the same target.",28,0,0,40,26,0,0,0
Warlock,Affliction,Ability,"Unstable Affliction",30108,"Shadow energy slowly destroys the target, causing 550 damage over 15 sec.  In addition, if the Unstable Affliction is dispelled it will cause 990 damage to the dispeller and silence them for 5 sec. This spell benefits from haste.",36,0,0,0,34,0,12,27
Warlock,Affliction,Talent,"Amplify Curse",18288,"Reduces the global cooldown of your Curses by 0.5 sec.",16,0,0,0,0,0,3,6
Warlock,Affliction,Talent,"Contagion",30060,"Increases the damage of Curse of Agony, Corruption and Seed of Corruption by 6% and reduces the chance your helpful Affliction spells and damage over time effects  will be dispelled by an additional 30%.",15,0,0,0,0,0,9,21
Warlock,Affliction,Talent,"Death's Embrace",47198,"Increases the amount drained by your Drain Life by 30% while your health is at or below 20% health.    Increases the damage done by your spells and abilities by 12% when your target is at or below 35% health.",36,0,0,0,0,0,12,27
Warlock,Affliction,Talent,"Empowered Corruption",32381,"Increases the spell damage scaling of Corruption by 30%.",15,0,0,0,0,0,3,9
Warlock,Affliction,Talent,"Eradication",47195,"When you deal damage with Corruption, you have 15% chance to increase your haste by 20% for 10 sec.",15,0,0,0,0,0,9,21
Warlock,Affliction,Talent,"Everlasting Affliction",47201,"Increases the spell damage scaling of your Corruption and Unstable Affliction by 25%.    Direct shadow damage has a 100% chance to reset the duration of your Corruption spell on the target.",20,0,0,0,0,0,12,30
Warlock,Affliction,Talent,"Fel Concentration",17783,"Increases haste by 2%.    Reduces the pushback suffered from damaging attacks while casting by 70%    Capstone Bonus: Your periodic magic damage heals you for 20% of the damage done while casting any damaging spell. (This heal cannot exceed 5% of your maximum health)",16,0,0,0,0,0,3,6
Warlock,Affliction,Talent,"Grim Reach",18218,"Increases the range of your damaging spells with a channeling or cast time by 6 yards.     This does not stack with other similar effects.  Capstone Bonus: Dealing periodic Shadow damage to an enemy within melee range has a 33% chance to trigger a Grim Strike, dealing Shadow damage and reducing the target's melee attack power by 2 for 30 sec. Does not stack with other similar effects. This effect can only occur once every 15 sec.",18,0,0,0,0,0,3,9
Warlock,Affliction,Talent,"Improved Corruption",17810,"Increases the damage done by your Corruption by 9%.    Increases the critical strike chance of your Seed of Corruption by 3%.",10,0,0,0,0,0,0,0
Warlock,Affliction,Talent,"Improved Curse of Agony",18827,"Increases the damage done by your Curse of Agony by 10%.",10,0,0,0,0,0,0,0
Warlock,Affliction,Talent,"Improved Curse of Weakness",18179,"Increases the amount of attack power reduced by your Curse of Weakness by 20%.",12,0,0,0,0,0,0,0
Warlock,Affliction,Talent,"Improved Drain Soul",18213,"Returns 25% of your maximum mana if the target is killed by you while you drain its soul. The target must grant experience or honor.    Your Affliction spells generate 20% less threat.",12,0,0,0,0,0,0,0
Warlock,Affliction,Talent,"Improved Fear",53754,"Your Fear inflicts a Nightmare on the target when the fear effect ends. The Nightmare effect reduces the target's movement speed by 30% for 2 sec.",16,0,0,0,0,0,3,6
Warlock,Affliction,Talent,"Improved Felhunter",54037,"Your Felhunter regains 8% of its maximum mana each time it hits with its Shadow Bite ability and the cooldown on that ability is reduced by 4 sec.     In addition, the effect of your Felhunter's Fel Intelligence is increased by 10%.",24,0,0,0,0,0,6,15
Warlock,Affliction,Talent,"Improved Howl of Terror",30054,"Reduces the cast time of Howl of Terror by 1.5 sec.",34,0,0,0,0,0,9,24
Warlock,Affliction,Talent,"Improved Life Tap",18182,"Increases the effect of Life Tap by 20%.",12,0,0,0,0,0,0,0
Warlock,Affliction,Talent,"Malediction",32477,"Increases all damage done by 3%.    Increases the periodic critical strike chance of your Corruption and Unstable Affliction spells by 9%.",34,0,0,0,0,0,9,24
Warlock,Affliction,Talent,"Nightfall",18094,"Your shadow damage over time effects have a 8% chance for your next Shadow Bolt or Seed of Corruption spell becomes an instant cast and consumes 25% less mana.    This effect can only occur once every 5 sec.",10,0,0,0,0,0,3,9
Warlock,Affliction,Talent,"Pandemic",58435,"Grants the periodic damage from your Corruption and Unstable Affliction spells the ability to critically hit.    Increases the damage of your Corruption, Unstable Affliction and Haunt by 10%.",10,0,0,0,0,0,12,27
Warlock,Affliction,Talent,"Shadow Embrace",32385,"Direct damaging Shadow spells and abilities, Drain Life and Drain Soul apply Shadow Embrace, increasing all periodic Shadow damage you deal to the target by 5% and reducing all periodic healing and absorbs on the target by 5%. Lasts for 15 sec. Stacks up to 3 times.",10,0,0,0,0,0,6,12
Warlock,Affliction,Talent,"Shadow Mastery",18271,"Increases the damage dealt or life drained by your Shadow spells by 6% and your Felhunter's Shadow Bite ability by 9%.",24,0,0,0,0,0,6,15
Warlock,Affliction,Talent,"Siphon Life",63108,"When you deal damage with your Corruption spell, you are instantly healed for 20% of the damage done.     (Up to 5% of your Maximum Health).    Your Corruption, Seed of Corruption and Unstable Affliction damage over time effects are increased by 5%.",10,0,0,0,0,0,6,12
Warlock,Affliction,Talent,"Soul Siphon",17804,"Increases the amount drained by your Drain Life and Drain Soul spells by an additional 6% for each of your Affliction effects on the target, up to a maximum of 18% additional effect.",12,0,0,0,0,0,0,0
Warlock,Affliction,Talent,"Suppression",18174,"Increases your chance to hit with spells by 3%, and reduces the mana cost of your Affliction spells by 6%.",10,0,0,0,0,0,0,0
Warlock,Demonology,Ability,"Banish",710,"Banishes the enemy target, preventing all action but making it invulnerable for up to 20 sec. Only one target can be banished at a time. Casting Banish on a banished target will cancel the spell. Only works on Demons and Elementals.    Lasts 6 seconds on players.",28,0,0,24,26,0,0,0
Warlock,Demonology,Ability,"Blood Horror",954516,"While channeling, encases yourself in a barrier of blood, making you immune to interrupts, silences and stuns. Any time an enemy within 15 yards deals non-periodic damage to you, you drain their health and cause them to run in horror for 4 sec.",40,0,0,40,38,0,0,0
Warlock,Demonology,Ability,"Create Firestone",6366,"While applied to target weapon it increases damage dealt by spells by 1% and spell critical strike rating by 7. This effect lasts for 2 hours.     You can only benefit from one Warlock weapon enchant at a time.",28,0,0,24,26,0,0,0
Warlock,Demonology,Ability,"Create Healthstone",6201,"Creates a Minor Healthstone that can be used to instantly restore 100 health.  Conjured items disappear if logged out for more than 15 minutes.  This ability is usable while shapeshifted.",10,0,0,8,8,0,0,0
Warlock,Demonology,Ability,"Create Soulstone",693,"Creates a Minor Soulstone. The Soulstone can be used to store one target's soul.  If the target dies while his soul is stored, he will be able to resurrect with 400 health and 700 mana.  Conjured items disappear if logged out for more than 15 minutes.",18,0,0,15,16,0,0,0
Warlock,Demonology,Ability,"Create Spellstone",2362,"While applied to target weapon it increases damage dealt by periodic spells by 2% and spell haste rating by 7. This effect lasts for 2 hours.    You can only benefit from one Warlock weapon enchant at a time.",28,0,0,24,26,0,0,0
Warlock,Demonology,Ability,"Dark Apotheosis",275585,"Your threat generated is significantly increased.    Teaches you Challenging Howl and Demon Claws.    Dark Apotheosis cannot cower behind a shield. Shields cannot be equipped while transformed.      Demon Claws 15 Rage Requires  Dark Apotheosis Strike twice, dealing 8 Physical damage per strike.   Challenging Howl 30 yd range 8 sec cooldown Taunts the target to attack you, but has no effect if the target is already attacking you.    Shares a cooldown with other single target taunt abilities and Distracting Shot. Can only be cast while in Dark Apotheosis.    This spell cannot miss and is automatically learned and unlearned with Dark Apotheosis.",1,0,0,0,0,0,0,0
Warlock,Demonology,Ability,"Demon Skin",687,"Protects the caster, increasing armor by 54, and healing received by 5%.    Does not stack with other similar effects.     Lasts until cancelled.",1,0,0,0,0,0,0,0
Warlock,Demonology,Ability,"Demonic Circle: Summon",48018,"You summon a Demonic Circle at your feet, lasting 6 min. You can only have one Demonic Circle active at a time.",50,0,0,40,48,0,0,0
Warlock,Demonology,Ability,"Demonic Empowerment",47193,"Grants the Warlock's summoned demon Empowerment.  Imp - Increases the Imp's spell critical strike chance by 20% for 30 sec.  Voidwalker - Increases the Voidwalker's health by 20%, and its threat generated from spells and attacks by 20% for 20 sec.  Succubus - Instantly vanishes, causing the Succubus to go into an improved Invisibility state. The vanish effect removes all stuns, snares and movement impairing effects from the Succubus.  Felhunter - Dispels all magical effects from the Felhunter.  Felguard - Increases the Felguard's attack speed by 20% and breaks all stun, snare and movement impairing effects and makes your Felguard immune to them for 15 sec.",30,0,0,26,28,0,9,21
Warlock,Demonology,Ability,"Demonic Leap",954521,"Leap into the air upon demonic wings, moving a short distance. If you reactivate it within 1 sec you will leap again.",30,0,0,40,28,0,0,0
Warlock,Demonology,Ability,"Detect Invisibility",132,"Allows the friendly target to detect lesser invisibility for 10 min.  This ability is usable while shapeshifted.",26,0,0,23,24,0,0,0
Warlock,Demonology,Ability,"Enslave Demon",890,"Teaches you the necessary abilities to Enslave a Demon companion.  Teaches you Enslave Demon, Summon Demon, Dismiss Demon, Revive Demon and Demon Lore.      Enslave Demon Begins enslaving a demon to be your companion.     Your armor is reduced by 100% while you focus on taming the demon for 20 sec.     If you lose the demon's attention for any reason, the enslaving process will fail. Each type of demon has unique abilities that you will be able to make use of.",1,0,0,14,8,0,0,0
Warlock,Demonology,Ability,"Eye of Kilrogg",126,"Summons an Eye of Kilrogg and binds your vision to it. The eye moves quickly but is very fragile.  This ability is usable while shapeshifted.",22,0,0,6,20,0,0,0
Warlock,Demonology,Ability,"Fel Armor",28176,"Surrounds you with fel energy, increasing spell damage by 40 plus 30% of your Spirit.   Restores 2% of your max health every 5 sec.     Only one Armor spell can be active at a time. Lasts until cancelled.",40,0,0,40,38,0,0,0
Warlock,Demonology,Ability,"Fel Domination",18708,"Your next Imp, Voidwalker, Succubus, Felhunter or Felguard Summon spell has its casting time reduced by 5.5 sec and its Mana cost reduced by 50%.",22,0,0,32,20,0,6,12
Warlock,Demonology,Ability,"Health Funnel",755,"Gives 12 health to the caster's pet every second for 10 sec as long as the caster channels.",10,0,0,2,8,0,0,0
Warlock,Demonology,Ability,"Inferno",1122,"Summons a meteor from the Twisting Nether, causing 200 Fire damage and stunning all enemy targets in the area for 2 sec. An Infernal rises from the crater, under the command of the caster for 1 min.",34,0,0,40,32,0,0,0
Warlock,Demonology,Ability,"Metamorphosis",47241,"You transform into a Demon for 30 sec.     This form grants you some unique demon abilities in addition to your normal abilities.     You may only use spells and abilities that deal Fire or Shadow damage(and spells usable while shapeshifted) in this form.    This form increases your armor from cloth and leather by 130%.    Increases your damage by 20%.    Reduces the chance you'll be critically hit by melee attacks by 6% and reduces the duration of stun and snare effects by 50%.",40,0,0,40,38,0,15,30
Warlock,Demonology,Ability,"Reign of Dread",288912,"Surge into the air and scorch all enemies below with 95 to 115 Shadowflame damage over 2 sec.    Can be channeled while moving. While airborne, your movement speed is reduced by 25% and melee attacks against you have 60% increased chance to miss.",20,0,0,20,0,0,0,0
Warlock,Demonology,Ability,"Ritual of Doom",18540,"Begins a ritual that sacrifices a random participant's health to summon a doomguard. Requires the caster and 4 additional party members to complete the ritual. In order to participate, all players must right-click the portal and not move until the ritual is complete.",40,0,0,34,38,0,0,0
Warlock,Demonology,Ability,"Ritual of Souls",29890,"Begins a ritual that creates a Soulwell. Raid members can click the Soulwell to acquire a Major Healthstone. The Soulwell lasts for 3 min or 25 charges.     Requires the caster and 2 additional party members to complete the ritual. In order to participate, all players must right-click the soul portal and not move until the ritual is complete.",34,0,0,30,32,0,0,0
Warlock,Demonology,Ability,"Ritual of Summoning",698,"Begins a ritual that creates a summoning portal. The summoning portal can be used by 2 party or raid members to summon a targeted party or raid member.      The ritual portal requires the caster and 2 additional party or raid members to complete.     In order to participate, all players must be out of combat and right-click the portal and not move until the ritual is complete.     Cannot be used in High-Risk mode",20,0,0,5,18,0,0,0
Warlock,Demonology,Ability,"Shadow Ward",6229,"Absorbs 290 Shadow damage. Lasts 30 sec.  This ability is usable while shapeshifted.",32,0,0,12,30,0,0,0
Warlock,Demonology,Ability,"Soul Harvest",86395,"Increases your magic damage and your pets' damage by 15%. Lasts 6 sec, increased by 3 sec for each target afflicted by your Corruption, Curse of Agony, Immolate, Shadow Word: Pain and Devouring Plague, up to a maximum of 24 sec.   Does not stack with other similar effects.  This ability is usable while shapeshifted.",36,0,0,40,34,0,0,0
Warlock,Demonology,Ability,"Soul Link",19028,"When active, 20% of all damage taken by the caster is taken by your Summoned or Enslaved Demon or your Ghoul summoned through Master of Ghouls. That damage cannot be prevented. Lasts as long as the linked pet is active, controlled and you are within 30 yards of it.",16,0,0,24,14,0,3,6
Warlock,Demonology,Ability,"Soulshatter",29858,"Reduces threat by 50% for all enemies within 50 yards.",32,0,0,28,30,0,0,0
Warlock,Demonology,Ability,"Summon Felguard",30146,"Summons a Felguard under the command of the Warlock.",36,0,0,40,34,0,12,27
Warlock,Demonology,Ability,"Summon Felhunter",691,"Summons a Felhunter under the command of the Warlock.",30,0,0,40,28,0,0,0
Warlock,Demonology,Ability,"Summon Imp",688,"Summons an Imp under the command of the Warlock.",1,0,0,0,0,0,0,0
Warlock,Demonology,Ability,"Summon Succubus",712,"Summons a Succubus under the command of the Warlock.",20,0,0,29,18,0,0,0
Warlock,Demonology,Ability,"Summon Voidwalker",697,"Summons a Voidwalker under the command of the Warlock.",10,0,0,14,8,0,0,0
Warlock,Demonology,Ability,"Summoner's Armor",701521,"Empowers your tamed beast, tamed dragonkin, dominated undead, enslaved demon, summoned demon, wild imp or tethered elemental, increasing their critical strike chance with spells and abilities by 2% and their spell damage done by 3%.  Only one type of Warlock Armor spell can be active at any time.",1,0,0,0,0,0,0,0
Warlock,Demonology,Ability,"Temporary Enslaved Demon",1098,"Enslaves the target demon, up to level 32, forcing it to do your bidding. While enslaved, the time between the demon's attacks is increased by 30% and its casting speed is slowed by 20%. Lasts up to 5 min.",30,0,0,26,28,0,0,0
Warlock,Demonology,Ability,"Unending Breath",5697,"Allows the target to breathe underwater for 30 min.  This ability is usable while shapeshifted.",16,0,0,4,14,0,0,0
Warlock,Demonology,Ability,"Unending Resolve",954512,"Hardens your skin, reducing all damage taken by 30% and preventing your spells from being interrupted or silenced for 6 sec.",40,0,0,40,38,0,0,0
Warlock,Demonology,Talent,"Burning Resolve",901314,"Increases your Parry chance by 3% and Stamina by 3%.",40,0,0,0,0,0,12,30
Warlock,Demonology,Talent,"Decimation",63156,"Dealing direct damage with Fire or Shadow spells to targets below 35% health reduces the cast time of Soul Fire by 40% and increases number of Wild Imps spawned by your Hand of Gul'dan is by 2 for 10 sec.    Soul Fires cast under the effect of Decimation cost no shard.",26,0,0,0,0,0,9,24
Warlock,Demonology,Talent,"Demon Hide",915929,"Increases your maximum health while in Dark Apotheosis by 25%.",12,0,0,0,0,0,0,0
Warlock,Demonology,Talent,"Demonic Aegis",30143,"Increases the effectiveness of your Demon Skin by 30%.    Increases the effectiveness of your Fel Armor by 30%.    Increases the armor contribution from cloth items while in Dark Apotheosis by 200%.",16,0,0,0,0,0,3,6
Warlock,Demonology,Talent,"Demonic Brutality",18705,"Increases the effectiveness of your Voidwalker's Torment, Consume Shadows, Sacrifice and Suffering spells by 30%.    Increases the attack power bonus on your Felguard's Demonic Frenzy effect by 3%.",12,0,0,0,0,0,0,0
Warlock,Demonology,Talent,"Demonic Embrace",18697,"Increases your total Stamina by 6%.",18,0,0,0,0,0,3,9
Warlock,Demonology,Talent,"Demonic Knowledge",35691,"Increases your spell damage by an amount equal to 12% of the total of your active demon's Stamina plus Intellect.",30,0,0,0,0,0,9,21
Warlock,Demonology,Talent,"Demonic Pact",47236,"Increases your spell damage done by 10%.    Your Summoned Demon's spell criticals increase spell power of yourself, party and raid members by 5% of your Spell Damage for 45 sec.    This effect has a 20 sec cooldown. Does not work on Enslaved demons.",40,0,0,0,0,0,12,30
Warlock,Demonology,Talent,"Demonic Resilience",30319,"Reduces the chance you'll be critically hit by melee and spells by 6%.    Reduces all damage your summoned demon and dominated demon takes by 15%.",30,0,0,0,0,0,9,21
Warlock,Demonology,Talent,"Demonic Tactics",30242,"Increases melee and spell critical strike chance for you, your tamed pet, and your Wild Imps by 10%.    Tamed Pet includes Summoned Demon, Enslave Demon, Dominate Undead, Tame Dragonkin, Tether Elemental, Summoned Ghoul, and Tame Beast.",34,0,0,0,0,0,9,24
Warlock,Demonology,Talent,"Fel Synergy",47230,"You have a 100% chance to heal your pet for 15% of the amount of spell damage done by you.",10,0,0,0,0,0,0,0
Warlock,Demonology,Talent,"Fel Vitality",18731,"Increases the Stamina and Intellect of your Imp, Voidwalker, Succubus, Felhunter and Felguard by 30%.    Increases your maximum health and mana by 3%.",12,0,0,0,0,0,0,0
Warlock,Demonology,Talent,"Improved Demon Skin",101465,"Increases the healing received by Demon Skin by 5%.    Increases the armor given by your Demon Skin by 60%.",20,0,0,16,0,0,0,0
Warlock,Demonology,Talent,"Improved Demonic Tactics",54347,"Increases your Wild Imps and tamed pet's critical strike chance equal to 30% of your spell critical strike chance.    Tamed Pet includes Summoned Demon, Enslave Demon, Dominate Undead, Tame Dragonkin, Tether Elemental, Summoned Ghoul, and Tame Beast.",36,0,0,0,0,0,12,27
Warlock,Demonology,Talent,"Improved Health Funnel",18703,"Increases the amount of health transferred by your Health Funnel spell by 20%. and reduces the health cost by 20%.     Your summoned Demon takes 30% less damage while under the effect of your Health Funnel.",12,0,0,0,0,0,0,0
Warlock,Demonology,Talent,"Improved Healthstone",18692,"Increases your stamina by 2%.    Increases the healing you take from healthstones by 20%.",10,0,0,0,0,0,0,0
Warlock,Demonology,Talent,"Improved Imp",18694,"Increases the damage dealt by your Imp and Wild Imps by 30% and the effect of Fire Shield and Blood Pact by 20%.",10,0,0,0,0,0,0,0
Warlock,Demonology,Talent,"Improved Succubus",18754,"Reduces the cast time of your Succubus' Seduction by 66%, and increases the duration of your Succubus' Seduction and Lesser Invisibility spells by 30%.",22,0,0,0,0,0,6,12
Warlock,Demonology,Talent,"Inner Demons",101435,"Increases the healing received by Demon Skin by an additional 10%.    Increases the Stamina benefit of Demonic Embrace by 100%.",20,0,0,30,0,0,0,0
Warlock,Demonology,Talent,"Mana Feed",30326,"When you gain mana from Drain Mana or Life Tap spells, your tamed pet gains 150% of the mana you gain.    Your tamed pet regenerates 6% of its missing mana every 5 sec.    Tamed Pet includes Summoned Demon, Enslave Demon, Dominate Undead, Tame Dragonkin, Tether Elemental, Summoned Ghoul, and Tame Beast.",16,0,0,0,0,0,3,6
Warlock,Demonology,Talent,"Master Conjuror",18767,"Increases the combat ratings gained from your conjured Firestone and Spellstone by 300%.",22,0,0,0,0,0,6,12
Warlock,Demonology,Talent,"Master Demonologist",23785,"Grants both the Warlock and the summoned demon an effect as long as that demon is active.  Imp - Increases your Fire damage by 5%, and increases the critical effect chance of your Fire spells by 5%.  Voidwalker - Reduces Physical damage taken by 10%.  Succubus - Increases your Shadow damage by 5%, and increases the critical effect chance of your Shadow spells by 5%.  Felhunter - Reduces all spell damage taken by 10%.  Felguard - Increases all damage done by 5%, and reduces all damage taken by 5%.  Enslaved Demons - Increases all damage done by 5%, and reduces all damage taken by 5%.",24,0,0,0,0,0,6,15
Warlock,Demonology,Talent,"Master Summoner",18709,"Reduces the casting time of your Imp, Voidwalker, Succubus, Felhunter and Fel Guard Summoning spells by 4 sec and the Mana cost by 40%.    Increases the duration of your Infernal and Doomguard summons by 6 min and your Wild Imps from Hand of Gul'Dan by 5 sec.",18,0,0,0,0,0,3,9
Warlock,Demonology,Talent,"Molten Core",47245,"Increases the duration of your Immolate by 9 sec. Dealing damage with Corruption has a 12% chance to grant you Molten Core.    Molten Core empowers your next 3 spells cast within 15 sec:    Incinerate - Increases damage done by 18% and reduces cast time by 30%.    Soul Fire - Increases damage done by 18% and increases critical strike chance by 15%.",15,0,0,0,0,0,6,15
Warlock,Demonology,Talent,"Nemesis",63117,"Reduces the cooldown of your Demonic Empowerment, Metamorphosis, Inferno, Ritual of Doom, and Fel Domination spells by 30%, and the cooldown of your Demonic Leap by 15 seconds.  Capstone Bonus: While in Metamorphosis, your Hand of Gul'dan can be cast twice within 6 sec before going on cooldown.",36,0,0,0,0,0,12,27
Warlock,Demonology,Talent,"Shadowflame Claws",915932,"While in Dark Apotheosis, your Shadow, Fire, and Physical spells and abilities deal 9% more damage and generate 30% more threat.",30,0,0,0,0,0,9,21
Warlock,Demonology,Talent,"Unholy Power",18769,"Increases the damage done by your Voidwalker, Succubus, Felhunter and Felguard's melee attacks, your Imp's Firebolt and the Firebolt of your Wild Imps by 35%.     Increases the critical strike chance of your Hand of Gul'dan by 15%.",18,0,0,24,0,0,3,9
Warlock,Destruction,Ability,"Burning Rush",954806,"Drains 5% of your maximum health every 2 seconds to increase your movement speed by 50%. This damage does not break crowd control effects.     Allows you to cast Fire spells while moving, and movement-impairing effects may not reduce you below 100% of normal movement speed. Lasts for 6 sec.",40,0,0,40,38,0,0,0
Warlock,Destruction,Ability,"Chaos Bolt",50796,"Sends a bolt of chaotic fire at the enemy, dealing 450 Shadowflame damage. Chaos Bolt cannot be resisted, and pierces through all absorption, deflection, and reflection effects.",40,0,0,0,38,0,15,30
Warlock,Destruction,Ability,"Conflagrate",17962,"Consumes an Immolate or Shadowflame effect on the enemy target to instantly deal damage equal to 60% of your Immolate or Shadowflame, and causes an additional 40% damage over 6 sec. This periodic damage may critically strike.",30,0,0,0,28,0,9,21
Warlock,Destruction,Ability,"Hand of Gul'dan",954611,"Calls down a demonic meteor dealing Shadowflame damage to enemies within 5 yards and summons 4 Wild Imps which burst forth to attack the target for 10 sec.",32,0,0,9,30,0,0,0
Warlock,Destruction,Ability,"Hellfire",1949,"Ignites the area surrounding the caster, causing 83 periodic Fire damage to herself and 83 periodic Fire damage to all nearby enemies every 1 sec. Lasts 15 sec.",30,0,0,8,28,0,0,0
Warlock,Destruction,Ability,"Immolate",348,"Burns the enemy for 8 Fire damage and then an additional 20 Fire damage over 15 sec.",1,0,0,0,0,0,0,0
Warlock,Destruction,Ability,"Incinerate",29722,"Deals 100 to 118 Fire damage to your target and an additional 25 to 30 Fire damage if the target is affected by an Immolate spell.",18,0,0,5,16,0,0,0
Warlock,Destruction,Ability,"Rain of Fire",5740,"Calls down a fiery rain to burn enemies in the area of effect for 480 Fire damage over 8 sec.",20,0,0,5,18,0,0,0
Warlock,Destruction,Ability,"Searing Pain",5676,"Inflict searing pain on the enemy target, causing 30 to 37 Fire damage. Causes a high amount of threat.",16,0,0,4,14,0,0,0
Warlock,Destruction,Ability,"Shadow Bolt",686,"Sends a shadowy bolt at the enemy, causing 16 to 21 Shadow damage.",1,0,0,0,0,0,0,0
Warlock,Destruction,Ability,"Shadowburn",17877,"Instantly blasts the target for 102 Shadowflame damage.     If the target dies within 5 sec of Shadowburn, and yields experience or honor, the caster gains a Soul Shard.",22,0,0,0,20,0,6,12
Warlock,Destruction,Ability,"Shadowflame",47897,"Targets in a cone in front of the caster take 61 to 66 Shadowflame damage and an additional 64 Shadowflame damage over 8 sec.",36,0,0,10,34,0,0,0
Warlock,Destruction,Ability,"Shadowfury",30283,"Shadowfury is unleashed, causing 208 to 245 Shadow damage and stunning all enemies within 8 yds for 3 sec.",36,0,0,40,34,0,12,27
Warlock,Destruction,Ability,"Soul Fire",6353,"Burn the enemy's soul, causing 265 Fire damage.",26,0,0,7,24,0,0,0
Warlock,Destruction,Talent,"Abyssal Insight",17806,"Increases your Spell penetration by 1, scaling with your level.",10,0,0,0,0,0,0,0
Warlock,Destruction,Talent,"Aftermath",18119,"Increases the periodic damage done by your Immolate by 6%.    Your Conflagrate has a 100% chance to daze the target, reducing movement speed by 50% for 5 sec.",10,0,0,0,0,0,0,0
Warlock,Destruction,Talent,"Backdraft",47258,"When you cast Conflagrate, Mind Blast, Shadowfury or Shadowburn, the cast or channel time of  your next 3 Shadow or Fire spells is reduced by 30%. Lasts 15 sec.     Increases the damage of your Shadowburn by 20%.",22,0,0,0,0,0,9,24
Warlock,Destruction,Talent,"Backlash",34935,"Increases your critical strike chance by 3%.    You have a 25% chance when hit by a physical attack to reduce the cast time of your next Shadow Bolt or Incinerate spell by 100%. This effect lasts 12 sec.    Cannot occur more than once every 8 seconds.",15,0,0,0,0,0,6,12
Warlock,Destruction,Talent,"Bane",17788,"Increases the critical strike chance of Shadow Bolt, Chaos Bolt, Immolate, Hand of Gul'dan, Soul Fire and Shadowflame by 6% and reduces the mana cost of these spells by 15%.",10,0,0,0,0,0,0,0
Warlock,Destruction,Talent,"Cataclysm",17778,"Increases the damage of your Rain of Fire, Hellfire, Inferno, Hand of Gul'dan and Shadowfury by 18%.",24,0,0,0,0,0,6,15
Warlock,Destruction,Talent,"Demonic Power",18126,"Reduces the cooldown of your Succubus' Lash of Pain spell by 6 sec.    Reduces the cast time of your Imp's Firebolt and the Firebolt of your Wild Imps by 0.5 sec, and increases their damage by 14%.",15,0,0,0,0,0,3,6
Warlock,Destruction,Talent,"Destructive Reach",17917,"Increases the range of your damaging spells with a channeling or cast time by 6 yards.   This does not stack with other similar effects.  Capstone Bonus: Your spell critical strike chance is increased against enemies further than 20 yards from you by 4%.",18,0,0,0,0,0,3,9
Warlock,Destruction,Talent,"Devastation",18130,"Increases the critical strike chance of your Destruction spells by 5%.",22,0,0,0,0,0,6,12
Warlock,Destruction,Talent,"Emberstorm",17954,"Increases the damage done by your Fire and Shadow spells by 5%.",24,0,0,0,0,0,6,15
Warlock,Destruction,Talent,"Empowered Imp",47220,"Increases the damage done by your Summoned Imp's Firebolt by 30% and critical strike damage bonus by 100%.    Your Imp's Firebolt critical strikes have a 100% chance to increase the spell critical strike chance of your next Warlock Destruction direct spell by 100%. This effect lasts 8 sec.",36,0,0,0,0,0,12,27
Warlock,Destruction,Talent,"Fire and Brimstone",47266,"Increases the damage done by your direct fire spells with a cast time to targets afflicted by your Immolate by 10%.    Increases the critical strike chance of your Conflagrate spell by 25%.",20,0,0,0,0,0,12,30
Warlock,Destruction,Talent,"Improved Immolate",17815,"Increases the damage done by your Immolate spell by 30%.",10,0,0,0,0,0,0,0
Warlock,Destruction,Talent,"Improved Searing Pain",17927,"Increases the critical strike chance of your Searing Pain spell by 10%.",16,0,0,0,0,0,3,6
Warlock,Destruction,Talent,"Improved Shadow Bolt",17793,"Increases the damage done by your Shadow Bolt spell by 15%.    Your Shadow Bolt has a 100% chance to cause your target to be vulnerable to spell damage, increasing spell critical strike chance against that target by 5%. Effect lasts 30 sec.   Does not stack with other similar effects.",10,0,0,0,0,0,0,0
Warlock,Destruction,Talent,"Improved Shadowburn",17931,"Dealing damage with direct Shadow spells or abilities has a 30% chance to make your next Shadowburn not consume a Soul Shard and have 50% reduced cooldown.",22,0,0,0,0,0,6,12
Warlock,Destruction,Talent,"Improved Soul Leech",54117,"Your Soul Leech effect also restores mana to you and your summoned demon equal to 4% of your missing mana, and has a 100% chance to grant Replenishment.    Replenishment Replenishes 1% of maximum mana per 5 sec on up to 10 party members for 15 sec.",34,0,0,0,0,0,9,24
Warlock,Destruction,Talent,"Intensity",18135,"Increases all damage done by 2%.    Reduces spell pushback suffered from damaging attacks by 70%.",12,0,0,0,0,0,0,0
Warlock,Destruction,Talent,"Molten Skin",63349,"When hit by a melee or ranged attack you have a 9% chance of increasing your Fire damage done by 10% for 10 sec.    Reduces all damage taken by your Hellfire by 30%.",18,0,0,0,0,0,3,9
Warlock,Destruction,Talent,"Nether Protection",30299,"Gives you a 30% chance when being hit with a spell or taking periodic spell damage to gain Nether Protection, reducing all damage by that spell school by 10% for 6 sec. This effect can only occur once every 4 sec.",24,0,0,0,0,0,6,15
Warlock,Destruction,Talent,"Pyroclasm",18096,"When you critically strike with Searing Pain, Scorch, or Conflagrate, your Fire and Shadow spell damage is increased by 6% for 10 sec.",30,0,0,0,0,0,9,21
Warlock,Destruction,Talent,"Ruin",17959,"Your spell critical strikes now deal 200% damage.     This does not stack with other similar effects.  Capstone Bonus: Increases your Fire and Shadow damage done by 2%. This effect is quadrupled against targets above 75% health.",16,0,0,0,0,0,3,6
Warlock,Destruction,Talent,"Shadow and Flame",30288,"Increases the spell damage scaling of your Shadow Bolt, Shadowburn, Chaos Bolt, Shadowfury, Soul Fire, Hand of Gul'dan, Incinerate and Shadowflame by 20%.",20,0,0,0,0,0,9,24
Warlock,Destruction,Talent,"Soul Leech",30293,"Your direct Shadow damage and your Soul Fire, Incinerate, Searing Pain and Conflagrate spells have a 30% chance to heal you for 20% of the damage caused.    Returns up to a maximum of 15% of your health.",30,0,0,0,0,0,9,21
Warrior,Arms,Ability,"Avatar",886380,"Transform into an unstoppable colossus for 12 sec, causing you to deal 15% increased Physical damage and take 20% less damage.    While in this state you move at 80% speed which cannot be reduced or increased. You are also immune to immobilizing effects.",40,0,0,40,38,0,0,0
Warrior,Arms,Ability,"Battle Stance",2457,"A balanced combat stance that increases the armor penetration of all of physical attacks by 10%.",1,0,0,0,0,0,0,0
Warrior,Arms,Ability,"Bladestorm",46924,"Instantly Whirlwind up to 4 nearby targets and for the next 6 sec you will perform a whirlwind attack every 1 sec.  While under the effects of Bladestorm, you can move but cannot perform any other abilities but you do not feel pity or remorse or fear and you cannot be stopped unless disarmed or killed.",40,0,0,40,38,0,15,30
Warrior,Arms,Ability,"Charge",100,"Charge an enemy, generate 12 rage, and root it for 1.50 sec.  This ability is usable while shapeshifted.",1,0,0,6,2,0,0,0
Warrior,Arms,Ability,"Colossus Smash",86361,"Smashes a target for 150% weapon damage, which ignores armor, to weaken their defenses, allowing your attacks to bypass 30% of their armor for 6 sec.",30,0,0,26,28,0,0,0
Warrior,Arms,Ability,"Demoralizing Banner",955062,"Throw down a war banner that decreases the armor of all enemies within 30 yards by 20% and their critical strike chance by 10%. Lasts 15 sec. Does not stack with other similar effects.  You can Intervene to your war banner.  This ability can be used while shapeshifted.",32,0,0,40,30,0,0,0
Warrior,Arms,Ability,"Hamstring",1715,"Attack the enemy for 3 damage and maims the enemy, reducing movement speed by 50% for 15 sec. Lasts 10sec vs players.",10,0,0,5,6,0,0,0
Warrior,Arms,Ability,"Heroic Leap",86358,"Leap through the air toward a target location, slamming down with destructive force to deal Physical damage and slow all enemies within 8 yards by 50% for 2 sec. While in the air you are immune to crowd control effects.  Usable while shapeshifted.",30,0,0,40,28,0,0,0
Warrior,Arms,Ability,"Heroic Strike",78,"A strong attack that increases melee damage by 11 and causes a high amount of threat.",1,0,0,0,0,0,0,0
Warrior,Arms,Ability,"Heroic Throw",57755,"Throws your weapon at the enemy causing 18 damage (based on attack power).  This ability causes high threat.",50,0,0,11,48,0,0,0
Warrior,Arms,Ability,"Mocking Blow",694,"A mocking attack, dealing weapon damage, that causes a moderate amount of threat and forces the target to focus attacks on you for 6 sec.",16,0,0,14,14,0,0,0
Warrior,Arms,Ability,"Mortal Strike",12294,"A vicious strike that deals 100% weapon damage plus 55 and wounds the target, reducing the effectiveness of any healing by 50% for 10 sec.   Does not stack with other similar effects.",30,0,0,32,28,0,9,21
Warrior,Arms,Ability,"Overpower",7384,"Instantly overpower the enemy, causing 100% weapon damage. Only usable after the target dodges. The Overpower cannot be blocked, dodged or parried.",10,0,0,1,6,0,0,0
Warrior,Arms,Ability,"Rend",772,"Wounds the target causing them to bleed for 25 damage plus an additional 2 (based on weapon damage) over 15 sec.",1,0,0,0,0,0,0,0
Warrior,Arms,Ability,"Retaliation",20230,"Instantly counterattack any enemy that strikes you in melee for 12 sec.  Melee attacks made from behind cannot be counterattacked.  A maximum of 20 attacks will cause retaliation.",20,0,0,29,18,0,0,0
Warrior,Arms,Ability,"Shattering Throw",64382,"Throws your weapon at the enemy causing 18 damage (based on attack power) and removing any invulnerabilities.     If no invulnerability is removed, you lower the target's armor by 20% for 10 seconds and reduce the cooldown of your next Shattering Throw by 30 seconds.",40,0,0,40,38,0,0,0
Warrior,Arms,Ability,"Skull Banner",954514,"Throw down a war banner at your feet that increases the melee and ranged critical strike chance of party or raid members within 40 yards of the banner by 20%. Lasts 10 sec.  Allies receiving this effect will become Fatigued and unable to benefit from Skull Banner for 3 min.  You can Intervene to your war banner.  This ability is usable while shapeshifted.",40,0,0,40,38,0,0,0
Warrior,Arms,Ability,"Sweeping Strikes",12328,"While active, casting a melee ability that deals damage will cause a Sweeping Strike, dealing 40% weapon damage to 5 nearby enemies, further increased by attack power. Lasts 10 sec.    Can't be active at the same time as Blade Flurry.    This ability is usable while shapeshifted.",22,0,0,32,20,0,6,12
Warrior,Arms,Ability,"Thunder Clap",6343,"Blasts nearby enemies dealing 15 damage and increasing the time between their attacks by 10% for 10 sec. This ability causes additional threat.",1,0,0,0,0,0,0,0
Warrior,Arms,Talent,"Anger Management",12296,"Generates 6 rage per 3 seconds.",10,0,0,0,0,0,3,6
Warrior,Arms,Talent,"Blood Frenzy",29836,"Increases your melee attack speed by 10%.      Rend and Deep Wounds increase all Physical damage caused to that target by 4%.   Does not stack with similar effects.",36,0,0,0,0,0,12,27
Warrior,Arms,Talent,"Deep Wounds",12834,"Your melee critical strikes cause the opponent to bleed, dealing 48% of your melee weapon's average damage over 6 sec.",24,0,0,0,0,0,6,15
Warrior,Arms,Talent,"Deflection",16462,"Increases your Parry chance by 3%.",10,0,0,0,0,0,0,0
Warrior,Arms,Talent,"Impale",16493,"Increases the critical strike damage bonus of your Warrior abilities by 20%.",16,0,0,0,0,0,3,6
Warrior,Arms,Talent,"Improved Charge",12285,"Increases the amount of rage generated by your Charge ability by 10.",10,0,0,0,0,0,0,0
Warrior,Arms,Talent,"Improved Hamstring",12289,"Increases the damage of your Hamstring by 15%.  Capstone Bonus: Your Hamstring ability will immobilize the target for 3 sec. This effect cannot occur more than once every 10 sec.",16,0,0,0,0,0,3,6
Warrior,Arms,Talent,"Improved Heroic Strike",12282,"Increases the damage of your Heroic Strike by 9% and reduces the rage cost by 6.",10,0,0,0,0,0,0,0
Warrior,Arms,Talent,"Improved Mortal Strike",35446,"Increases the damage caused by your Mortal Strike ability by 10%, reduces the cooldown by 2 sec, and increases the healing reduction effect by 10%.",30,0,0,32,0,0,9,24
Warrior,Arms,Talent,"Improved Overpower",12290,"Increases the critical strike chance of your Overpower ability by 50%.",16,0,0,0,0,0,3,6
Warrior,Arms,Talent,"Improved Rend",12286,"Increases the bleed damage done by your Rend ability by 20%.",10,0,0,0,0,0,0,0
Warrior,Arms,Talent,"Improved Slam",12862,"Increases the damage of Slam by 20% and reduces its swing time by 1 sec.",10,0,0,0,0,0,9,21
Warrior,Arms,Talent,"Iron Will",12300,"Reduces the duration of all Stun and Charm effects used against you by 20%.  This does not stack with other Stun reduction effects.",12,0,0,0,0,0,0,0
Warrior,Arms,Talent,"Juggernaut",64976,"Following a Charge or Heroic Leap, you have a 100% chance for your next Slam to critically hit and your next Mortal Strike to apply Rend. (If learned)     Reduces the cooldown of Heroic Leap by 4 sec.",15,0,0,0,0,0,9,24
Warrior,Arms,Talent,"Mace Specialization",12284,"Increases your armor penetration by 30% while a mace is equipped.",22,0,0,0,0,0,6,12
Warrior,Arms,Talent,"Poleaxe Specialization",12700,"Increases your physical critical damage and melee physical critical strike chance while an Axe or Polearm is equipped in your main hand by 5%.",22,0,0,0,0,0,6,12
Warrior,Arms,Talent,"Second Wind",29834,"Whenever you are struck by a Stun or Immobilize effect you will generate 20 rage and 10% of your total health over 10 sec.",30,0,0,0,0,0,9,21
Warrior,Arms,Talent,"Strength of Arms",46865,"Increases your total Strength by 4%, Stamina by 2% and Expertise by 2.    After using Overpower, Slam or Execute your next Mortal Strike causes 10% extra damage and cost 5 less rage. Stacks up to 2 times.",30,0,0,0,0,0,9,21
Warrior,Arms,Talent,"Sudden Death",29723,"Your direct damaging attacks have a chance (greater than previous rank) of allowing the use of Execute regardless of the target's health state.    You keep at least 3 rage after using Execute.",20,0,0,0,0,0,12,27
Warrior,Arms,Talent,"Sword Specialization",12281,"Increases your chance to hit with spells and abilities by 5%.    Gives you a 10% chance to get an extra attack on the same target after hitting your target with your Sword dealing 120% weapon damage.     This damage is increased by 40% while wielding a single Two-Handed Weapon.",20,0,0,0,0,0,6,12
Warrior,Arms,Talent,"Tactical Mastery",12295,"Requires a Single Two-Handed or One-Handed Weapon.  Increases armor contribution from armor by 40% and increases the damage of Devastate by 25%.  Capstone Bonus: Stagger 30% of damage taken from attacks, distributing it over 10 seconds. This staggered damage does not break crowd control effects.  Does not work with Titan's Grip, Touched by the Light, or when Primary Stat is Spirit. Stagger is half as effective against players",12,0,0,0,0,0,0,0
Warrior,Arms,Talent,"Taste for Blood",56636,"Whenever your Rend ability causes damage, you have a 100% chance of allowing the use of your Overpower ability for 9 sec.     This effect will not occur more than once every 6 sec.",10,0,0,0,0,0,3,9
Warrior,Arms,Talent,"Trauma",46854,"Your melee critical strikes increase the effectiveness of Bleed effects on the target by 30% for 1 min.   Does not stack with other similar effects.",24,0,0,0,0,0,6,15
Warrior,Arms,Talent,"Two-Handed Weapon Mastery",29623,"You generate 25% more rage from damage dealt.  This effect is only active while wielding a single Two-Handed Weapon. (Does not work with Titan's Grip.)",36,0,0,0,0,0,12,27
Warrior,Arms,Talent,"Two-Handed Weapon Specialization",12163,"Increases the physical damage you deal with two-handed melee weapons by 6%.",18,0,0,0,0,0,3,9
Warrior,Arms,Talent,"Unrelenting Assault",46859,"Reduces the cooldown of your Overpower and Revenge abilities by 4 sec and increases the damage done by both abilities by 20%.    If you strike a player with Overpower while they are casting, their magical damage and healing will be reduced by 50% for 6 sec.",20,0,0,0,0,0,9,24
Warrior,Arms,Talent,"Weapon Mastery",20504,"Whenever one of your attacks is dodged or blocked you have a 50% chance to gain 2% critical strike chance for 8 sec, stacks up to 3 times.     Reduces the duration of all Disarm effects used against you by 30%.      This does not stack with other Disarm duration reducing effects.",24,0,0,0,0,0,6,15
Warrior,Arms,Talent,"Wrecking Crew",46867,"Your melee critical hits enrage you, increasing all damage caused by 10% for 12 sec.  This effect does not stack with Enrage or trigger Enrage effects.",30,0,0,0,0,0,12,30
Warrior,Fury,Ability,"Battle Shout",6673,"Increases the Strength and Agility of all raid and party members within 30 yards by 2. Lasts 30 min.   Does not stack with other similar effects.  This ability is usable while shapeshifted.",1,0,0,0,0,0,0,0
Warrior,Fury,Ability,"Berserker Rage",18499,"The warrior enters a berserker rage, removing and granting immunity to Fear, Sap and Incapacitate effects and generating extra rage when taking damage.  Lasts 10 sec.  This ability is usable while shapeshifted.",32,0,0,40,30,0,0,0
Warrior,Fury,Ability,"Berserker Stance",2458,"An aggressive stance. Critical hit chance is increased by 3% and all damage taken is increased by 5%.",30,0,0,26,28,0,0,0
Warrior,Fury,Ability,"Bloodbath",954814,"For the next 5 sec, causes your Physical melee abilities to deal 50 bleed damage over 5 sec and reduces the movement speed of the target by 30% for 3 sec.    This ability can be used while shapeshifted.",40,0,0,40,38,0,0,0
Warrior,Fury,Ability,"Bloodthirst",23881,"Instantly attack the target causing 7 damage. Each bleed applied by you increases the damage of Bloodthirst by 8%, up to a maximum of 40%. In addition, the next 3 successful melee attacks will restore 1% of max health. This effect lasts 8 sec. Damage is based on your attack power.  This ability is usable while shapeshifted.",30,0,0,32,28,0,9,21
Warrior,Fury,Ability,"Challenging Shout",1161,"Forces all enemies within 10 yards to focus attacks on you for 6 sec.",26,0,0,7,24,0,0,0
Warrior,Fury,Ability,"Cleave",845,"A sweeping attack that does your weapon damage plus 13 to the target and his nearest ally.",16,0,0,4,14,0,0,0
Warrior,Fury,Ability,"Commanding Shout",469,"Increases maximum health of all party and raid members within 30 yards by 266. Lasts 30 min.   Does not stack with other similar effects.  This ability is usable while shapeshifted.",60,0,0,34,58,0,0,0
Warrior,Fury,Ability,"Death Wish",812292,"When activated you become enraged, increasing your physical damage by 15% but increasing all damage taken by 5%. Lasts 30 sec.  This ability is usable while shapeshifted.",22,0,0,32,20,0,6,12
Warrior,Fury,Ability,"Demoralizing Shout",1160,"Reduces the attack power of all enemies within 10 yards by 35 for 30 sec.   Does not stack with other similar effects.  This ability is usable while shapeshifted.",10,0,0,8,8,0,0,0
Warrior,Fury,Ability,"Enraged Regeneration",55694,"You regenerate 30% of your total health over 10 sec.  This ability requires an Enrage effect, consumes all Enrage effects and prevents any from affecting you for the full duration.",50,0,0,40,48,0,0,0
Warrior,Fury,Ability,"Execute",5308,"Attempt to finish off a wounded foe, causing 65 damage and converting each extra point of rage into 2 additional damage (up to a maximum cost of 30 rage). Only usable on enemies that have less than 20% health.",16,0,0,4,14,0,0,0
Warrior,Fury,Ability,"Heroic Fury",60970,"Removes any movement impairing effects and refreshes the cooldown of your Intercept and Siegebreaker abilities.  This ability is usable while shapeshifted.",36,0,0,40,34,0,12,27
Warrior,Fury,Ability,"Intercept",20252,"Charge an enemy, causing 1 damage (based on attack power) and stunning it for 3 sec.    This ability is usable while shapeshifted.",20,0,0,29,18,0,0,0
Warrior,Fury,Ability,"Intimidating Shout",5246,"The caster shouts, causing up to 5 enemies within 8 yards to cower in fear for 8 seconds. The targeted enemy will be unable to move while cowering.  This ability is usable while shapeshifted.",22,0,0,32,20,0,0,0
Warrior,Fury,Ability,"Piercing Howl",12323,"Causes all enemies within 10 yards to be Dazed, reducing movement speed by 50% for 6 sec.  This ability is usable while shapeshifted.",16,0,0,14,14,0,3,6
Warrior,Fury,Ability,"Pummel",6552,"Pummel the target, interrupting spellcasting and preventing spells of that school from being cast for 4 sec.    This ability shares a cooldown with other interrupts.",30,0,0,40,28,0,0,0
Warrior,Fury,Ability,"Raging Blow",954836,"A mighty blow that deals 125% weapon damage from both melee weapons. Requires a weapon in the mainhand and off-hand to use.  Becoming Enraged enables one use of Raging Blow. You can store up to 2 charges.    Multiple Raging Blow! charges cannot be gained within the same global cooldown. Does not receive a charge from Wrecking Crew.",28,0,0,8,26,0,0,0
Warrior,Fury,Ability,"Rampage",29801,"Increases ranged and melee critical strike chance of all party and raid members within 100 yds by 5%.    Does not stack with other similar effects.",36,0,0,32,34,0,12,27
Warrior,Fury,Ability,"Recklessness",1719,"Your attack speed is increased by 30%, but all damage taken is increased by 10%. Your next 3 non-periodic Warrior abilities have an additional 100% to critically hit, 3 yards extra range and will cause you to charge toward your enemy if not in melee range already. Lasts for 8 sec.    Charges are not consumed versus monsters.    While active, the duration of stun and movement impairing effects on you is reduced by 50%.",34,0,0,40,32,0,0,0
Warrior,Fury,Ability,"Siegebreaker",954876,"Use your full strength to slam the target with your weapon, dealing 150% weapon damage to up to 5 nearby enemies in a conal attack.  If the target is a player, it also knocks them back. Enemies the target collides with are knocked back slightly and take 150% weapon damage.",40,0,0,40,38,0,0,0
Warrior,Fury,Ability,"Single-Minded Fury",988256,"While a one-handed weapon is equipped in both hands, your Mortal Strike, Overpower and Slam deal 5% less damage but will trigger an additional attack with your off-hand weapon.   Cannot be used with daggers.",10,0,0,34,38,0,15,30
Warrior,Fury,Ability,"Slam",1464,"Slams the opponent, causing 100% weapon damage plus 9.",1,0,0,0,0,0,0,0
Warrior,Fury,Ability,"Titan's Grip",46917,"Allows you to wield a Two-Handed Axe, Mace, or Sword in each hand.    Also allows for a weapon or shield to be held in the off-hand while a Staff is equipped.    Physical damage dealt is reduced by 10%.    While a Staff is equipped in your main hand, your Magic damage and healing done are reduced by 0%.",10,0,0,34,38,0,15,30
Warrior,Fury,Ability,"Victory Rush",34428,"Instantly attack the target causing 5 damage.  Can only be used within 20 sec after you kill an enemy that yields experience or honor. Damage is based on your attack power.",1,0,0,1,4,0,0,0
Warrior,Fury,Ability,"Whirlwind",1680,"In a whirlwind of steel you attack up to 4 enemies within 8 yards, causing 100% weapon damag from both melee weapons to each enemy.",14,0,0,4,12,0,0,0
Warrior,Fury,Talent,"Armored to the Teeth",61216,"Increases your melee attack power by 3 for every 150 armor value you have.",10,0,0,0,0,0,0,0
Warrior,Fury,Talent,"Blood Craze",16487,"Regenerates 6% of your total Health over 6 sec after being the victim of a critical strike.",30,0,0,0,0,0,9,21
Warrior,Fury,Talent,"Bloodsurge",46913,"Increases the duration of Bloodbath by 3 sec.     Damaging spells and abilities have a 100% chance of making your next Bloodthirst cost no rage, trigger no cooldown, ignore 50% of the target's armor and refresh Bloodbath on the target.     This effect can only occur once every 6 sec.",20,0,0,32,0,0,9,24
Warrior,Fury,Talent,"Booming Voice",12321,"Increases the duration of your Battle Shout, Demoralizing Shout and Commanding Shout by 50% and increases their area of effect by 50%.     Increases the melee attack power reduction of your Demoralizing Shout by 20%.",10,0,0,0,0,0,0,0
Warrior,Fury,Talent,"Brutal Pummel",32512,"Pummel applies two stacks of Sunder Armor to the target. If used when you are below 35% health, Pummel also Pacifies the target for 1 sec, preventing them from attacking.     Capstone Bonus: Successfully interrupting an enemy with Pummel now also deals 4 damage (increased by attack power).    Sunder Armor Sunders the target's armor, reducing it by 4%. Stacks up to 5 times and lasts for 30 sec. Does not stack with other similar effects.",24,0,0,0,0,0,6,15
Warrior,Fury,Talent,"Commanding Presence",12318,"Battle Shout increases your Strength by 0 and Commanding Shout increases your Stamina by 0 for 1 |4hour:hrs;. These effects scale with your level.",16,0,0,0,0,0,3,6
Warrior,Fury,Talent,"Cruelty",12320,"Increases your melee and ranged critical strike chance by 5%.    Increases your total Strength by 5%.",10,0,0,0,0,0,0,0
Warrior,Fury,Talent,"Dance of Death",954192,"Increases your critical strike chance by 6% when your health is below 75%.    Capstone Bonus: Killing an enemy that grants experience or honor or using Siegebreaker will heal you for 205, increased by attack power and reset your Intercept cooldown.    This effect can only occur once every 5 sec.",22,0,0,0,0,0,6,12
Warrior,Fury,Talent,"Dual Wield Mastery",813715,"Increases your melee attack speed by 10%.    Increases the damage done by your off-hand weapon by 33%.  Does not stack with Dual Wield Specialization",10,0,0,0,0,0,0,0
Warrior,Fury,Talent,"Enrage",12317,"Increases your Physical damage by 10% and haste by 10% for 12 sec after using Bloodrage, Berserker Rage or Recklessness.  Capstone Bonus: This effect also trigger from being struck by a damaging attack while below 50% health. This effect can occur once every 5 seconds.",15,0,0,0,0,0,3,9
Warrior,Fury,Talent,"Fervor",29590,"Increases your hit chance by 3%.     Increases your critical strike chance by 3% while in Berserker Stance.",22,0,0,0,0,0,6,12
Warrior,Fury,Talent,"Furious Attacks",46910,"Your melee attacks have a chance to reduce all healing done to the target by 25% for 10 sec. This can stack up to 2 times. This occurs more often than Furious Attacks (Rank 1).  Does not stack with other similar effects.",20,0,0,0,0,0,9,24
Warrior,Fury,Talent,"Improved Berserker Stance",29759,"Berserker Stance now also increases your damage against targets below 35% health by 9%. This effect is doubled while Enrage is active.  Capstone Bonus: Raging Blow increases the duration of your Recklessness by 1 second.",34,0,0,0,0,0,9,24
Warrior,Fury,Talent,"Improved Cleave",12329,"Increases the bonus damage done by your Cleave ability by 120%.",16,0,0,0,0,0,3,6
Warrior,Fury,Talent,"Improved Execute",20502,"Reduces the rage cost of your Execute ability by 6.",18,0,0,0,0,0,3,9
Warrior,Fury,Talent,"Improved Intercept",29888,"Reduces the cooldown of your Intercept ability by 10 sec.",22,0,0,0,0,0,6,12
Warrior,Fury,Talent,"Improved Victory Rush",12324,"Increases the critical strike chance of your Victory Rush by 60% and gives you a 100% when you parry to allow the use of Victory Rush for 10 sec.     This effect may only occur once every 12 seconds.",12,0,0,0,0,0,0,0
Warrior,Fury,Talent,"Improved Whirlwind",29721,"Increases the damage of your Whirlwind ability by 20%.",16,0,0,0,0,0,3,6
Warrior,Fury,Talent,"Intensify Rage",46908,"Reduces the cooldown of your Bloodrage, Recklessness and Death Wish abilities by 33%.",30,0,0,0,0,0,9,21
Warrior,Fury,Talent,"Raging Berserker",20500,"Using Berserker Rage or Heroic Fury will generate 50 rage. If used while below 50% health, your melee abilities are empowered for 5 sec, causing them to drain life from targets hit.",24,0,0,0,0,0,6,15
Warrior,Fury,Talent,"Sharpened Edges",101434,"Armored to the Teeth now increases attack power for every 108 armor instead of every 150.",20,0,0,30,0,0,0,0
Warrior,Fury,Talent,"Shredding Blows",12319,"Direct melee and ranged critical strikes increase your armor penetration by 24% for your next 3 attacks.",24,0,0,0,0,0,6,15
Warrior,Fury,Talent,"Sidearm Specialization",23584,"Increases your armor penetration by 18% and your hit chance by 3%.  Capstone Bonus: All threat generated is reduced by 30%. This capstone effect does not stack with similar capstone effects",18,0,0,0,0,0,3,9
Warrior,Fury,Talent,"Unbridled Wrath",12322,"Gives you a chance to generate 2 additional rage points when you deal melee damage with a weapon.",10,0,0,0,0,0,0,0
Warrior,Fury,Talent,"Unending Fury",56927,"Increases your damage done by 9%.  Capstone Bonus: While Bloodrage is active Fear effect durations are reduced by 30%.    The all-damage increase does not stack with Enhanced Weapon Mastery, Answered Prayers, Blessed Weapons, Blood Gorged or Blood Presence. Only the highest increase applies.",25,0,0,0,0,0,12,30
Warrior,Protection,Ability,"Bloodrage",2687,"Generates 20 rage at the cost of health, and then generates an additional 10 rage over 10 sec.    This ability is usable while shapeshifted.",10,0,0,8,8,0,0,0
Warrior,Protection,Ability,"Concussion Blow",12809,"Stuns the opponent for 5 sec and deals 5 damage. (based on attack power).     Causes a High amount of threat.",22,0,0,32,20,0,6,12
Warrior,Protection,Ability,"Defensive Stance",71,"Significantly Increases your threat generation.    Increases your armor by 10% and decreases damage taken by 10%.    Your damage and healing done is decreased by 5%.     Teaches you Taunt.",1,0,0,16,8,0,0,0
Warrior,Protection,Ability,"Devastate",20243,"Sunder the target's armor causing the Sunder Armor effect. In addition, causes 120% weapon damage (96% if a two-handed weapon is equipped) plus 4 for each application of Sunder Armor on the target. The Sunder Armor effect can stack up to 5 times.    Sunder Armor Sunders the target's armor, reducing it by 4%. Stacks up to 5 times and lasts for 30 sec. Does not stack with other similar effects.",10,0,0,0,0,0,0,0
Warrior,Protection,Ability,"Disarm",676,"Disarm the enemy, removing their weapons, shields, or other equipment for 6 sec.",16,0,0,23,14,0,0,0
Warrior,Protection,Ability,"Intervene",3411,"Run at high speed towards a party or raid member, intercepting the next melee or ranged attack made against them and taunts up to 3 enemies attacking the target to attack you instead.",30,0,0,40,28,0,0,0
Warrior,Protection,Ability,"Last Stand",12975,"When activated, this ability temporarily grants you 30% of your maximum health for 20 sec.  After the effect expires, the health is lost.    This ability is usable while shapeshifted.",16,0,0,23,14,0,3,6
Warrior,Protection,Ability,"Revenge",6572,"Instantly counterattack an enemy for 88 to 107 damage.  Revenge is only usable after the warrior blocks, dodges or parries an attack.",12,0,0,3,10,0,0,0
Warrior,Protection,Ability,"Shield Bash",72,"Bash the target with your shield dazing them and interrupting spellcasting, which prevents spells of that school from being cast for 6 sec.     This ability shares a cooldown with other interrupts.",12,0,0,17,10,0,0,0
Warrior,Protection,Ability,"Shield Block",2565,"Increases your chance to block and block value by 100% for 10 sec.",1,0,0,4,4,0,0,0
Warrior,Protection,Ability,"Shield Slam",23922,"Slam the target with your shield, causing 294 to 307 damage, modified by your shield block value, and dispels 1 magic effect on the target. Causes a high amount of threat.",40,0,0,11,38,0,0,0
Warrior,Protection,Ability,"Shield Wall",871,"Reduces all damage taken by 60% for 12 sec.",28,0,0,40,26,0,0,0
Warrior,Protection,Ability,"Shockwave",46968,"Sends a wave of force in front of the caster, causing 6 damage (based on attack power) and stunning all enemy targets in a frontal cone for 4 sec.",40,0,0,40,38,0,15,30
Warrior,Protection,Ability,"Spell Reflection",23920,"Raise your shield, reflecting the next spell cast on you. Lasts 5 sec.",50,0,0,40,48,0,0,0
Warrior,Protection,Ability,"Vigilance",50720,"Focus your protective gaze on a group or raid target to reduce their damage taken by 3% and transfer 15% of the threat they cause to you.    Each time they are hit by an attack your Taunt and Growl cooldown is refreshed. Lasts 30 min. This effect can only be on one target at a time.",30,0,0,26,28,0,9,21
Warrior,Protection,Talent,"Anticipation",12297,"Increases your dodge chance by 5%.",12,0,0,0,0,0,0,0
Warrior,Protection,Talent,"Critical Block",47294,"Your successful blocks now further reduce the damage you take from the blocked hit by 25%. This effect does not work against players.     Increases your chance to critically hit with your Shield Slam ability by 10%.  Does not work with Touched by the Light.",36,0,0,0,0,0,12,27
Warrior,Protection,Talent,"Damage Shield",58872,"Whenever you take direct damage from or block a melee attack you cause damage equal to 20% of your block value.",40,0,0,0,0,0,12,30
Warrior,Protection,Talent,"Defensive Mindset",101436,"Leaving Defensive Stance no longer applies the Defensive Mindset debuff.",20,0,0,40,0,0,0,0
Warrior,Protection,Talent,"Firm Grip",12299,"Increases your armor value from your equipped Shield by 30%.    Increases your Stamina by 3%.    Increases your block value by 6%.",16,0,0,0,0,0,3,6
Warrior,Protection,Talent,"Focused Rage",29787,"Reduces the rage cost of your abilities by 3.  Capstone Bonus: You gain 5 Rage every time the target of your Vigilance takes damage. This effect can only occur once every second.|r",30,0,0,0,0,0,9,21
Warrior,Protection,Talent,"Gag Order",12311,"Gives your Shield Bash and Heroic Throw a 100% chance to silence the target for 3 sec.     Increases the damage of your Shield Slam ability by 10%.",22,0,0,0,0,0,6,12
Warrior,Protection,Talent,"Improved Bloodrage",12301,"Increases the rage generated by your Bloodrage ability by 50%.    While in Defensive Stance your Bloodrage reduces your damage taken by 4%.",10,0,0,0,0,0,0,0
Warrior,Protection,Talent,"Improved Defensive Stance",29593,"Reduces the chance you'll be critically hit by melee and spells by 6%.    When you Block, Parry or Dodge an attack you have a 100% chance to become Enraged, increasing Physical damage caused by 6% for 12 sec.",24,0,0,0,0,0,6,15
Warrior,Protection,Talent,"Improved Disarm",12313,"Reduces the cooldown of your Disarm ability by 20 sec and causes the target to take an additional 10% damage while disarmed.",18,0,0,0,0,0,3,9
Warrior,Protection,Talent,"Improved Disciplines",12312,"Reduces the cooldown of your Shield Wall, Retaliation, Avatar, and Recklessness abilities by 60 sec.",22,0,0,0,0,0,6,12
Warrior,Protection,Talent,"Improved Revenge",12797,"Increases damage of your Revenge ability by 30% and causes Revenge to strike an additional 2 target.     After using Revenge your next Devastate within 8 sec will strike an additional target.",12,0,0,0,0,0,3,6
Warrior,Protection,Talent,"Improved Spell Reflection",59088,"Reduces the chance you'll be hit by spells by 4% and when the ability is used it will reflect the first spell cast against the 4 closest party members within 20 yards.",18,0,0,0,0,0,3,9
Warrior,Protection,Talent,"Improved Thunder Clap",12287,"Reduces the cost of your Thunder Clap ability by 12 rage points and increases the damage by 30% and the slowing effect by an additional 10%.",10,0,0,0,0,0,0,0
Warrior,Protection,Talent,"Incite",50685,"Increases the critical strike chance of your Heroic Strike, Thunder Clap and Cleave abilities by 15%.",12,0,0,0,0,0,0,0
Warrior,Protection,Talent,"One-Handed Weapon Specialization",16538,"Increases Physical damage you deal when a one-handed melee weapon is equipped by 10%.",24,0,0,0,0,0,6,15
Warrior,Protection,Talent,"Puncture",12308,"Reduces the rage cost of your Devastate ability by 3.    Your attacks ignore an additional 12% of your target's armor.",18,0,0,0,0,0,3,9
Warrior,Protection,Talent,"Resolve",29140,"Increases your Strength by 6%, Stamina by 9% and your Expertise by 6.",34,0,0,0,0,0,9,24
Warrior,Protection,Talent,"Safeguard",46945,"Reduces damage taken by the target of your Intervene ability by 30% for 6 sec.",34,0,0,0,0,0,9,24
Warrior,Protection,Talent,"Shield Mastery",29598,"Increases your block value by 30% and reduces the cooldown of your Shield Block ability by 20 sec.",16,0,0,0,0,0,3,6
Warrior,Protection,Talent,"Shield Specialization",12298,"Increases your chance to block attacks with a shield by 10%.    You have a 100% chance to generate 5 rage when a block, dodge, or parry occurs.",10,0,0,0,0,0,0,0
Warrior,Protection,Talent,"Sword and Board",46951,"Increases the critical strike chance of Devastate by 15%.    Casting an ability that costs rage has a 30% chance to reset the cooldown of Shield Slam, make it cost no rage and increase its damage by 10%.",40,0,0,0,0,0,12,30
Warrior,Protection,Talent,"Thunderstruck",954195,"Increases the damage of Shockwave and Thunder Clap by 36%.",15,0,0,0,0,0,12,30
Warrior,Protection,Talent,"Warbringer",57499,"Your Charge, Intercept, and Intervene abilities have a 100% chance to remove all slowing effects when used.",20,0,0,0,0,0,12,27